-- phpMyAdmin SQL Dump
-- version 3.4.10.1deb1
-- http://www.phpmyadmin.net
--
-- Host: localhost
-- Generation Time: Jun 18, 2012 at 08:29 PM
-- Server version: 5.5.24
-- PHP Version: 5.4.4-1~precise+1

SET SQL_MODE="NO_AUTO_VALUE_ON_ZERO";
SET time_zone = "+00:00";


/*!40101 SET @OLD_CHARACTER_SET_CLIENT=@@CHARACTER_SET_CLIENT */;
/*!40101 SET @OLD_CHARACTER_SET_RESULTS=@@CHARACTER_SET_RESULTS */;
/*!40101 SET @OLD_COLLATION_CONNECTION=@@COLLATION_CONNECTION */;
/*!40101 SET NAMES utf8 */;

--
-- Database: `masgau_gamesave`
--

-- --------------------------------------------------------

--
-- Table structure for table `games`
--

CREATE TABLE IF NOT EXISTS `games` (
  `name` varchar(50) NOT NULL,
  `title` longtext NOT NULL,
  `type` enum('Game','Mod','Expansion','System') NOT NULL DEFAULT 'Game',
  `parent` varchar(50) DEFAULT NULL,
  `deprecated` tinyint(1) NOT NULL,
  `comment` longtext,
  PRIMARY KEY (`name`),
  KEY `parent` (`parent`)
) ENGINE=InnoDB DEFAULT CHARSET=utf8;

--
-- Dumping data for table `games`
--

INSERT INTO `games` (`name`, `title`, `type`, `parent`, `deprecated`, `comment`) VALUES
('18WheelsOfSteelExtremeTrucker', '18 Wheels of Steel: Extreme Trucker', 'Game', NULL, 0, NULL),
('25ToLife', '25 to Life', 'Game', NULL, 0, NULL),
('4x4Hummer', '4x4 Hummer', 'Game', NULL, 0, NULL),
('7554', '7554', 'Game', NULL, 0, NULL),
('AaaaaAAaaaAAAaaAAAAaAAAAA', 'AaaaaAAaaaAAAaaAAAAaAAAAA!!!', 'Game', NULL, 0, NULL),
('AdventRising', 'Advent Rising', 'Game', NULL, 0, NULL),
('AfterfallInsanity', 'Afterfall: Insanity', 'Game', NULL, 0, NULL),
('AgeOfEmpires2', 'Age of Empires II', 'Game', NULL, 0, NULL),
('AgeOfEmpires3', 'Age of Empires III', 'Game', NULL, 0, NULL),
('AgeOfMythology', 'Age of Mythology', 'Game', NULL, 0, NULL),
('AgeOfMythologyTheTitansExpansion', 'Age of Mythology: The Titans Expansion', 'Expansion', NULL, 0, NULL),
('AgeOfWonders', 'Age of Wonders', 'Game', NULL, 0, NULL),
('AIMRacing', 'A.I.M. Racing', 'Game', NULL, 0, NULL),
('AlanWake', 'Alan Wake', 'Game', NULL, 0, NULL),
('AlanWakeAmericanNightmare', 'Alan Wake American Nightmare', 'Game', NULL, 0, NULL),
('AlanWakesAmericanNightmare', 'Alan Wake''s American Nightmare', 'Game', NULL, 0, NULL),
('Alice', 'American McGee''s Alice', 'Game', NULL, 0, NULL),
('AliceMadnessReturns', 'Alice: Madness Returns', 'Game', NULL, 0, NULL),
('AlienBreed2Assault', 'Alien Breed 2: Assault', 'Game', NULL, 0, NULL),
('AlienBreed3Descent', 'Alien Breed 3: Descent', 'Game', NULL, 0, NULL),
('AlienBreedImpact', 'Alien Breed: Impact', 'Game', NULL, 0, NULL),
('AlienShooter2Reloaded', 'Alien Shooter 2: Reloaded', 'Game', NULL, 0, NULL),
('AlienShooterVengeance', 'Alien Shooter: Vengeance', 'Game', NULL, 0, NULL),
('AliensVsPredator2', 'Aliens vs. Predator 2', 'Game', NULL, 0, NULL),
('AliensVsPredator2010', 'Aliens vs. Predator (2010)', 'Game', NULL, 0, NULL),
('AliensVsPredator2PrimalHunt', 'Aliens vs. Predator 2: Primal Hunt', 'Expansion', NULL, 0, NULL),
('AlienSwarm', 'Alien Swarm', 'Game', NULL, 0, NULL),
('AloneInTheDark', 'Alone in the Dark', 'Game', NULL, 0, NULL),
('AloneInTheDark2', 'Alone in the Dark 2', 'Game', NULL, 0, NULL),
('AloneInTheDark3', 'Alone in the Dark 3', 'Game', NULL, 0, NULL),
('AloneInTheDarkTheNewNightmare', 'Alone in the Dark: The New Nightmare', 'Game', NULL, 0, NULL),
('AlphaCentauri', 'Sid Meier''s Alpha Centauri', 'Game', NULL, 0, NULL),
('AlphaProtocol', 'Alpha Protocol', 'Game', NULL, 0, NULL),
('AlterEcho', 'Alter Echo', 'Game', NULL, 0, NULL),
('AlternativA', 'AlternativA', 'Game', NULL, 0, NULL),
('Altitude', 'Altitude', 'Game', NULL, 0, NULL),
('AmerzoneTheExplorersLegacy', 'Amerzone: The Explorer''s Legacy', 'Game', NULL, 0, NULL),
('AmnesiaTheDarkDescent', 'Amnesia: The Dark Descent', 'Game', NULL, 0, NULL),
('Anachronox', 'Anachronox', 'Game', NULL, 0, NULL),
('AngelsOnline', 'Angels Online', 'Game', NULL, 0, NULL),
('AngryBirdsSpace', 'Angry Birds Space', 'Game', NULL, 0, NULL),
('Anno1404', 'Anno 1404', 'Game', NULL, 0, NULL),
('AnomalyWarzoneEarth', 'Anomaly: Warzone Earth', 'Game', NULL, 0, NULL),
('APBReloaded', 'APB Reloaded', 'Game', NULL, 0, NULL),
('Aquanox', 'Aquanox', 'Game', NULL, 0, NULL),
('Aquanox2', 'Aquanox 2: Revelation', 'Game', NULL, 0, NULL),
('Aquaria', 'Aquaria', 'Game', NULL, 0, NULL),
('ArcaniaFallOfSetarrif', 'ArcaniA: Fall of Setarrif', 'Game', NULL, 0, NULL),
('ArcaniaGothic4', 'ArcaniA: Gothic 4', 'Game', NULL, 0, NULL),
('ArcanumOfSteamworksAndMagickObscura', 'Arcanum: Of Steamworks and Magick Obscura', 'Game', NULL, 0, NULL),
('ARES', 'A.R.E.S', 'Game', NULL, 0, NULL),
('ArmA2', 'ArmA II', 'Game', NULL, 0, NULL),
('ArmACombatOperations', 'ArmA: Combat Operations', 'Game', NULL, 0, NULL),
('ArmedForcesCorps', 'Armed Forces Corps', 'Game', NULL, 0, NULL),
('ArxFatalis', 'Arx Fatalis', 'Game', NULL, 0, NULL),
('AssassinsCreed', 'Assassin''s Creed', 'Game', NULL, 0, NULL),
('AssassinsCreedBrotherhood', 'Assassin''s Creed: Brotherhood', 'Game', NULL, 0, NULL),
('AssassinsCreedRevelations', 'Assassin''s Creed: Revelations', 'Game', NULL, 0, NULL),
('AtomZombieSmasher', 'Atom Zombie Smasher', 'Game', NULL, 0, NULL),
('Audiosurf', 'Audiosurf', 'Game', NULL, 0, NULL),
('AvadonTheBlackFortress', 'Avadon: The Black Fortress', 'Game', NULL, 0, NULL),
('AvatarTheGame', 'James Cameron''s Avatar: The Game', 'Game', NULL, 0, NULL),
('AvencastRiseOfTheMage', 'Avencast: Rise of the Mage', 'Game', NULL, 0, NULL),
('AxisAndAllies', 'Axis & Allies', 'Game', NULL, 0, NULL),
('BackToTheFutureEpisode1ItsAboutTime', 'Back to the Future: Episode 1: It''s About Time', 'Game', NULL, 0, NULL),
('BackToTheFutureEpisode2GetTannen', 'Back to the Future: Episode 2: Get Tannen!', 'Game', NULL, 0, NULL),
('BackToTheFutureEpisode3CitizenBrown', 'Back to the Future: Episode 3: Citizen Brown', 'Game', NULL, 0, NULL),
('BackToTheFutureEpisode4DoubleVisions', 'Back to the Future: Episode 4: Double Visions', 'Game', NULL, 0, NULL),
('BackToTheFutureEpisode5OUTATIME', 'Back to the Future: Episode 5: OUTATIME', 'Game', NULL, 0, NULL),
('BaldursGate', 'Baldur''s Gate', 'Game', NULL, 0, NULL),
('BaldursGate2', 'Baldur''s Gate II', 'Game', NULL, 0, NULL),
('Ball', 'The Ball', 'Game', NULL, 0, NULL),
('Bastion', 'Bastion', 'Game', NULL, 0, NULL),
('BatmanArkhamAsylum', 'Batman: Arkham Asylum', 'Game', NULL, 0, NULL),
('BatmanArkhamAsylumGOTY', 'Batman: Arkham Asylum GOTY', 'Game', NULL, 0, NULL),
('BatmanArkhamCity', 'Batman: Arkham City', 'Game', NULL, 0, NULL),
('BattleArmorDivision', 'B.A.D - Battle Armor Division', 'Game', NULL, 0, NULL),
('Battlefield3', 'Battlefield 3', 'Game', NULL, 0, NULL),
('BattlefieldBadcompany', 'Battlefield: Bad Company', 'Game', NULL, 0, NULL),
('BattlefieldBadCompany2', 'Battlefield: Bad Company 2', 'Game', NULL, 0, NULL),
('BattleForMiddleEarth2', 'The Battle For Middle Earth II', 'Game', NULL, 0, NULL),
('BattleForWesnoth', 'Battle For Wesnoth', 'Game', NULL, 0, NULL),
('BattleLA', 'Battle: Los Angeles', 'Game', NULL, 0, NULL),
('BeachLife', 'Beach Life', 'Game', NULL, 0, NULL),
('Bejeweled2Deluxe', 'Bejeweled 2 Deluxe', 'Game', NULL, 0, NULL),
('BejeweledDeluxe', 'Bejeweled Deluxe', 'Game', NULL, 0, NULL),
('BeneathASteelSky', 'Beneath a Steel Sky', 'Game', NULL, 0, NULL),
('BenThereDanThat', 'Ben There, Dan That!', 'Game', NULL, 0, NULL),
('BetOnSoldierBloodSport', 'Bet on Soldier: Blood Sport', 'Game', NULL, 0, NULL),
('BeyondGoodAndEvil', 'Beyond Good & Evil', 'Game', NULL, 0, NULL),
('BeyondZork', 'Beyond Zork: The Coconut of Quendor', 'Game', NULL, 0, NULL),
('BionicCommandoRearmed', 'Bionic Commando Rearmed', 'Game', NULL, 0, NULL),
('BioShock', 'BioShock', 'Game', NULL, 0, NULL),
('BioShock2', 'BioShock 2', 'Game', NULL, 0, NULL),
('BlackAndWhite', 'Black And White', 'Game', NULL, 0, NULL),
('BlacklightTangoDown', 'Blacklight: Tango Down', 'Game', NULL, 0, NULL),
('BlackMarket', 'Black Market', 'Game', NULL, 0, NULL),
('BlackMirror2', 'Black Mirror 2', 'Game', NULL, 0, NULL),
('Blackwell1LegacyRemastered', 'Blackwell Episode 1: The Blackwell Legacy (Remastered)', 'Game', NULL, 1, 'Newer release rendered this incompatible'),
('Blackwell2UnboundRemastered', 'Blackwell Episode 2: Blackwell Unbound (Remastered)', 'Game', NULL, 1, 'Newer release rendered this incompatible'),
('Blackwell3ConvergenceRemastered', 'Blackwell Episode 3: Blackwell Convergence (Remastered)', 'Game', NULL, 1, 'Newer release rendered this incompatible'),
('BlackwellConvergence', 'Blackwell Convergence', 'Game', NULL, 0, NULL),
('BlackwellDeception', 'Blackwell Deception', 'Game', NULL, 0, NULL),
('BlackwellLegacy', 'The Blackwell Legacy', 'Game', NULL, 0, NULL),
('BlackwellUnbound', 'Blackwell Unbound', 'Game', NULL, 0, NULL),
('BladeKitten', 'BladeKitten', 'Game', NULL, 0, NULL),
('BladeRunner', 'Blade Runner', 'Game', NULL, 0, NULL),
('Blood2TheChosen', 'Blood II: The Chosen', 'Game', NULL, 0, NULL),
('BloodBowl', 'Blood Bowl', 'Game', NULL, 0, NULL),
('BloodBowlLegendaryEdition', 'Blood Bowl: Legendary Edition', 'Game', NULL, 0, NULL),
('BloodRayne', 'BloodRayne', 'Game', NULL, 0, NULL),
('BloodRayne2', 'BloodRayne 2', 'Game', NULL, 0, NULL),
('BloodStone007', 'Blood Stone 007', 'Game', NULL, 0, NULL),
('BookwormAdventureDeluxe', 'Bookworm Adventures Deluxe', 'Game', NULL, 0, NULL),
('Borderlands', 'Borderlands', 'Game', NULL, 0, NULL),
('Bouncer', 'The Bouncer', 'Game', NULL, 0, NULL),
('Braid', 'Braid', 'Game', NULL, 0, NULL),
('BraveStoryNewTraveler', 'Brave Story: New Traveler', 'Game', NULL, 0, NULL),
('BreathOfDeath7', 'Breath of Death VII: The Beginning', 'Game', NULL, 0, NULL),
('Brink', 'Brink', 'Game', NULL, 0, NULL),
('BrokenSword1', 'Broken Sword: The Shadow of the Templars', 'Game', NULL, 0, NULL),
('BrokenSword2', 'Broken Sword II: The Smoking Mirror', 'Game', NULL, 0, NULL),
('BrokenSword2Remastered', 'Broken Sword II: The Smoking Mirror - Remastered', 'Game', NULL, 0, NULL),
('BrokenSword3TheSleepingDragon', 'Broken Sword: The Sleeping Dragon', 'Game', NULL, 0, NULL),
('BrokenSword4TheAngelOfDeath', 'Broken Sword: The Angel of Death', 'Game', NULL, 0, NULL),
('BrokenSwordDirectorsCut', 'Broken Sword: Shadow of the Templars - The Director''s Cut', 'Game', NULL, 0, NULL),
('BrutalLegend', 'Brütal Legend', 'Game', NULL, 0, NULL),
('Bulletstorm', 'Bulletstorm', 'Game', NULL, 0, NULL),
('BullyScholarshipEdition', 'Bully Scolarship Edition', 'Game', NULL, 0, NULL),
('BurnoutParadise', 'Burnout Paradise', 'Game', NULL, 0, NULL),
('CallOfCthulhuDarkCornersOfTheEarth', 'Call of Cthulhu: Dark Corners of the Earth', 'Game', NULL, 0, NULL),
('CallOfDuty', 'Call of Duty', 'Game', NULL, 0, NULL),
('CallOfDuty2', 'Call of Duty 2', 'Game', NULL, 0, NULL),
('CallOfDuty4ModernWarfare', 'Call of Duty 4: Modern Warfare', 'Game', NULL, 0, NULL),
('CallOfDutyBlackOps', 'Call of Duty: Black Ops', 'Game', NULL, 0, NULL),
('CallOfDutyModernWarfare2', 'Call of Duty: Modern Warfare 2', 'Game', NULL, 0, NULL),
('CallOfDutyModernWarfare3', 'Call of Duty: Modern Warfare 3', 'Game', NULL, 0, NULL),
('CallOfDutyUnitedOffensive', 'Call of Duty: United Offensive', 'Game', NULL, 0, NULL),
('CallOfDutyWorldAtWar', 'Call of Duty: World at War', 'Game', NULL, 0, NULL),
('CallOfJuarezBoundInBlood', 'Call of Juarez: Bound in Blood', 'Game', NULL, 0, NULL),
('CallOfJuarezTheCartel', 'Call of Juarez: The Cartel', 'Game', NULL, 0, NULL),
('Capsized', 'Capsized', 'Game', NULL, 0, NULL),
('CarnivoresCityscape', 'Carnivores: Cityscape', 'Game', NULL, 0, NULL),
('Catan', 'Catan', 'Game', NULL, 0, NULL),
('Ceville', 'Ceville', 'Game', NULL, 0, NULL),
('Chaser', 'Chaser', 'Game', NULL, 0, NULL),
('Chime', 'Chime', 'Game', NULL, 0, NULL),
('Chrome', 'Chrome', 'Game', NULL, 0, NULL),
('ChromeSpecForce', 'Chrome: SpecForce', 'Game', NULL, 0, NULL),
('ChroniclesOfRiddickAssaultOnDarkAthena', 'The Chronicles of Riddick: Assault on Dark Athena', 'Game', NULL, 0, NULL),
('ChroniclesOfRiddickEscapeFromButcherBay', 'The Chronicles of Riddick: Escape From Butcher Bay', 'Game', NULL, 0, NULL),
('ChronoCross', 'Chrono Cross', 'Game', NULL, 0, NULL),
('ChronoTrigger', 'Chrono Trigger', 'Game', NULL, 0, NULL),
('CinematicMod10HL2', 'Cinematic Mod 10 (Half-Life 2 Mod)', 'Mod', NULL, 0, NULL),
('CinematicMod10HL2Ep1', 'Cinematic Mod 10 (Half-Life 2: Episode 1 Mod)', 'Mod', NULL, 0, NULL),
('CinematicMod10HL2Ep2', 'Cinematic Mod 10 (Half-Life 2: Episode 2 Mod)', 'Mod', NULL, 0, NULL),
('CitiesInMotion', 'Cities in Motion', 'Game', NULL, 0, NULL),
('Civilization', 'Sid Meier''s Civilization', 'Game', NULL, 0, NULL),
('Civilization2Gold', 'Sid Meier''s Civilization II: Multiplayer Gold', 'Game', NULL, 0, NULL),
('Civilization2TestOfTime', 'Sid Meier''s Civilization II: Test of Time', 'Game', NULL, 0, NULL),
('Civilization3', 'Sid Meier''s Civilization III', 'Game', NULL, 0, NULL),
('Civilization3Conquests', 'Sid Meier''s Civilization III: Conquests', 'Expansion', NULL, 0, NULL),
('Civilization3PlayTheWorld', 'Sid Meier''s Civilization III: Play The World', 'Expansion', NULL, 0, NULL),
('Civilization4', 'Sid Meier''s Civilization IV', 'Game', NULL, 0, NULL),
('Civilization4BeyondTheSword', 'Sid Meier''s Civilization IV: Beyond the Sword', 'Expansion', NULL, 0, NULL),
('Civilization4Colonization', 'Sid Meier''s Civilization IV: Colonization', 'Game', NULL, 0, NULL),
('Civilization4Warlords', 'Sid Meier''s Civilization IV: Warlords', 'Expansion', NULL, 0, NULL),
('Civilization5', 'Sid Meier''s Civilization V', 'Game', NULL, 0, NULL),
('CivilizationRevolution', 'Sid Meier''s Civilization: Revolution', 'Game', NULL, 0, NULL),
('ClassicCarRacing', 'Classic Car Racing', 'Game', NULL, 0, NULL),
('Clutch', 'Clutch', 'Game', NULL, 0, NULL),
('CodenameGordon', 'Codename: Gordon', 'Game', NULL, 0, NULL),
('Colonization', 'Sid Meier''s Colonization', 'Game', NULL, 0, NULL),
('CommandAndConquer3KanesWrath', 'Command & Conquer 3: Kane''s Wrath', 'Expansion', NULL, 0, NULL),
('CommandAndConquer3TiberiumWars', 'Command & Conquer 3: Tiberium Wars', 'Game', NULL, 0, NULL),
('CommandAndConquer4TiberianTwilight', 'Command & Conquer 4: Tiberian Twilight', 'Game', NULL, 0, NULL),
('CommandAndConquerGeneralsZeroHour', 'Command & Conquer: Generals - Zero Hour', 'Expansion', NULL, 0, NULL),
('CommandAndConquerRedAlert3', 'Command & Conquer: Red Alert 3', 'Game', NULL, 0, NULL),
('CompanyOfHeroes', 'Company of Heroes', 'Game', NULL, 0, NULL),
('CondemnedCriminalOrigins', 'Condemned: Criminal Origins', 'Game', NULL, 0, NULL),
('CorsixTH', 'Corsix: Theme Hospital', 'Game', NULL, 0, NULL),
('CounterStrikeConditionZero', 'Counter-Strike: Condition Zero', 'Game', NULL, 0, NULL),
('CounterStrikeConditionZeroDeletedScenes', 'Counter-Strike: Condition Zero: Deleted Scenes', 'Expansion', NULL, 0, NULL),
('CrayonPhysicsDeluxe', 'Crayon Physics Deluxe', 'Game', NULL, 0, NULL),
('CrisisCoreFinalFantasy7', 'Crisis Core: Final Fantasy VII', 'Game', NULL, 0, NULL),
('Cryostasis', 'Cryostasis', 'Game', NULL, 0, NULL),
('Crysis', 'Crysis', 'Game', NULL, 0, NULL),
('Crysis2', 'Crysis 2', 'Game', NULL, 0, NULL),
('CrysisWarhead', 'Crysis Warhead', 'Game', NULL, 0, NULL),
('CrysisWars', 'Crysis Wars', 'Game', NULL, 0, NULL),
('CrystalsOfArborea', 'Crystals of Arborea', 'Game', NULL, 0, NULL),
('CSIHardEvidence', 'CSI: Hard Evidence', 'Game', NULL, 0, NULL),
('CSINYTheGame', 'CSI: NY The Game', 'Game', NULL, 0, NULL),
('CthulhuSavesTheWorld', 'Cthulhu Saves The World', 'Game', NULL, 0, NULL),
('CursedMountain', 'Cursed Mountain', 'Game', NULL, 0, NULL),
('Cyberstorm', 'Missionforce: Cyberstorm', 'Game', NULL, 0, NULL),
('Cyberstorm2', 'Cyberstorm 2: Corporate Wars', 'Game', NULL, 0, NULL),
('Daikatana', 'Daikatana', 'Game', NULL, 0, NULL),
('DangerousHighSchoolGirlsInTrouble', 'Dangerous High School Girls In Trouble!', 'Game', NULL, 0, NULL),
('DarkCloud', 'Dark Cloud', 'Game', NULL, 0, NULL),
('DarkCloud2', 'Dark Cloud 2', 'Game', NULL, 0, NULL),
('DarkestOfDays', 'Darkest Of Days', 'Game', NULL, 0, NULL),
('DarkFall2LightsOut', 'Dark Fall II: Lights Out', 'Game', NULL, 0, NULL),
('DarkFallTheJournal', 'Dark Fall: The Journal', 'Game', NULL, 0, NULL),
('DarkHorizon', 'Dark Horizon', 'Game', NULL, 0, NULL),
('DarkMessiahMightandMagic', 'Dark Messiah Might and Magic', 'Game', NULL, 0, NULL),
('Darkness', 'The Darkness', 'Game', NULL, 0, NULL),
('Darkness2', 'The Darkness II', 'Game', NULL, 0, NULL),
('DarknessWithin', 'Darkness Within', 'Game', NULL, 0, NULL),
('DarknessWithin2', 'Darkness Within 2', 'Game', NULL, 0, NULL),
('DarkSector', 'Dark Sector', 'Game', NULL, 0, NULL),
('Darksiders', 'Darksiders', 'Game', NULL, 0, NULL),
('Darkspore', 'Darkspore', 'Game', NULL, 0, NULL),
('DarkstarOne', 'Darkstar One', 'Game', NULL, 0, NULL),
('Darkstone', 'Darkstone', 'Game', NULL, 0, NULL),
('DarkVoid', 'Dark Void', 'Game', NULL, 0, NULL),
('Darwinia', 'Darwinia', 'Game', NULL, 0, NULL),
('Daxter', 'Daxter', 'Game', NULL, 0, NULL),
('DeadIsland', 'Dead Island', 'Game', NULL, 0, NULL),
('DeadNation', 'Dead Nation', 'Game', NULL, 0, NULL),
('DeadRising2', 'Dead Rising 2', 'Game', NULL, 0, NULL),
('DeadSpace', 'Dead Space', 'Game', NULL, 0, NULL),
('DeadSpace2', 'Dead Space 2', 'Game', NULL, 0, NULL),
('DearEsther', 'Dear Esther', 'Game', NULL, 0, NULL),
('DeathToSpiesMomentOfTruth', 'Death to Spies: Moment of Truth', 'Game', NULL, 0, NULL),
('DeathTrackResurrection', 'Death Track: Resurrection', 'Game', NULL, 0, NULL),
('DeepBlackReloaded', 'Deep Black Reloaded', 'Game', NULL, 0, NULL),
('DefenseGridTheAwakening', 'Defense Grid: The Awakening', 'Game', NULL, 0, NULL),
('DemonStone', 'Demon Stone', 'Game', NULL, 0, NULL),
('DepthHunter', 'Depth Hunter', 'Game', NULL, 0, NULL),
('Descent', 'Descent', 'Game', NULL, 0, NULL),
('Descent2', 'Descent II', 'Game', NULL, 0, NULL),
('Descent3', 'Descent³', 'Game', NULL, 0, NULL),
('DescentFreeSpaceTheGreatWar', 'Descent: FreeSpace - The Great War', 'Game', NULL, 0, NULL),
('DescentMaximum', 'Descent: Maximum', 'Game', NULL, 0, NULL),
('Desperados', 'Desperados', 'Game', NULL, 0, NULL),
('Desperados2', 'Desperados 2: Cooper''s Revenge', 'Game', NULL, 0, NULL),
('Deus', 'Deus', 'Game', NULL, 0, NULL),
('DeusEx', 'Deus Ex', 'Game', NULL, 0, NULL),
('DeusExHumanRevolution', 'Deus Ex: Human Revolution', 'Game', NULL, 0, NULL),
('DeusExHumanRevolutionTheMissingLink', 'Deus Ex: Human Revolution - The Missing Link', 'Expansion', NULL, 0, NULL),
('DeusExInvisibleWar', 'Deus Ex: Invisible War', 'Game', NULL, 0, NULL),
('DevilMayCry', 'Devil May Cry', 'Game', NULL, 0, NULL),
('DevilMayCry2', 'Devil May Cry 2', 'Game', NULL, 0, NULL),
('DevilMayCry3DantesAwakeningSpecialEdition', 'Devil May Cry 3: Dante''s Awakening: Special Edition', 'Game', NULL, 0, NULL),
('DevilMayCry4', 'Devil May Cry 4', 'Game', NULL, 0, NULL),
('Diablo', 'Diablo', 'Game', NULL, 0, NULL),
('Diablo2', 'Diablo II', 'Game', NULL, 0, NULL),
('DiabloHellfire', 'Diablo: Hellfire', 'Expansion', NULL, 0, NULL),
('DinnerDate', 'Dinner Date', 'Game', NULL, 0, NULL),
('DirgeOfCerberusFinalFantasy7', 'Dirge of Cerberus: Final Fantasy VII', 'Game', NULL, 0, NULL),
('DiRT', 'DiRT', 'Game', NULL, 0, NULL),
('DiRT2', 'DiRT 2', 'Game', NULL, 0, NULL),
('DiRT3', 'DiRT 3', 'Game', NULL, 0, NULL),
('Disciples3', 'Disciples III: Renaissance', 'Game', NULL, 0, NULL),
('Disgaea2CursedMemories', 'Disgaea 2: Cursed Memories', 'Game', NULL, 0, NULL),
('DisgaeaHourOfDarkness', 'Disgaea: Hour of Darkness', 'Game', NULL, 0, NULL),
('DissidiaFinalFantasy', 'Dissidia: Final Fantasy', 'Game', NULL, 0, NULL),
('Divinity2DragonKnightSaga', 'Divinity II: Dragon Knight Saga', 'Game', NULL, 0, NULL),
('DocClockTheToastedSandwichOfTime', 'Doc Clock: The Toasted Sandwich of Time', 'Game', NULL, 0, NULL),
('DontTakeItPersonallyBabeItJustAintYourStory', 'don''t take it personally, babe, it just ain''t your story', 'Game', NULL, 0, NULL),
('Doom', 'Doom', 'Game', NULL, 0, NULL),
('Doom2', 'Doom II', 'Game', NULL, 0, NULL),
('Doom3', 'Doom 3', 'Game', NULL, 0, NULL),
('Downfall', 'Downfall', 'Game', NULL, 0, NULL),
('DragonAge2', 'Dragon Age II', 'Game', NULL, 0, NULL),
('DragonAgeOrigins', 'Dragon Age: Origins', 'Game', NULL, 0, NULL),
('DragonQuest8JourneyOfTheCursedKing', 'Dragon Quest VIII: Journey of the Cursed King', 'Game', NULL, 0, NULL),
('Dragonshard', 'Dragonshard', 'Game', NULL, 0, NULL),
('Dragonsphere', 'Dragonsphere', 'Game', NULL, 0, NULL),
('DreamfallTheLongestJourney', 'Dreamfall: The Longest Journey', 'Game', NULL, 0, NULL),
('Dreamkiller', 'Dreamkiller', 'Game', NULL, 0, NULL),
('Driver3', 'Driv3r', 'Game', NULL, 0, NULL),
('DriverParallelLines', 'Driver: Parallel Lines', 'Game', NULL, 0, NULL),
('DriverSanFrancisco', 'Driver San Francisco', 'Game', NULL, 0, NULL),
('DrugWarsMerchantsOfBrooklyn', 'Drug Wars: Merchants of Brooklyn', 'Game', NULL, 0, NULL),
('DukeNukemForever', 'Duke Nukem Forever', 'Game', NULL, 0, NULL),
('DungeonKeeper', 'Dungeon Keeper', 'Game', NULL, 0, NULL),
('DungeonKeeper2', 'Dungeon Keeper II', 'Game', NULL, 0, NULL),
('DungeonsAndDragonsDaggerdale', 'Dungeons & Dragons: Daggerdale', 'Game', NULL, 0, NULL),
('DungeonSiege3', 'Dungeon Siege III', 'Game', NULL, 0, NULL),
('DungeonsOfDredmor', 'Dungeons of Dredmor', 'Game', NULL, 0, NULL),
('Earth2140', 'Earth 2140', 'Game', NULL, 0, NULL),
('Earth2150', 'Earth 2150', 'Game', NULL, 0, NULL),
('Earth2150LostSouls', 'Earth 2150: Lost Souls', 'Game', NULL, 0, NULL),
('Earth2150TheMoonProject', 'Earth 2150: The Moon Project', 'Game', NULL, 0, NULL),
('Earth2160', 'Earth 2160', 'Game', NULL, 0, NULL),
('EarthwormJim3D', 'Earthworm Jim 3D', 'Game', NULL, 0, NULL),
('Echochrome', 'Echochrome', 'Game', NULL, 0, NULL),
('Eets', 'Eets', 'Game', NULL, 0, NULL),
('ElderScrolls2Daggerfall', 'The Elder Scrolls II: Daggerfall', 'Game', NULL, 0, NULL),
('ElderScrolls3Morrowind', 'The Elder Scrolls III: Morrowind', 'Game', NULL, 0, NULL),
('ElderScrolls4Oblivion', 'The Elder Scrolls IV: Oblivion', 'Game', NULL, 0, NULL),
('ElderScrolls5Skyrim', 'The Elder Scrolls V: Skyrim', 'Game', NULL, 0, NULL),
('Elefunk', 'Elefunk', 'Game', NULL, 0, NULL),
('EliteForcesWWIIIwoJima', 'Elite Forces: WWII Iwo Jima', 'Game', NULL, 0, NULL),
('EmpireEarth', 'Empire Earth', 'Game', NULL, 0, NULL),
('EmpireEarth2', 'Empire Earth II', 'Game', NULL, 0, NULL),
('EmpireEarth2TheArtOfSupremacy', 'Empire Earth II: The Art of Supremacy', 'Expansion', NULL, 0, NULL),
('EmpireEarth3', 'Empire Earth III', 'Game', NULL, 0, NULL),
('EmpireEarthTheArtOfConquest', 'Empire Earth: The Art of Conquest', 'Expansion', NULL, 0, NULL),
('EscapeFromMonkeyIsland', 'Escape From Monkey Island', 'Game', NULL, 0, NULL),
('EschalonBook1', 'Eschalon: Book I', 'Game', NULL, 0, NULL),
('EschalonBook2', 'Eschalon: Book II', 'Game', NULL, 0, NULL),
('EternalSonata', 'Eternal Sonata', 'Game', NULL, 0, NULL),
('Eufloria', 'Eufloria', 'Game', NULL, 0, NULL),
('EverlightOfMagicAndPower', 'Everlight: Of Magic and Power', 'Game', NULL, 0, NULL),
('EvilGenius', 'Evil Genius', 'Game', NULL, 0, NULL),
('Evolva', 'Evolva', 'Game', NULL, 0, NULL),
('ExodusFromTheEarth', 'Exodus from the Earth', 'Game', NULL, 0, NULL),
('Explodemon', 'Explodemon!', 'Game', NULL, 0, NULL),
('EYEDivineCybermancy', 'E.Y.E: Divine Cybermancy', 'Game', NULL, 0, NULL),
('F22Lightning3', 'F-22 Lightning 3', 'Game', NULL, 0, NULL),
('Fable', 'Fable: The Lost Chapters', 'Game', NULL, 0, NULL),
('Fable3', 'Fable III', 'Game', NULL, 0, NULL),
('FaeryLegendsOfAvalon', 'Faery: Legends of Avalon', 'Game', NULL, 0, NULL),
('Fahrenheit', 'Fahrenheit', 'Game', NULL, 0, NULL),
('Fallout', 'Fallout', 'Game', NULL, 0, NULL),
('Fallout2', 'Fallout 2', 'Game', NULL, 0, NULL),
('Fallout3', 'Fallout 3', 'Game', NULL, 0, NULL),
('FalloutNewVegas', 'Fallout: New Vegas', 'Game', NULL, 0, NULL),
('FalloutTactics', 'Fallout Tactics', 'Game', NULL, 0, NULL),
('FarCry', 'Far Cry', 'Game', NULL, 0, NULL),
('FarCry2', 'Far Cry 2', 'Game', NULL, 0, NULL),
('FarmFrenzy', 'Farm Frenzy', 'Game', NULL, 0, NULL),
('FarscapeTheGame', 'Farscape The Game', 'Game', NULL, 0, NULL),
('FEAR2ProjectOrigin', 'F.E.A.R. 2: Project Origin', 'Game', NULL, 0, NULL),
('FEAR3', 'F.3.A.R.', 'Game', NULL, 0, NULL),
('FearCombat', 'F.E.A.R. Combat', 'Game', NULL, 0, NULL),
('FearEffect', 'Fear Effect', 'Game', NULL, 0, NULL),
('FearEffect2', 'Fear Effect 2: Retro Helix', 'Game', NULL, 0, NULL),
('FEARExtractionPoint', 'F.E.A.R.: Extraction Point', 'Expansion', NULL, 0, NULL),
('FEARFirstEncounterAssaultRecon', 'F.E.A.R.: First Encounter Assault Recon', 'Game', NULL, 0, NULL),
('FEARPerseusMandate', 'F.E.A.R.: Perseus Mandate', 'Game', NULL, 0, NULL),
('FeebleFiles', 'The Feeble Files', 'Game', NULL, 0, NULL),
('FIFA11', 'FIFA 11', 'Game', NULL, 0, NULL),
('FinalDoom', 'Final Doom', 'Game', NULL, 0, NULL),
('FinalFantasy', 'Final Fantasy', 'Game', NULL, 0, NULL),
('FinalFantasy10', 'Final Fantasy X', 'Game', NULL, 0, NULL),
('FinalFantasy10-2', 'Final Fantasy X-2', 'Game', NULL, 0, NULL),
('FinalFantasy12', 'Final Fantasy XII', 'Game', NULL, 0, NULL),
('FinalFantasy13', 'Final Fantasy XIII', 'Game', NULL, 0, NULL),
('FinalFantasy13-2', 'Final Fantasy XIII-2', 'Game', NULL, 0, NULL),
('FinalFantasy2', 'Final Fantasy II', 'Game', NULL, 0, NULL),
('FinalFantasy4', 'Final Fantasy IV', 'Game', NULL, 0, NULL),
('FinalFantasy7', 'Final Fantasy VII', 'Game', NULL, 0, NULL),
('FinalFantasy8', 'Final Fantasy VIII', 'Game', NULL, 0, NULL),
('FinalFantasy9', 'Final Fantasy IX', 'Game', NULL, 0, NULL),
('FinalFantasyTactics', 'Final Fantasy Tactics', 'Game', NULL, 0, NULL),
('FinalFantasyTacticsWarOfTheLions', 'Final Fantasy Tactics: War of the Lions', 'Game', NULL, 0, NULL),
('FishTycoon', 'Fish Tycoon', 'Game', NULL, 0, NULL),
('FlatOut', 'FlatOut', 'Game', NULL, 0, NULL),
('FlatOut2', 'FlatOut 2', 'Game', NULL, 0, NULL),
('FlatOutUltimateCarnage', 'FlatOut: Ultimate Carnage', 'Game', NULL, 0, NULL),
('Flesh', 'Flesh (Source Mod)', 'Mod', NULL, 0, NULL),
('FlightControlHD', 'Flight Control HD', 'Game', NULL, 0, NULL),
('Flow', 'Flow', 'Game', NULL, 0, NULL),
('Flower', 'Flower', 'Game', NULL, 0, NULL),
('Folklore', 'Folklore', 'Game', NULL, 0, NULL),
('FreedomForce', 'Freedom Force', 'Game', NULL, 0, NULL),
('FreedomForceVsThe3rdReich', 'Freedom Force vs. The 3rd Reich', 'Game', NULL, 0, NULL),
('Freelancer', 'Freelancer', 'Game', NULL, 0, NULL),
('FreeSpace2', 'FreeSpace 2', 'Game', NULL, 0, NULL),
('Frequency', 'Frequency', 'Game', NULL, 0, NULL),
('Frogger2', 'Frogger 2', 'Game', NULL, 0, NULL),
('FrontlinesFuelOfWar', 'Frontlines: Fuel of War', 'Game', NULL, 0, NULL),
('FrontMissionEvolved', 'Front Mission Evolved', 'Game', NULL, 0, NULL),
('FrozenSynapse', 'Frozen Synapse', 'Game', NULL, 0, NULL),
('fs2_open', 'fs2_open', 'Game', NULL, 0, NULL),
('Fuel', 'Fuel', 'Game', NULL, 0, NULL),
('FullThrottle', 'Full Throttle', 'Game', NULL, 0, NULL),
('GabrielKnight', 'Gabriel Knight: Sins of the Fathers', 'Game', NULL, 0, NULL),
('GabrielKnight3', 'Gabriel Knight 3: Blood of the Sacred, Blood of the Damned', 'Game', NULL, 0, NULL),
('GalacticCivilizations2DarkAvatar', 'Galactic Civilizations II: Dark Avatar', 'Expansion', NULL, 0, NULL),
('GalacticCivilizations2DreadLords', 'Galactic Civilizations II: Dread Lords', 'Game', NULL, 0, NULL),
('GalaxyOnFire2', 'Galaxy on Fire 2', 'Game', NULL, 0, NULL),
('GamesForWindows', 'Games for Windows', 'System', NULL, 0, NULL),
('GarrysMod', 'Garry''s Mod', 'Game', NULL, 0, NULL),
('GarshaspTheMonsterSlayer', 'Garshasp: The Monster Slayer', 'Game', NULL, 0, NULL),
('GearsOfWar', 'Gears of War', 'Game', NULL, 0, NULL),
('GeminiRue', 'Gemini Rue', 'Game', NULL, 0, NULL),
('Ghostbusters', 'Ghostbusters', 'Game', NULL, 0, NULL),
('GhostMaster', 'Ghost Master', 'Game', NULL, 0, NULL),
('GhostRecon', 'Tom Clancy''s Ghost Recon', 'Game', NULL, 0, NULL),
('GhostReconAdvancedWarfighter', 'Tom Clancy''s Ghost Recon: Advanced Warfighter', 'Game', NULL, 0, NULL),
('GhostReconAdvancedWarfighter2', 'Tom Clancy''s Ghost Recon: Advanced Warfighter 2', 'Game', NULL, 0, NULL),
('GhostReconDesertSiege', 'Tom Clancy''s Ghost Recon: Desert Siege', 'Expansion', NULL, 0, NULL),
('GhostReconIslandThunder', 'Tom Clancy''s Ghost Recon: Island Thunder', 'Expansion', NULL, 0, NULL),
('GiantsCitizenKabuto', 'Giants: Citizen Kabuto', 'Game', NULL, 0, NULL),
('Gish', 'Gish', 'Game', NULL, 0, NULL),
('GMRally', 'GM Rally', 'Game', NULL, 0, NULL),
('Gobliins2', 'Gobliins 2', 'Game', NULL, 0, NULL),
('Gobliins2Floppy', 'Gobliins 2 Floppy', 'Game', NULL, 0, NULL),
('GoblinsQuest3', 'Goblins Quest 3', 'Game', NULL, 0, NULL),
('GoblinsQuest3Floppy', 'Goblins Quest 3 Floppy', 'Game', NULL, 0, NULL),
('Godfather', 'The Godfather', 'Game', NULL, 0, NULL),
('GodOfWar', 'God of War', 'Game', NULL, 0, NULL),
('GodOfWar2', 'God of War II', 'Game', NULL, 0, NULL),
('GodOfWarChainsOfOlympus', 'God of War: Chains of Olympus', 'Game', NULL, 0, NULL),
('Gothic3', 'Gothic 3', 'Game', NULL, 0, NULL),
('GrandTheftAuto3', 'Grand Theft Auto 3', 'Game', NULL, 0, NULL),
('GrandTheftAuto4', 'Grand Theft Auto IV', 'Game', NULL, 0, NULL),
('GrandTheftAutoChinatownWars', 'Grand Theft Auto: Chinatown Wars', 'Game', NULL, 0, NULL),
('GrandTheftAutoLibertyCityStories', 'Grand Theft Auto: Liberty City Stories', 'Game', NULL, 0, NULL),
('GrandTheftAutoSanAndreas', 'Grand Theft Auto: San Andreas', 'Game', NULL, 0, NULL),
('GrandTheftAutoViceCity', 'Grand Theft Auto: Vice City', 'Game', NULL, 0, NULL),
('GrandTheftAutoViceCityStories', 'Grand Theft Auto: Vice City Stories', 'Game', NULL, 0, NULL),
('GratuitousSpaceBattles', 'Gratuitous Space Battles', 'Game', NULL, 0, NULL),
('Gravitron2', 'Gravitron 2', 'Game', NULL, 0, NULL),
('GrayMatter', 'Gray Matter', 'Game', NULL, 0, NULL),
('GreedBlackBorder', 'Greed: Black Border', 'Game', NULL, 0, NULL),
('GrimFandango', 'Grim Fandango', 'Game', NULL, 0, NULL),
('GrotesqueTactics2', 'Grotesque Tactics 2: Dungeons and Donuts', 'Game', NULL, 0, NULL),
('GrotesqueTacticsEvilHeroes', 'Grotesque Tactics: Evil Heroes', 'Game', NULL, 0, NULL),
('GTIRacing', 'GTI Racing', 'Game', NULL, 0, NULL),
('GuildWars', 'Guild Wars', 'Game', NULL, 0, NULL),
('GumboyCrazyAdventures', 'Gumboy: Crazy Adventures', 'Game', NULL, 0, NULL),
('GumboyCrazyFeatures', 'Gumboy: Crazy Features', 'Game', NULL, 0, NULL),
('GUN', 'GUN', 'Game', NULL, 0, NULL),
('GunMetal', 'Gun Metal', 'Game', NULL, 0, NULL),
('Gyromancer', 'Gyromancer', 'Game', NULL, 0, NULL),
('HackerEvolution', 'Hacker Evolution', 'Game', NULL, 0, NULL),
('HackerEvolutionDuality', 'Hacker Evolution Duality', 'Game', NULL, 0, NULL),
('HaegemoniaLegionsOfIron', 'Haegemonia: Legions of Iron', 'Game', NULL, 0, NULL),
('HaegemoniaTheSolonHeritage', 'Haegemonia: The Solon Heritage', 'Expansion', NULL, 0, NULL),
('HalfLife', 'Half-Life', 'Game', NULL, 0, NULL),
('HalfLife2', 'Half-Life 2', 'Game', NULL, 0, NULL),
('HalfLife2EpisodeOne', 'Half-Life 2: Episode One', 'Game', NULL, 0, NULL),
('HalfLife2EpisodeTwo', 'Half-Life 2: Episode Two', 'Game', NULL, 0, NULL),
('HalfLife2LostCoast', 'Half-Life 2: Lost Coast', 'Game', NULL, 0, NULL),
('HalfLifeBlueShift', 'Half-Life: Blue Shift', 'Expansion', NULL, 0, NULL),
('HalfLifeOpposingForce', 'Half-Life: Opposing Force', 'Expansion', NULL, 0, NULL),
('HalfLifeSource', 'Half-Life: Source', 'Game', NULL, 0, NULL),
('Halo', 'Halo: Combat Evolved', 'Game', NULL, 0, NULL),
('HardReset', 'Hard Reset', 'Game', NULL, 0, NULL),
('Hardwar', 'Hardwar', 'Game', NULL, 0, NULL),
('HeartsOfIron2', 'Hearts of Iron II', 'Game', NULL, 0, NULL),
('HeartsOfIron2Doomsday', 'Hearts of Iron II: Doomsday', 'Expansion', NULL, 0, NULL),
('HeavenlySword', 'Heavenly Sword', 'Game', NULL, 0, NULL),
('HeavyMetalFAKK2', 'Heavy Metal: FAKK 2', 'Game', NULL, 0, NULL),
('Hellforces', 'Hellforces', 'Game', NULL, 0, NULL),
('HeroesOfMightAndMagic3', 'Heroes of Might and Magic 3: The Restoration of Erathia', 'Game', NULL, 0, NULL),
('Hitman2SilentAssassin', 'Hitman 2: Silent Assassin', 'Game', NULL, 0, NULL),
('HitmanBloodMoney', 'Hitman: Blood Money', 'Game', NULL, 0, NULL),
('HitmanCodename47', 'Hitman: Codename 47', 'Game', NULL, 0, NULL),
('HitmanContracts', 'Hitman: Contracts', 'Game', NULL, 0, NULL),
('Homeworld', 'Homeworld', 'Game', NULL, 0, NULL),
('Homeworld2', 'Homeworld 2', 'Game', NULL, 0, NULL),
('HomeworldCataclysm', 'Homeworld: Cataclysm', 'Expansion', NULL, 0, NULL),
('HuntedTheDemonsForge', 'Hunted: The Demon''s Forge', 'Game', NULL, 0, NULL),
('HydrophobiaProphecy', 'Hydrophobia: Prophecy', 'Game', NULL, 0, NULL),
('IcewindDale', 'Icewind Dale', 'Game', NULL, 0, NULL),
('IcewindDale2', 'Icewind Dale II', 'Game', NULL, 0, NULL),
('Ico', 'Ico', 'Game', NULL, 0, NULL),
('IcyTower15', 'Icy Tower 1.5', 'Game', NULL, 0, NULL),
('IFluid', 'I-Fluid', 'Game', NULL, 0, NULL),
('Incoming', 'Incoming', 'Game', NULL, 0, NULL),
('IncredibleMachine3', 'The Incredible Machine 3', 'Game', NULL, 0, NULL),
('IncredibleMachineEvenMoreContraptions', 'The Incredible Machine: Even More Contraptions', 'Game', NULL, 0, NULL),
('IndependenceWar', 'Independence War', 'Game', NULL, 0, NULL),
('IndependenceWar2', 'Independence War 2: Edge of Chaos', 'Game', NULL, 0, NULL),
('IndependenceWarDefiance', 'Independence War: Defiance', 'Expansion', NULL, 0, NULL),
('IndigoProphecy', 'Indigo Prophecy', 'Game', NULL, 0, NULL),
('inFamous', 'inFamous', 'Game', NULL, 0, NULL),
('Infernal', 'Infernal', 'Game', NULL, 0, NULL),
('InsaniquariumDeluxe', 'Insaniquarium Deluxe', 'Game', NULL, 0, NULL),
('InsecticidePart1', 'Insecticide Part 1', 'Game', NULL, 0, NULL),
('Ishar', 'Ishar: Legend of the Fortress', 'Game', NULL, 0, NULL),
('Ishar2', 'Ishar 2: Messengers of Doom', 'Game', NULL, 0, NULL),
('Ishar3', 'Ishar 3: The Seven Gates of Infinity', 'Game', NULL, 0, NULL),
('JackInTheDark', 'Jack in the Dark', 'Game', NULL, 0, NULL),
('JackKeane', 'Jack Keane', 'Game', NULL, 0, NULL),
('JadeEmpire', 'Jade Empire', 'Game', NULL, 0, NULL),
('Jak2', 'Jak II', 'Game', NULL, 0, NULL),
('Jak3', 'Jak 3', 'Game', NULL, 0, NULL),
('JakAndDaxterPrecursorLegacy', 'Jak and Daxter: The Precursor Legacy', 'Game', NULL, 0, NULL),
('JakXCombatRacing', 'Jak X: Combat Racing', 'Game', NULL, 0, NULL),
('Jamestown', 'Jamestown', 'Game', NULL, 0, NULL),
('JeanneDArc', 'Jeanne D''Arc', 'Game', NULL, 0, NULL),
('Jeopardy', 'Jeopardy!', 'Game', NULL, 0, NULL),
('Jericho', 'Clive Barker''s Jericho', 'Game', NULL, 0, NULL),
('JointTaskForce', 'Joint Task Force', 'Game', NULL, 0, NULL),
('Journey', 'Journey', 'Game', NULL, 0, NULL),
('JudgeDreddDreddVsDeath', 'Judge Dredd: Dredd vs. Death', 'Game', NULL, 0, NULL),
('JurassicParkTheGame', 'Jurassic Park: The Game', 'Game', NULL, 0, NULL),
('JustCause', 'Just Cause', 'Game', NULL, 0, NULL),
('JustCause2', 'Just Cause 2', 'Game', NULL, 0, NULL),
('KaneAndLynch2DogDays', 'Kane & Lynch 2: Dog Days', 'Game', NULL, 0, NULL),
('KaneAndLynchDeadMen', 'Kane & Lynch: Dead Men', 'Game', NULL, 0, NULL),
('KaptainBraweEP1', 'Kaptain Brawe: A Brawe New World', 'Game', NULL, 0, NULL),
('Killer7', 'Killer 7', 'Game', NULL, 0, NULL),
('KingArthur', 'King Arthur: The Role-Playing Wargame', 'Game', NULL, 0, NULL),
('KingArthur2', 'King Arthur II: The Role-Playing Wargame', 'Game', NULL, 0, NULL),
('KingdomHearts', 'Kingdom Hearts', 'Game', NULL, 0, NULL),
('KingdomHearts2', 'Kingdom Hearts II', 'Game', NULL, 0, NULL),
('KingdomHeartsReChainOfMemories', 'Kingdom Hearts: Re: Chain of Memories', 'Game', NULL, 0, NULL),
('KingdomsOfAmalurReckoning', 'Kingdoms of Amalur: Reckoning', 'Game', NULL, 0, NULL),
('KingsBountyTheLegend', 'King''s Bounty: The Legend', 'Game', NULL, 0, NULL),
('KingsQuest', 'King''s Quest', 'Game', NULL, 0, NULL),
('KingsQuest2', 'King''s Quest II: Romancing the Throne', 'Game', NULL, 0, NULL),
('KingsQuest3', 'King''s Quest III: To Heir is Human', 'Game', NULL, 0, NULL),
('KingsQuest4', 'King''s Quest 4: The Perils of Rosella', 'Game', NULL, 0, NULL),
('KingsQuest5', 'King''s Quest 5: Absence Makes the Heart Go Yonder', 'Game', NULL, 0, NULL),
('KingsQuest6', 'King''s Quest 6: Heir Today, Gone Tomorrow', 'Game', NULL, 0, NULL),
('KingsQuest7', 'King''s Quest 7: The Princeless Bride', 'Game', NULL, 0, NULL),
('KingsQuest8', 'King''s Quest: Mask of Eternity', 'Game', NULL, 0, NULL),
('LANoire', 'L.A. Noire', 'Game', NULL, 0, NULL),
('LaraCroftAndTheGuardianOfLight', 'Lara Croft and the Guardian of Light', 'Game', NULL, 0, NULL),
('LastExpress', 'The Last Express', 'Game', NULL, 0, NULL),
('LastRemnant', 'The Last Remnant', 'Game', NULL, 0, NULL),
('Legendary', 'Legendary', 'Game', NULL, 0, NULL),
('LegendsofGrimrock', 'Legends of Grimrock', 'Game', NULL, 0, NULL),
('Lemmings', 'Lemmings', 'Game', NULL, 0, NULL),
('Limbo', 'Limbo', 'Game', NULL, 0, NULL),
('LittleBigAdventure', 'Little Big Adventure', 'Game', NULL, 0, NULL),
('LittleBigAdventure2', 'Little Big Adventure 2', 'Game', NULL, 0, NULL),
('Loki', 'Loki', 'Game', NULL, 0, NULL),
('LoneSurvivor', 'Lone Survivor', 'Game', NULL, 0, NULL),
('LongestJourney', 'The Longest Journey', 'Game', NULL, 0, NULL),
('LordOfTheRingsTheReturnOfTheKing', 'The Lord of the Rings: The Return of the King', 'Game', NULL, 0, NULL),
('LostHorizon', 'Lost Horizon', 'Game', NULL, 0, NULL),
('LostPlanet2', 'Lost Planet 2', 'Game', NULL, 0, NULL),
('LostPlanetColonies', 'Lost Planet: Colonies', 'Game', NULL, 0, NULL),
('LugaruHD', 'Lugaru HD', 'Game', NULL, 0, NULL),
('Lumines', 'Lumines', 'Game', NULL, 0, NULL),
('LuminesSupernova', 'Lumines Supernova', 'Game', NULL, 0, NULL),
('LureOfTheTemptress', 'Lure of the Temptress', 'Game', NULL, 0, NULL),
('Machinarium', 'Machinarium', 'Game', NULL, 0, NULL),
('MadballsBaboInvasion', 'Madballs in.. BaboInvasion', 'Game', NULL, 0, NULL),
('Mafia', 'Mafia', 'Game', NULL, 0, NULL),
('Mafia2', 'Mafia II', 'Game', NULL, 0, NULL),
('Magicka', 'Magicka', 'Game', NULL, 0, NULL),
('Manhunt', 'Manhunt', 'Game', NULL, 0, NULL),
('Manhunt2', 'Manhunt 2', 'Game', NULL, 0, NULL),
('MarkLeungRevengeOfTheBitch', 'Mark Leung: Revenge of the Bitch', 'Game', NULL, 0, NULL),
('MartianMemorandum', 'Martian Memorandum', 'Game', NULL, 0, NULL),
('MASGAUCustomXML', 'MASGAU Custom XML', 'System', NULL, 0, NULL),
('MassEffect', 'Mass Effect', 'Game', NULL, 0, NULL),
('MassEffect2', 'Mass Effect 2', 'Game', NULL, 0, NULL),
('MassEffect3', 'Mass Effect 3', 'Game', NULL, 0, NULL),
('MasterOfMagic', 'Master of Magic', 'Game', NULL, 0, NULL),
('MasterOfOrion', 'Master of Orion', 'Game', NULL, 0, NULL),
('MasterOfOrion2', 'Master of Orion 2: Battle at Antares', 'Game', NULL, 0, NULL),
('MatrixPathOfNeo', 'The Matrix: Path of Neo', 'Game', NULL, 0, NULL),
('MaxPayne', 'Max Payne', 'Game', NULL, 0, NULL),
('MaxPayne2', 'Max Payne 2: The Fall of Max Payne', 'Game', NULL, 0, NULL),
('MDK', 'MDK', 'Game', NULL, 0, NULL),
('MDK2', 'MDK 2', 'Game', NULL, 0, NULL),
('MeanStreets', 'Mean Streets', 'Game', NULL, 0, NULL),
('MechCommander', 'MechCommander', 'Game', NULL, 0, NULL),
('MechCommander2', 'MechCommander 2', 'Game', NULL, 0, NULL),
('MechWarrior2', 'MechWarrior 2: 31st Century Combat', 'Game', NULL, 0, NULL),
('MechWarrior2GhostBearsLegacy', 'MechWarrior 2: Ghost Bear''s Legacy', 'Expansion', NULL, 0, NULL),
('MechWarrior2GhostBearsLegacyTitanium', 'MechWarrior 2: Ghost Bear''s Legacy: Titanium Edition', 'Expansion', NULL, 0, NULL),
('MechWarrior2Mercenaries', 'MechWarrior 2: Mercenaries', 'Game', NULL, 0, NULL),
('MechWarrior2MercenariesTitanium', 'MechWarrior 2: Mercenaries: Titanium Edition', 'Game', NULL, 0, NULL),
('MechWarrior2Titanium', 'MechWarrior 2: 31st Century Combat: Titanium Edition', 'Game', NULL, 0, NULL),
('MechWarrior3', 'MechWarrior 3', 'Game', NULL, 0, NULL),
('MechWarrior3PiratesMoon', 'MechWarrior 3: Pirate''s Moon', 'Expansion', NULL, 0, NULL),
('MechWarrior4BlackKnight', 'MechWarrior 4: Black Knight', 'Expansion', NULL, 0, NULL),
('MechWarrior4Mercenaries', 'MechWarrior 4: Mercenaries', 'Game', NULL, 0, NULL),
('MechWarrior4Vengeance', 'MechWarrior 4: Vengeance', 'Game', NULL, 0, NULL),
('MedalOfHonor2010', 'Medal of Honor (2010)', 'Game', NULL, 0, NULL),
('Medieval2TotalWar', 'Medieval II: Total War', 'Game', NULL, 0, NULL),
('Medieval2TotalWarKingdomsAmericas', 'Medieval II: Total War: Kingdoms - Americas', 'Expansion', NULL, 0, NULL),
('Medieval2TotalWarKingdomsBritannia', 'Medieval II: Total War: Kingdoms - Britannia', 'Expansion', NULL, 0, NULL),
('Medieval2TotalWarKingdomsCrusades', 'Medieval II: Total War: Kingdoms - Crusades', 'Expansion', NULL, 0, NULL),
('Medieval2TotalWarKingdomsTeutonic', 'Medieval II: Total War: Kingdoms - Teutonic', 'Expansion', NULL, 0, NULL),
('Megarace', 'Megarace', 'Game', NULL, 0, NULL),
('Megarace2', 'Megarace 2', 'Game', NULL, 0, NULL),
('Megarace3', 'Megarace 3', 'Game', NULL, 0, NULL),
('Messiah', 'Messiah', 'Game', NULL, 0, NULL),
('MetalGearAcid', 'Metal Gear Ac!d', 'Game', NULL, 0, NULL),
('MetalGearAcid2', 'Metal Gear Ac!d 2', 'Game', NULL, 0, NULL),
('MetalGearSolid', 'Metal Gear Solid', 'Game', NULL, 0, NULL),
('MetalGearSolid2Substance', 'Metal Gear Solid 2: Substance', 'Game', NULL, 0, NULL),
('MetalGearSolid3Subsistence', 'Metal Gear Solid 3: Subsistence', 'Game', NULL, 0, NULL),
('MetalGearSolidPortableOps', 'Metal Gear Solid: Portable Ops', 'Game', NULL, 0, NULL),
('MetalGearSolidVRMissions', 'Metal Gear Solid: VR Missions', 'Game', NULL, 0, NULL),
('Metro2033', 'Metro 2033', 'Game', NULL, 0, NULL),
('MidnightClub2', 'Midnight Club 2', 'Game', NULL, 0, NULL),
('MiG29Fulcrum', 'MiG-29 Fulcrum', 'Game', NULL, 0, NULL),
('Minecraft', 'Minecraft', 'Game', NULL, 0, NULL),
('MiniNinjas', 'Mini Ninjas', 'Game', NULL, 0, NULL),
('MirrorsEdge', 'Mirror''s Edge', 'Game', NULL, 0, NULL),
('MisadventuresOfPBWinterbottom', 'The Misadventures of P.B. Winterbottom', 'Game', NULL, 0, NULL),
('MishapAnAccidentalHaunting', 'Mishap: An Accidental Haunting', 'Game', NULL, 0, NULL),
('MonkeyIsland2SpecialEditionLeChucksRevenge', 'Monkey Island™ 2 Special Edition: LeChuck’s Revenge', 'Game', NULL, 0, NULL),
('MoonbaseAlpha', 'Moonbase Alpha', 'Game', NULL, 0, NULL),
('MortalKombatArcadeKollection', 'Mortal Combat: Arcade Kollection', 'Game', NULL, 0, NULL),
('Mortyr', 'Mortyr 2093-1944', 'Game', NULL, 0, NULL),
('MotocrossMadness', 'Motocross Madness', 'Game', NULL, 0, NULL),
('MountAndBlade', 'Mount & Blade', 'Game', NULL, 0, NULL),
('MountAndBladeWarband', 'Mount & Blade: Warband', 'Game', NULL, 0, NULL),
('MUDTV', 'M.U.D. TV', 'Game', NULL, 0, NULL),
('Myst3', 'Myst III: Exile', 'Game', NULL, 0, NULL),
('Myst4', 'Myst IV: Revelation', 'Game', NULL, 0, NULL),
('Myst5', 'Myst V: End of Ages', 'Game', NULL, 0, NULL),
('MystMasterpieceEdtition', 'Myst: Masterpiece Edition', 'Game', NULL, 0, NULL),
('MystUruCompleteChronicles', 'Myst: Uru - Complete Chronicles', 'Game', NULL, 0, NULL),
('NamelessMod', 'The Nameless Mod (Deus Ex Mod)', 'Mod', NULL, 0, NULL),
('NationRed', 'Nation Red', 'Game', NULL, 0, NULL),
('NavalWarfare', 'Naval Warfare', 'Game', NULL, 0, NULL),
('NecrovisioNLostCompany', 'NecrovisioN: Lost Company', 'Game', NULL, 0, NULL),
('NeedForSpeedHotPursuit', 'Need For Speed: Hot Pursuit', 'Game', NULL, 0, NULL),
('NeedForSpeedShift', 'Need For Speed: Shift', 'Game', NULL, 0, NULL),
('NeedForSpeedUndercover', 'Need For Speed: Undercover', 'Game', NULL, 0, NULL),
('NeuroHunter', 'Neuro Hunter', 'Game', NULL, 0, NULL),
('NeverwinterNights', 'Neverwinter Nights', 'Game', NULL, 0, NULL),
('NeverwinterNights2', 'Neverwinter Nights 2', 'Game', NULL, 0, NULL),
('Nikopol', 'Nikopol: Secrets of the Immortals', 'Game', NULL, 0, NULL),
('NinjaBlade', 'Ninja Blade', 'Game', NULL, 0, NULL),
('NoGravity', 'No Gravity', 'Game', NULL, 0, NULL),
('NoOneLivesForever', 'No One Lives Forever', 'Game', NULL, 0, NULL),
('NoOneLivesForever2', 'No One Lives Forever 2: A Spy In H.A.R.M.''s Way', 'Game', NULL, 0, NULL),
('Normality', 'Normality', 'Game', NULL, 0, NULL),
('OddworldAbesExoddus', 'Oddworld: Abe''s Exoddus', 'Game', NULL, 0, NULL),
('OddworldAbesOddysee', 'Oddworld: Abe''s Oddysee', 'Game', NULL, 0, NULL),
('OddworldMunchsOddysee', 'Oddworld: Munch''s Oddysee', 'Game', NULL, 0, NULL),
('OddworldStrangersWrath', 'Oddworld: Stranger''s Wrath', 'Game', NULL, 0, NULL),
('OkageShadowKing', 'Okage: Shadow King', 'Game', NULL, 0, NULL),
('Okami', 'Okami', 'Game', NULL, 0, NULL),
('OmikronTheNomadSoul', 'Omikron: The Nomad Soul', 'Game', NULL, 0, NULL),
('OneUnitWholeBlood', 'One Unit: Whole Blood', 'Game', NULL, 0, NULL),
('Oni', 'Oni', 'Game', NULL, 0, NULL),
('OperationFlashpointDragonRising', 'Operation Flashpoint: Dragon Rising', 'Game', NULL, 0, NULL),
('OperationFlashpointRedRiver', 'Operation Flashpoint: Red River', 'Game', NULL, 0, NULL),
('OrcsMustDie', 'Orcs Must Die!', 'Game', NULL, 0, NULL),
('Osmos', 'Osmos', 'Game', NULL, 0, NULL),
('Outcast', 'Outcast', 'Game', NULL, 0, NULL),
('Outpost2DividedDestiny', 'Outpost 2: Divided Destiny', 'Game', NULL, 0, NULL),
('Overlord', 'Overlord', 'Game', NULL, 0, NULL),
('Overlord2', 'Overlord II', 'Game', NULL, 0, NULL),
('Painkiller', 'Painkiller', 'Game', NULL, 0, NULL),
('PainkillerRedemption', 'Painkiller: Redemption', 'Game', NULL, 0, NULL),
('PandoraDirective', 'The Pandora Directive', 'Game', NULL, 0, NULL),
('ParasiteEve', 'Parasite Eve', 'Game', NULL, 0, NULL),
('ParasiteEve2', 'Parasite Eve II', 'Game', NULL, 0, NULL),
('Patapon', 'Patapon', 'Game', NULL, 0, NULL),
('Path', 'The Path', 'Game', NULL, 0, NULL),
('Pathologic', 'Pathologic', 'Game', NULL, 0, NULL),
('PaydayTheHeist', 'Payday: The Heist', 'Game', NULL, 0, NULL),
('Peggle', 'Peggle', 'Game', NULL, 0, NULL),
('PeggleDeluxe', 'Peggle Deluxe', 'Game', NULL, 0, NULL),
('PeggleExtreme', 'Peggle Extreme', 'Game', NULL, 0, NULL),
('PeggleNights', 'Peggle Nights', 'Game', NULL, 0, NULL),
('PeggleWOWEdition', 'Peggle World of Warcraft Edition', 'Game', NULL, 0, NULL),
('PennyArcadeAdventures1', 'Penny Arcade Adventures: On the Rain-Slick Precipice of Darkness, Episode One', 'Game', NULL, 0, NULL),
('PennyArcadeAdventures2', 'Penny Arcade Adventures: On the Rain-Slick Precipice of Darkness, Episode Two', 'Game', NULL, 0, NULL),
('PenumbraBlackPlague', 'Penumbra: Black Plague', 'Game', NULL, 0, NULL),
('PenumbraOverture', 'Penumbra Overture', 'Game', NULL, 0, NULL),
('PenumbraRequiem', 'Penumbra: Requiem', 'Expansion', NULL, 0, NULL),
('Phantasmagoria', 'Phantasmagoria', 'Game', NULL, 0, NULL),
('Phantasmagoria2APuzzleOfFlesh', 'Phantasmagoria 2: A Puzzle of Flesh', 'Game', NULL, 0, NULL),
('Pirates', 'Sid Meier''s Pirates!', 'Game', NULL, 0, NULL),
('PlanescapeTorment', 'Planescape: Torment', 'Game', NULL, 0, NULL),
('Planetfall', 'Planetfall', 'Game', NULL, 0, NULL),
('PlantsVsZombies', 'Plants Vs. Zombies', 'Game', NULL, 0, NULL),
('PlantTycoon', 'Plant Tycoon', 'Game', NULL, 0, NULL),
('PokerNightAtTheInventory', 'Poker Night at the Inventory', 'Game', NULL, 0, NULL),
('Portal', 'Portal', 'Game', NULL, 0, NULL),
('Portal2', 'Portal 2', 'Game', NULL, 0, NULL),
('PortRoyale', 'Port Royale', 'Game', NULL, 0, NULL),
('Postal', 'Postal', 'Game', NULL, 0, NULL),
('Postal2', 'Postal 2', 'Game', NULL, 0, NULL),
('Postal2ApocalypseWeekend', 'Postal 2: Apocalypse Weekend', 'Expansion', NULL, 0, NULL),
('PostMortem', 'Post Mortem', 'Game', NULL, 0, NULL),
('PoundOfGround', 'Pound of Ground', 'Game', NULL, 0, NULL),
('Precursors', 'Precursors', 'Game', NULL, 0, NULL),
('Prey', 'Prey', 'Game', NULL, 0, NULL),
('PrimalPrey', 'Primal Prey', 'Game', NULL, 0, NULL),
('PrinceOfPersia2008', 'Prince of Persia (2008)', 'Game', NULL, 0, NULL),
('PrinceOfPersiaForgottenSands', 'Prince of Persia: The Forgotten Sands', 'Game', NULL, 0, NULL),
('PrinceOfPersiaSandsOfTime', 'Prince of Persia: The Sands of Time', 'Game', NULL, 0, NULL),
('PrinceOfPersiaTwoThrones', 'Prince of Persia: The Two Thrones', 'Game', NULL, 0, NULL),
('PrinceOfPersiaWarriorWithin', 'Prince of Persia: Warrior Within', 'Game', NULL, 0, NULL),
('ProjectBlackSun', 'Project Black Sun', 'Game', NULL, 0, NULL),
('ProjectSnowblind', 'Project Snowblind', 'Game', NULL, 0, NULL),
('Prototype', 'Prototype', 'Game', NULL, 0, NULL),
('Psychonauts', 'Psychonauts', 'Game', NULL, 0, NULL),
('PuzzleAgent', 'Puzzle Agent', 'Game', NULL, 0, NULL),
('PuzzleQuest2', 'Puzzle Quest 2', 'Game', NULL, 0, NULL),
('PuzzleQuestChallengeOfTheWarlords', 'Puzzle Quest: Challenge of the Warlords', 'Game', NULL, 0, NULL),
('Quake2', 'Quake II', 'Game', NULL, 0, NULL),
('Quake4', 'Quake 4', 'Game', NULL, 0, NULL),
('Quantz', 'Quantz', 'Game', NULL, 0, NULL),
('RACE07', 'RACE 07', 'Game', NULL, 0, NULL),
('RaceDriverGrid', 'Race Driver: Grid', 'Game', NULL, 0, NULL),
('RagDollKungFu', 'Rag Doll Kung Fu', 'Game', NULL, 0, NULL),
('RagDollKungFuFistsOfPlastic', 'Rag Doll Kung Fu: Fists of Plastic', 'Game', NULL, 0, NULL),
('Rage', 'Rage', 'Game', NULL, 0, NULL),
('RainbowSix3AthenaSword', 'Tom Clancy''s Rainbow Six 3: Athena Sword', 'Expansion', NULL, 0, NULL),
('RainbowSix3RavenShield', 'Tom Clancy''s Rainbow Six 3: Raven Shield', 'Game', NULL, 0, NULL),
('RainbowSixLockdown', 'Tom Clancy''s Rainbow Six: Lockdown', 'Game', NULL, 0, NULL),
('RainbowSixVegas', 'Tom Clancy''s Rainbow Six: Vegas', 'Game', NULL, 0, NULL),
('RainbowSixVegas2', 'Tom Clancy''s Rainbow Six: Vegas 2', 'Game', NULL, 0, NULL),
('RaptorCallOfTheShadows', 'Raptor: Call of the Shadows', 'Game', NULL, 0, NULL),
('Raptr', 'Raptr', 'System', NULL, 0, NULL),
('RatchetClank', 'Ratchet & Clank', 'Game', NULL, 0, NULL),
('RatchetClankFutureQuestForBooty', 'Ratchet & Clank Future: Quest For Booty', 'Game', NULL, 0, NULL),
('RatchetClankFutureToolsOfDestruction', 'Ratchet & Clank Future: Tools of Destruction', 'Game', NULL, 0, NULL),
('RatchetClankGoingCommando', 'Ratchet & Clank: Going Commando', 'Game', NULL, 0, NULL),
('RatchetClankSizeMatters', 'Ratchet & Clank: Size Matters', 'Game', NULL, 0, NULL),
('RatchetClankUpYourArsenal', 'Ratchet & Clank: Up Your Arsenal', 'Game', NULL, 0, NULL),
('RatchetDeadlocked', 'Ratchet: Deadlocked', 'Game', NULL, 0, NULL),
('RatHunter', 'Rat Hunter', 'Game', NULL, 0, NULL),
('Rayman2', 'Rayman 2: The Great Escape', 'Game', NULL, 0, NULL),
('Rayman3', 'Rayman 3: Hoodlum Havoc', 'Game', NULL, 0, NULL),
('RaymanByHisFans', 'Rayman By His Fans', 'Game', NULL, 0, NULL),
('RaymanForever', 'Rayman Forever', 'Game', NULL, 0, NULL),
('RealmsOfTheHaunting', 'Realms of the Haunting', 'Game', NULL, 0, NULL),
('RealMyst', 'realMyst', 'Game', NULL, 0, NULL),
('RecettearAnItemShopsTale', 'Recettear: An Item Shop''s Tale', 'Game', NULL, 0, NULL),
('RedFaction', 'Red Faction', 'Game', NULL, 0, NULL),
('RedFaction2', 'Red Faction II', 'Game', NULL, 0, NULL),
('RedFactionArmageddon', 'Red Faction: Armageddon', 'Game', NULL, 0, NULL),
('RedFactionGuerrilla', 'Red Faction: Guerrilla', 'Game', NULL, 0, NULL),
('RedneckRampage', 'Redneck Rampage', 'Game', NULL, 0, NULL),
('RedneckRampageRidesAgain', 'Redneck Rampage Rides Again', 'Expansion', NULL, 0, NULL),
('RenegadeOps', 'Renegade Ops', 'Game', NULL, 0, NULL),
('ResearchAndDevelopment', 'Research and Development (Source Mod)', 'Mod', NULL, 0, NULL),
('ResidentEvil4', 'Resident Evil 4', 'Game', NULL, 0, NULL),
('ResidentEvil5', 'Resident Evil 5', 'Game', NULL, 0, NULL),
('ResidentEvilCodeVeronicaX', 'Resident Evil: Code Veronica X', 'Game', NULL, 0, NULL),
('Resistance2', 'Resistance 2', 'Game', NULL, 0, NULL),
('ResistanceFallOfMan', 'Resistance: Fall of Man', 'Game', NULL, 0, NULL),
('ReturnOfTheIncredibleMachineContraptions', 'Return of the Incredible Machine: Contraptions', 'Game', NULL, 0, NULL),
('ReturnToCastleWolfenstein', 'Return to Castle Wolfenstein', 'Game', NULL, 0, NULL),
('ReturnToZork', 'Return To Zork', 'Game', NULL, 0, NULL),
('RevengeOfTheTitans', 'Revenge of the Titans', 'Game', NULL, 0, NULL),
('RGSC', 'Rockstar Games Social Club', 'System', NULL, 0, NULL),
('RiseOfLegends', 'Rise Of Legends', 'Game', NULL, 0, NULL),
('RiseOfNations', 'Rise Of Nations', 'Game', NULL, 0, NULL),
('RiseOfTheArgonauts', 'Rise of the Argonauts', 'Game', NULL, 0, NULL),
('Riven', 'Riven', 'Game', NULL, 0, NULL),
('RobinsonsRequiem', 'Robinson''s Requiem', 'Game', NULL, 0, NULL),
('RoboBlitz', 'RoboBlitz', 'Game', NULL, 0, NULL),
('RogueGalaxy', 'Rogue Galaxy', 'Game', NULL, 0, NULL),
('RogueWarrior', 'Rogue Warrior', 'Game', NULL, 0, NULL),
('RollerCoasterTycoon2', 'RollerCoaster Tycoon 2', 'Game', NULL, 0, NULL),
('RollerCoasterTycoon3', 'RollerCoaster Tycoon 3', 'Game', NULL, 0, NULL),
('RomeTotalWar', 'Rome: Total War', 'Game', NULL, 0, NULL),
('RomeTotalWarAlexander', 'Rome: Total War: Alexander', 'Expansion', NULL, 0, NULL),
('RomeTotalWarBarbarianInvasion', 'Rome: Total War: Barbarian Invasion', 'Expansion', NULL, 0, NULL);
INSERT INTO `games` (`name`, `title`, `type`, `parent`, `deprecated`, `comment`) VALUES
('RuleOfRose', 'Rule Of Rose', 'Game', NULL, 0, NULL),
('Runaway2TheDreamOfTheTurtle', 'Runaway 2: The Dream Of The Turtle', 'Game', NULL, 0, NULL),
('RunawayARoadAdventure', 'Runaway: A Road Adventure', 'Game', NULL, 0, NULL),
('RunespellOverture', 'Runespell: Overture', 'Game', NULL, 0, NULL),
('RUSE', 'R.U.S.E.', 'Game', NULL, 0, NULL),
('Saboteur', 'The Saboteur', 'Game', NULL, 0, NULL),
('Sacraboar', 'Sacraboar', 'Game', NULL, 0, NULL),
('Sacred2FallenAngel', 'Sacred 2: Fallen Angel', 'Game', NULL, 0, NULL),
('SaintsRow3', 'Saint''s Row: The Third', 'Game', NULL, 0, NULL),
('SamAndMaxHitTheRoad', 'Sam & Max Hit The Road', 'Game', NULL, 0, NULL),
('SamAndMaxSeason1Episode1', 'Sam & Max Season One Episode 1 - Culture Shock', 'Game', NULL, 0, NULL),
('SamAndMaxSeason1Episode2', 'Sam & Max Season One Episode 2 - Situation Comedy', 'Game', NULL, 0, NULL),
('SamAndMaxSeason1Episode3', 'Sam & Max Season One Episode 3 - The Mole, the Mob, and the Meatball', 'Game', NULL, 0, NULL),
('SamAndMaxSeason1Episode4', 'Sam & Max Season One Episode 4 - Abe Lincoln Must Die!', 'Game', NULL, 0, NULL),
('SamAndMaxSeason1Episode5', 'Sam & Max Season One Episode 5 - Reality 2.0', 'Game', NULL, 0, NULL),
('SamAndMaxSeason1Episode6', 'Sam & Max Season One Episode 6 - Bright Side of the Moon', 'Game', NULL, 0, NULL),
('SamAndMaxSeason2Episode1', 'Sam & Max Season Two Episode 1 - Ice Station Santa', 'Game', NULL, 0, NULL),
('SamAndMaxSeason2Episode2', 'Sam & Max Season Two Episode 2 - Moai Better Blues', 'Game', NULL, 0, NULL),
('SamAndMaxSeason2Episode3', 'Sam & Max Season Two Episode 3 - Night of the Raving Dead', 'Game', NULL, 0, NULL),
('SamAndMaxSeason2Episode4', 'Sam & Max Season Two Episode 4 - Chariots of the Dogs', 'Game', NULL, 0, NULL),
('SamAndMaxSeason2Episode5', 'Sam & Max Season Two Episode 5 - What''s New, Beelzebub', 'Game', NULL, 0, NULL),
('SamAndMaxTheDevilsPlayhouseEpisode1', 'Sam & Max - The Devil''s Playhouse Episode 1 - The Penal Zone', 'Game', NULL, 0, NULL),
('SamAndMaxTheDevilsPlayhouseEpisode2', 'Sam & Max - The Devil''s Playhouse Episode 2 - The Tomb of Sammun-Mak', 'Game', NULL, 0, NULL),
('SamAndMaxTheDevilsPlayhouseEpisode3', 'Sam & Max - The Devil''s Playhouse Episode 3 - They Stole Max''s Brain', 'Game', NULL, 0, NULL),
('SamAndMaxTheDevilsPlayhouseEpisode4', 'Sam & Max - The Devil''s Playhouse Episode 4 - Beyond the Alley of the Dolls', 'Game', NULL, 0, NULL),
('SamAndMaxTheDevilsPlayhouseEpisode5', 'Sam & Max - The Devil''s Playhouse Episode 5 - The City That Dares Not Sleep', 'Game', NULL, 0, NULL),
('Sanctum', 'Sanctum', 'Game', NULL, 0, NULL),
('Sanitarium', 'Sanitarium', 'Game', NULL, 0, NULL),
('SASSecureTomorrow', 'SAS: Secure Tomorrow', 'Game', NULL, 0, NULL),
('SavageMoon', 'Savage Moon', 'Game', NULL, 0, NULL),
('Saw', 'SAW', 'Game', NULL, 0, NULL),
('ScorpionDisfigured', 'Scorpion: Disfigured', 'Game', NULL, 0, NULL),
('ScourgeProject', 'The Scourge Project: Episodes 1 and 2', 'Game', NULL, 0, NULL),
('ScratchesDirectorsCut', 'Scratches: Director''s Cut', 'Game', NULL, 0, NULL),
('SecondSight', 'Second Sight', 'Game', NULL, 0, NULL),
('SecretOfMonkeyIslandSpecialEdition', 'The Secret of Monkey Island™ Special Edition', 'Game', NULL, 0, NULL),
('Section8', 'Section 8', 'Game', NULL, 0, NULL),
('Section8Prejudice', 'Section 8: Prejudice', 'Game', NULL, 0, NULL),
('SepterraCoreLegacyOfTheCreator', 'Septerra Core: Legacy of the Creator', 'Game', NULL, 0, NULL),
('SeriousSam2', 'Serious Sam 2', 'Game', NULL, 0, NULL),
('SeriousSam3BFE', 'Serious Sam 3: BFE', 'Game', NULL, 0, NULL),
('SeriousSamHD1', 'Serious Sam HD: The First Encounter', 'Game', NULL, 0, NULL),
('SeriousSamHD2', 'Serious Sam HD: The Second Encounter', 'Game', NULL, 0, NULL),
('Shadowgrounds', 'Shadowgrounds', 'Game', NULL, 0, NULL),
('ShadowgroundsSurvivor', 'Shadowgrounds: Survivor', 'Game', NULL, 0, NULL),
('Shadowgun', 'Shadowgun', 'Game', NULL, 0, NULL),
('ShadowgunTheLeftover', 'Shadowgun: The Leftover', 'Expansion', NULL, 0, NULL),
('ShadowHarvestPhantomOps', 'Shadow Harvest: Phantom Ops', 'Game', NULL, 0, NULL),
('ShadowOfTheColossus', 'Shadow of the Colossus', 'Game', NULL, 0, NULL),
('Shaiya', 'Shaiya', 'Game', NULL, 0, NULL),
('Shank', 'Shank', 'Game', NULL, 0, NULL),
('Shatter', 'Shatter', 'Game', NULL, 0, NULL),
('ShatteredSteel', 'Shattered Steel', 'Game', NULL, 0, NULL),
('Shellshock2', 'Shellshock 2', 'Game', NULL, 0, NULL),
('Ship', 'The Ship', 'Game', NULL, 0, NULL),
('ShogoMobileArmorDivision', 'Shogo: Mobile Armor Division', 'Game', NULL, 0, NULL),
('ShogunTotalWar', 'Shogun: Total War', 'Game', NULL, 0, NULL),
('SilentHill', 'Silent Hill', 'Game', NULL, 0, NULL),
('SilentHill0rigins', 'Silent Hill: 0rigins', 'Game', NULL, 0, NULL),
('SilentHill2GreatestHits', 'Silent Hill 2', 'Game', NULL, 0, NULL),
('SilentHill3', 'Silent Hill 3', 'Game', NULL, 0, NULL),
('SilentHill4Room', 'Silent Hill 4: The Room', 'Game', NULL, 0, NULL),
('SilentHillHomecoming', 'Silent Hill: Homecoming', 'Game', NULL, 0, NULL),
('SilentHillShatteredMemories', 'Silent Hill: Shattered Memories', 'Game', NULL, 0, NULL),
('SimCity2000', 'Sim City 2000', 'Game', NULL, 0, NULL),
('SimonTheSorcerer', 'Simon the Sorcerer', 'Game', NULL, 0, NULL),
('SimonTheSorcerer2', 'Simon the Sorcerer 2', 'Game', NULL, 0, NULL),
('SimonTheSorceror3D', 'Simon the Sorceror 3D', 'Game', NULL, 0, NULL),
('Sims2', 'The Sims 2', 'Game', NULL, 0, NULL),
('Sims3', 'The Sims 3', 'Game', NULL, 0, NULL),
('Sin', 'Sin', 'Game', NULL, 0, NULL),
('SinEpisodesEmergence', 'Sin Episodes: Emergence', 'Game', NULL, 0, NULL),
('Singularity', 'Singularity', 'Game', NULL, 0, NULL),
('SinsOfASolarEmpire', 'Sins of a Solar Empire', 'Game', NULL, 0, NULL),
('SlyCooperAndtheThievusRaccoonus', 'Sky Cooper and the Thievus Raccoonus', 'Game', NULL, 0, NULL),
('Snajper', 'Snajper (Sniper: Path of Vengeance)', 'Game', NULL, 0, NULL),
('SniperElite', 'Sniper Elite', 'Game', NULL, 0, NULL),
('SniperGhostWarrior', 'Sniper: Ghost Warrior', 'Game', NULL, 0, NULL),
('Solar2', 'Solar 2', 'Game', NULL, 0, NULL),
('SoulBlade', 'Soul Blade', 'Game', NULL, 0, NULL),
('SoulCalibur3', 'Soul Calibur III', 'Game', NULL, 0, NULL),
('SoulCalibur4', 'Soul Calibur IV', 'Game', NULL, 0, NULL),
('SpaceQuest', 'Space Quest: The Sarien Encounter', 'Game', NULL, 0, NULL),
('SpaceQuest2', 'Space Quest II: Vohaul''s Revenge and Space Quest', 'Game', NULL, 0, NULL),
('SpaceQuest3', 'Space Quest III: The Pirates of Pestulon', 'Game', NULL, 0, NULL),
('SpaceQuest4', 'Space Quest IV: Roger Wilco and the Time Rippers', 'Game', NULL, 0, NULL),
('SpaceQuest5', 'Space Quest V: The Next Mutation', 'Game', NULL, 0, NULL),
('SpaceQuest6', 'Space Quest 6: The Spinal Frontier', 'Game', NULL, 0, NULL),
('SpaceRangers', 'Space Rangers', 'Game', NULL, 0, NULL),
('SpaceRangers2Dominators', 'Space Rangers 2: Dominators', 'Game', NULL, 0, NULL),
('SpaceRangers2Reboot', 'Space Rangers 2: Reboot', 'Game', NULL, 0, NULL),
('SpellForce', 'SpellForce: The Order of the Dawn', 'Game', NULL, 0, NULL),
('SpellForce2', 'SpellForce 2: Shadow Wars', 'Game', NULL, 0, NULL),
('SpiderManWebOfShadows', 'Spider-Man: Web of Shadows', 'Game', NULL, 0, NULL),
('SplinterCell', 'Tom Clancy''s Splinter Cell', 'Game', NULL, 0, NULL),
('SplinterCellChaosTheory', 'Tom Clancy''s Splinter Cell: Chaos Theory', 'Game', NULL, 0, NULL),
('SplinterCellConviction', 'Tom Clancy''s Splinter Cell: Conviction', 'Game', NULL, 0, NULL),
('SplinterCellDoubleAgent', 'Tom Clancy''s Splinter Cell: Double Agent', 'Game', NULL, 0, NULL),
('SplitSecond', 'Split Second', 'Game', NULL, 0, NULL),
('Spore', 'Spore', 'Game', NULL, 0, NULL),
('SporeCreatureCreator', 'Spore Creature Creator', 'Game', NULL, 0, NULL),
('Stacking', 'Stacking', 'Game', NULL, 0, NULL),
('StalkerCallofPripyat', 'S.T.A.L.K.E.R.: Call of Pripyat', 'Game', NULL, 0, NULL),
('StalkerClearSky', 'S.T.A.L.K.E.R.: Clear Sky', 'Game', NULL, 0, NULL),
('StalkerShadowOfChernobyl', 'S.T.A.L.K.E.R.: Shadow of Chernobyl', 'Game', NULL, 0, NULL),
('StarControl', 'Star Control', 'Game', NULL, 0, NULL),
('StarControl2', 'Star Control II: The Ur-Quan Masters', 'Game', NULL, 0, NULL),
('StarControl3', 'Star Control 3', 'Game', NULL, 0, NULL),
('Starcraft', 'Starcraft', 'Game', NULL, 0, NULL),
('Starcraft2', 'Starcraft II: Wings of Liberty', 'Game', NULL, 0, NULL),
('Starflight', 'Starflight', 'Game', NULL, 0, NULL),
('Starflight2', 'Starflight 2', 'Game', NULL, 0, NULL),
('Starlancer', 'Starlancer', 'Game', NULL, 0, NULL),
('StarOceanFirstDeparture', 'Star Ocean: First Departure', 'Game', NULL, 0, NULL),
('StarOceanTillTheEndOfTime', 'Star Ocean: Till the End of Time', 'Game', NULL, 0, NULL),
('StarTopia', 'StarTopia', 'Game', NULL, 0, NULL),
('StarWarsDarkForces', 'Star Wars: Dark Forces', 'Game', NULL, 0, NULL),
('StarWarsEmpireAtWar', 'Star Wars: Empire at War', 'Game', NULL, 0, NULL),
('StarWarsEmpireAtWarForcesOfCorruption', 'Star Wars: Empire at War - Forces of Corruption', 'Expansion', NULL, 0, NULL),
('StarWarsJediKnight2JediOutcast', 'Star Wars: Jedi Knight II: Jedi Outcast', 'Game', NULL, 0, NULL),
('StarWarsJediKnightDarkForces2', 'Star Wars: Jedi Knight: Dark Forces II', 'Game', NULL, 0, NULL),
('StarWarsJediKnightJediAcademy', 'Star Wars: Jedi Knight: Jedi Academy', 'Game', NULL, 0, NULL),
('StarWarsJediKnightMysteriesOfTheSith', 'Star Wars: Jedi Knight: Mysteries of the Sith', 'Expansion', NULL, 0, NULL),
('StarWarsKnightsOfTheOldRepublic', 'Star Wars: Knights of the Old Republic', 'Game', NULL, 0, NULL),
('StarWarsKnightsOfTheOldRepublic2TheSithLords', 'Star Wars: Knights of the Old Republic II: The Sith Lords', 'Game', NULL, 0, NULL),
('StarWarsTheForceUnleashed', 'Star Wars: The Force Unleashed', 'Game', NULL, 0, NULL),
('StarWarsTheForceUnleashed2', 'Star Wars: The Force Unleashed II', 'Game', NULL, 0, NULL),
('StarWolves', 'Star Wolves', 'Game', NULL, 0, NULL),
('SteelStormBurningRetribution', 'Steel Storm: Burning Retribution', 'Game', NULL, 0, NULL),
('StillLife', 'Still Life', 'Game', NULL, 0, NULL),
('StreetFighter4', 'Street Fighter IV', 'Game', NULL, 0, NULL),
('StreetsOfMoscow', 'Streets of Moscow', 'Game', NULL, 0, NULL),
('StubbsTheZombieRebelWithoutAPulse', 'Stubbs the Zombie: Rebel Without a Pulse', 'Game', NULL, 0, NULL),
('Summoner', 'Summoner', 'Game', NULL, 0, NULL),
('Summoner2', 'Summoner 2', 'Game', NULL, 0, NULL),
('SuperbrothersSwordAndSorcery', 'Superbrothers: Sword & Sorcery', 'Game', NULL, 0, NULL),
('SuperLaserRacer', 'Super Laser Racer', 'Game', NULL, 0, NULL),
('SuperMeatBoy', 'Super Meat Boy', 'Game', NULL, 0, NULL),
('SuperStardustHD', 'Super Stardust HD', 'Game', NULL, 0, NULL),
('SuperStardustPortable', 'Super Stardust Portable', 'Game', NULL, 0, NULL),
('SupremeCommander', 'Supreme Commander', 'Game', NULL, 0, NULL),
('SupremeCommanderForgedAlliance', 'Supreme Commander: Forged Alliance', 'Game', NULL, 0, NULL),
('SwordsAndSoldiersHD', 'Swords and Soldiers HD', 'Game', NULL, 0, NULL),
('Syberia', 'Syberia', 'Game', NULL, 0, NULL),
('Syberia2', 'Syberia II', 'Game', NULL, 0, NULL),
('Syndicate2012', 'Syndicate (2012)', 'Game', NULL, 0, NULL),
('SystemShock2', 'System Shock 2', 'Game', NULL, 0, NULL),
('TachyonTheFringe', 'Tachyon: The Fringe', 'Game', NULL, 0, NULL),
('TalesOfMonkeyIsland1', 'Tales of Monkey Island Chapter 1: Launch of the Screaming Narwhal', 'Game', NULL, 0, NULL),
('TalesOfMonkeyIsland2', 'Tales of Monkey Island Chapter 2: The Siege of Spinner Cay', 'Game', NULL, 0, NULL),
('TalesOfMonkeyIsland3', 'Tales of Monkey Island Chapter 3: Lair of the Leviathan', 'Game', NULL, 0, NULL),
('TalesOfMonkeyIsland4', 'Tales of Monkey Island Chapter 4: The Trial and Execution of Guybrush Threepwood', 'Game', NULL, 0, NULL),
('TalesOfMonkeyIsland5', 'Tales of Monkey Island Chapter 5: Rise of the Pirate God', 'Game', NULL, 0, NULL),
('TankUniversal', 'Tank Universal', 'Game', NULL, 0, NULL),
('TarrChronicles', 'Tarr Chronicles', 'Game', NULL, 0, NULL),
('TECNOTheBase', 'TECNO: the Base', 'Game', NULL, 0, NULL),
('Tekken5', 'Tekken 5', 'Game', NULL, 0, NULL),
('TempleOfElementalEvil', 'Temple of Elemental Evil', 'Game', NULL, 0, NULL),
('TerminatorSalvation', 'Terminator: Salvation', 'Game', NULL, 0, NULL),
('Terraria', 'Terraria', 'Game', NULL, 0, NULL),
('TerroristTakedown2', 'Terrorist Takedown 2', 'Game', NULL, 0, NULL),
('TerroristTakedown3', 'Terrorist Takedown 3', 'Game', NULL, 0, NULL),
('TerroristTakedownCovertOperations', 'Terrorist Takedown: Covert Operations', 'Game', NULL, 0, NULL),
('TestDriveUnlimited2', 'Test Drive Unlimited 2', 'Game', NULL, 0, NULL),
('TexMurphyOverseer', 'Tex Murphy: Overseer', 'Game', NULL, 0, NULL),
('TheyreAlive', 'They''re Alive!', 'Game', NULL, 0, NULL),
('Thief2', 'Thief II: The Metal Age', 'Game', NULL, 0, NULL),
('ThiefDeadlyShadows', 'Thief: Deadly Shadows', 'Game', NULL, 0, NULL),
('ThiefGold', 'Thief Gold', 'Expansion', NULL, 0, NULL),
('ThiefTheDarkProject', 'Thief: The Dark Project', 'Game', NULL, 0, NULL),
('ThrillvilleOffTheRails', 'ThrillvilleOffTheRails', 'Game', NULL, 0, NULL),
('TimeGentlemenPlease', 'Time Gentlemen, Please!', 'Game', NULL, 0, NULL),
('TitanQuest', 'Titan Quest', 'Game', NULL, 0, NULL),
('TitanQuestImmortalThrone', 'Titan Quest: Immortal Throne', 'Expansion', NULL, 0, NULL),
('TitanXCIX1', 'Titan: XCIX - Part 1', 'Mod', NULL, 0, NULL),
('Tomboy', 'Tomboy', 'System', NULL, 0, NULL),
('TombRaider', 'Tomb Raider', 'Game', NULL, 0, NULL),
('TombRaider2', 'Tomb Raider II', 'Game', NULL, 0, NULL),
('TombRaider2TheGoldenMask', 'Tomb Raider II: The Golden Mask', 'Expansion', NULL, 0, NULL),
('TombRaider3AdventuresOfLaraCroft', 'Tomb Raider III: Adventures Of Lara Croft', 'Game', NULL, 0, NULL),
('TombRaider3TheLostArtifact', 'Tomb Raider III: The Lost Artifact', 'Expansion', NULL, 0, NULL),
('TombRaiderAnniversary', 'Tomb Raider: Anniversary', 'Game', NULL, 0, NULL),
('TombRaiderChronicles', 'Tomb Raider: Chronicles', 'Game', NULL, 0, NULL),
('TombRaiderLegend', 'Tomb Raider: Legend', 'Game', NULL, 0, NULL),
('TombRaiderTheAngelOfDarkness', 'Tomb Raider: The Angel of Darkness', 'Game', NULL, 0, NULL),
('TombRaiderTheLastRevelation', 'Tomb Raider: The Last Revelation', 'Game', NULL, 0, NULL),
('TombRaiderUnderworld', 'Tomb Raider: Underworld', 'Game', NULL, 0, NULL),
('TombRaiderUnfinishedBusiness', 'Tomb Raider: Unfinished Business', 'Expansion', NULL, 0, NULL),
('TorchLight', 'TorchLight', 'Game', NULL, 0, NULL),
('TotalWarShogun2', 'Total War: Shogun 2', 'Game', NULL, 0, NULL),
('Trackmania2', 'Trackmania 2 Canyon', 'Game', NULL, 0, NULL),
('TrackManiaNationsForever', 'TrackMania Nations Forever', 'Game', NULL, 0, NULL),
('TransformersWarForCybertron', 'Transformers: War for Cybertron', 'Game', NULL, 0, NULL),
('TrappedDead', 'Trapped Dead', 'Game', NULL, 0, NULL),
('Trials2SecondEdition', 'Trials 2: Second Edition', 'Game', NULL, 0, NULL),
('Trine', 'Trine', 'Game', NULL, 0, NULL),
('Trine2', 'Trine 2', 'Game', NULL, 0, NULL),
('Tron2', 'Tron 2.0', 'Game', NULL, 0, NULL),
('TronEvolution', 'Tron: Evolution', 'Game', NULL, 0, NULL),
('Tropico', 'Tropico', 'Game', NULL, 0, NULL),
('Tropico2PirateCove', 'Tropico 2: Pirate Cove', 'Game', NULL, 0, NULL),
('Tropico3', 'Tropico 3', 'Game', NULL, 0, NULL),
('TrueCrimeStreetsOfLA', 'True Crime: Streets of LA', 'Game', NULL, 0, NULL),
('Turok2008', 'Turok (2008)', 'Game', NULL, 0, NULL),
('TwinSector', 'Twin Sector', 'Game', NULL, 0, NULL),
('TwoWorlds2', 'Two Worlds II', 'Game', NULL, 0, NULL),
('Tyrian2000', 'Tyrian 2000', 'Game', NULL, 0, NULL),
('UFOAftermath', 'UFO: Aftermath', 'Game', NULL, 0, NULL),
('UltimateAlliance', 'Ultimate Alliance', 'Game', NULL, 0, NULL),
('UltimateDoom', 'Ultimate Doom', 'Game', NULL, 0, NULL),
('UnchartedDrakesFortune', 'Uncharted: Drake''s Fortune', 'Game', NULL, 0, NULL),
('UnderAKillingMoon', 'Under A Killing Moon', 'Game', NULL, 0, NULL),
('Undying', 'Clive Barker''s Undying', 'Game', NULL, 0, NULL),
('UniverseAtWarEarthAssault', 'Universe At War: Earth Assault', 'Game', NULL, 0, NULL),
('Unreal', 'Unreal', 'Game', NULL, 0, NULL),
('Unreal2', 'Unreal II: The Awakening', 'Game', NULL, 0, NULL),
('UnrealTournament', 'Unreal Tournament', 'Game', NULL, 0, NULL),
('UnrealTournament2004', 'Unreal Tournament 2004', 'Game', NULL, 0, NULL),
('UnrealTournament3', 'Unreal Tournament III', 'Game', NULL, 0, NULL),
('UPlayData', 'UPlay Data', 'System', NULL, 0, NULL),
('Uplink', 'Uplink', 'Game', NULL, 0, NULL),
('UrQuanMasters', 'The Ur-Quan Masters', 'Game', NULL, 0, NULL),
('ValkyriaChronicles', 'Valkyria Chronicles', 'Game', NULL, 0, NULL),
('VampireTheMasqueradeBloodlines', 'Vampire: The Masquerade - Bloodlines', 'Game', NULL, 0, NULL),
('VampireTheMasqueradeRedemption', 'Vampire: The Masquerade - Redemption', 'Game', NULL, 0, NULL),
('VelvetAssassin', 'Velvet Assassin', 'Game', NULL, 0, NULL),
('VenusHostage', 'Venus Hostage', 'Game', NULL, 0, NULL),
('VietnamBlackOps', 'Vietnam: Black Ops', 'Game', NULL, 0, NULL),
('VigilBloodBitterness', 'Vigil: Blood Bitterness', 'Game', NULL, 0, NULL),
('Vivisector', 'Vivisector: Beast Within', 'Game', NULL, 0, NULL),
('Void', 'The Void', 'Game', NULL, 0, NULL),
('VVVVVV', 'VVVVVV', 'Game', NULL, 0, NULL),
('WalkingDead', 'The Walking Dead', 'Game', NULL, 0, NULL),
('WallaceAndGrommitsGrandAdventures1', 'Wallace & Gromit''s Grand Adventures Episode 1: Fright of the Bumblebees', 'Game', NULL, 0, NULL),
('WallaceAndGrommitsGrandAdventures2', 'Wallace & Gromit''s Grand Adventures Episode 2: The Last Resort', 'Game', NULL, 0, NULL),
('WallaceAndGrommitsGrandAdventures3', 'Wallace & Gromit''s Grand Adventures Episode 3: Muzzled!', 'Game', NULL, 0, NULL),
('WallaceAndGrommitsGrandAdventures4', 'Wallace & Gromit''s Grand Adventures Episode 4: The Bogey Man', 'Game', NULL, 0, NULL),
('WantedWeaponsOfFate', 'Wanted: Weapons of Fate', 'Game', NULL, 0, NULL),
('Warcraft3', 'Warcraft III', 'Game', NULL, 0, NULL),
('Warhammer40kDawnOfWar2', 'Warhammer 40,000: Dawn of War II', 'Game', NULL, 0, NULL),
('Warhammer40kDawnOfWar2Retribution', 'Warhammer 40,000: Dawn of War II - Retribution', 'Game', NULL, 0, NULL),
('Warhammer40kDawnOfWarDarkCrusade', 'Warhammer 40,000: Dawn of War: Dark Crusade', 'Game', NULL, 0, NULL),
('Warhammer40kSpaceMarine', 'Warhammer 40,000: Space Marine', 'Game', NULL, 0, NULL),
('Warzone2100', 'Warzone 2100', 'Game', NULL, 0, NULL),
('WatchmenTheEndIsNigh1', 'Watchmen: The End is Nigh - Part 1', 'Game', NULL, 0, NULL),
('WatchmenTheEndIsNigh2', 'Watchmen: The End is Nigh - Part 2', 'Game', NULL, 0, NULL),
('Wet', 'Wet', 'Game', NULL, 0, NULL),
('Wheelman', 'Wheelman', 'Game', NULL, 0, NULL),
('WheelOfFortune', 'Wheel of Fortune', 'Game', NULL, 0, NULL),
('WhisperedWorld', 'The Whispered World', 'Game', NULL, 0, NULL),
('WingCommander', 'Wing Commander', 'Game', NULL, 0, NULL),
('WingCommander2', 'Wing Commander II: Vengeance of the Kilrathi', 'Game', NULL, 0, NULL),
('WingCommander3', 'Wing Commander III', 'Game', NULL, 0, NULL),
('WingCommander4', 'Wing Commander IV: The Price of Freedom', 'Game', NULL, 0, NULL),
('WingCommanderPrivateer', 'Wing Commander: Privateer', 'Game', NULL, 0, NULL),
('WingsOfPrey', 'Wings of Prey', 'Game', NULL, 0, NULL),
('WipeoutPure', 'Wipeout Pure', 'Game', NULL, 0, NULL),
('Witcher', 'The Witcher', 'Game', NULL, 0, NULL),
('Witcher2', 'The Witcher 2: Assassin of Kings', 'Game', NULL, 0, NULL),
('Wolfenstein', 'Wolfenstein', 'Game', NULL, 0, NULL),
('Wolfenstein3D', 'Wolfenstein 3D', 'Game', NULL, 0, NULL),
('Wolfschanze2', 'Wolfschanze II', 'Game', NULL, 0, NULL),
('WonderfulEndOfTheWorld', 'The Wonderful End of the World', 'Game', NULL, 0, NULL),
('WorldOfGoo', 'World of Goo', 'Game', NULL, 0, NULL),
('WorldOfWarcraft', 'World of Warcraft', 'Game', NULL, 0, NULL),
('Worms2', 'Worms 2', 'Game', NULL, 0, NULL),
('X2TheThreat', 'X2: The Threat', 'Game', NULL, 0, NULL),
('X3AlbionPrelude', 'X3: Albion Prelude', 'Game', NULL, 0, NULL),
('X3Reunion', 'X3: Reunion', 'Game', NULL, 0, NULL),
('X3TerranConflict', 'X3: Terran Conflict', 'Game', NULL, 0, NULL),
('Xenosaga', 'Xenosaga Episode I: Der Wille zur Macht', 'Game', NULL, 0, NULL),
('Xenosaga2', 'Xenosaga Episode II: Jenseits von Gut und Böse', 'Game', NULL, 0, NULL),
('Xenosaga3', 'Xenosaga Episode III: Also sprach Zarathustra', 'Game', NULL, 0, NULL),
('Xenus2', 'Xenus 2: White Gold', 'Game', NULL, 0, NULL),
('XFiles', 'The X-Files', 'Game', NULL, 0, NULL),
('XFilesResistOrServe', 'The X-Files: Resist or Serve', 'Game', NULL, 0, NULL),
('XfireData', 'Xfire Data', 'System', NULL, 0, NULL),
('XIII', 'XIII', 'Game', NULL, 0, NULL),
('XMenLegends', 'X-Men Legends', 'Game', NULL, 0, NULL),
('XMenLegends2', 'X-Men Legends II: Rise of Apocalypse', 'Game', NULL, 0, NULL),
('XMenOriginsWolverine', 'X-Men Origins: Wolverine', 'Game', NULL, 0, NULL),
('XpandRally', 'Xpand Rally', 'Game', NULL, 0, NULL),
('XpandRallyExtreme', 'Xpand Rally Extreme', 'Game', NULL, 0, NULL),
('ZenoClash', 'Zeno Clash', 'Game', NULL, 0, NULL),
('ZombieDriver', 'Zombie Driver', 'Game', NULL, 0, NULL),
('ZombieShooter', 'Zombie Shooter', 'Game', NULL, 0, NULL),
('ZombieShooter2', 'Zombie Shooter 2', 'Game', NULL, 0, NULL),
('Zork0', 'Zero Zork: The Revenge of Megaboz', 'Game', NULL, 0, NULL),
('Zork1', 'Zork: The Great Underground Empire', 'Game', NULL, 0, NULL),
('Zork2', 'Zork II: The Wizard Of Frobozz', 'Game', NULL, 0, NULL),
('Zork3', 'Zork III: The Dungeon Master', 'Game', NULL, 0, NULL),
('ZorkGrandInquisitor', 'Zork Grand Inquisitor', 'Game', NULL, 0, NULL),
('ZorkNemesisTheForbiddenLands', 'Zork Nemesis: The Forbidden Lands', 'Game', NULL, 0, NULL),
('ZumaDeluxe', 'Zuma Deluxe', 'Game', NULL, 0, NULL);

-- --------------------------------------------------------

--
-- Table structure for table `game_contributions`
--

CREATE TABLE IF NOT EXISTS `game_contributions` (
  `game_version` bigint(20) NOT NULL,
  `contributor` varchar(200) NOT NULL,
  KEY `game_version` (`game_version`,`contributor`),
  KEY `contributor` (`contributor`)
) ENGINE=InnoDB DEFAULT CHARSET=utf8;

--
-- Dumping data for table `game_contributions`
--

INSERT INTO `game_contributions` (`game_version`, `contributor`) VALUES
(22373, 'AdmiringWorm'),
(22374, 'Arc Angel'),
(22375, 'AdmiringWorm'),
(22376, 'AdmiringWorm'),
(22377, 'duncans_pumpkin'),
(22378, 'SanMadJack'),
(22379, 'Arc Angel'),
(22380, 'Samuel Barbour'),
(22381, 'SamuelTaylor'),
(22382, 'SanMadJack'),
(22383, 'SanMadJack'),
(22384, 'AdmiringWorm'),
(22385, 'SanMadJack'),
(22386, 'SanMadJack'),
(22387, 'SanMadJack'),
(22388, 'Arc Angel'),
(22389, 'Arc Angel'),
(22390, 'Arc Angel'),
(22391, 'Arc Angel'),
(22392, 'Arc Angel'),
(22393, 'SanMadJack'),
(22394, 'SanMadJack'),
(22395, 'Michael Lamere'),
(22396, 'SanMadJack'),
(22397, 'SanMadJack'),
(22398, 'Arc Angel'),
(22399, 'SanMadJack'),
(22400, 'Arc Angel'),
(22401, 'SanMadJack'),
(22402, 'AdmiringWorm'),
(22403, 'cheshhire'),
(22404, 'Caleb Love'),
(22405, 'AdmiringWorm'),
(22406, 'SanMadJack'),
(22407, 'SanMadJack'),
(22408, 'Dwight Holman'),
(22408, 'slake_jones'),
(22409, 'Arc Angel'),
(22410, 'Arc Angel'),
(22411, 'SanMadJack'),
(22412, 'Arc Angel'),
(22413, 'Arc Angel'),
(22414, 'Arc Angel'),
(22415, 'Arc Angel'),
(22416, 'SanMadJack'),
(22417, 'Joe Looney'),
(22418, 'Arc Angel'),
(22419, 'Arc Angel'),
(22420, 'raize221'),
(22421, 'Arc Angel'),
(22422, 'Arc Angel'),
(22423, 'Arc Angel'),
(22424, 'David Barbour'),
(22425, 'slake_jones'),
(22426, 'slake_jones'),
(22427, 'slake_jones'),
(22428, 'slake_jones'),
(22429, 'slake_jones'),
(22430, 'SanMadJack'),
(22431, 'SanMadJack'),
(22432, 'Arc Angel'),
(22433, 'SanMadJack'),
(22434, 'Michael Lamere'),
(22435, 'Michael Lamere'),
(22436, 'paul_taylor30'),
(22437, 'Arc Angel'),
(22438, 'Arc Angel'),
(22439, 'Arc Angel'),
(22440, 'SanMadJack'),
(22441, 'Arc Angel'),
(22442, 'slake_jones'),
(22443, 'duncans_pumpkin'),
(22444, 'SanMadJack'),
(22445, 'SanMadJack'),
(22446, 'Arc Angel'),
(22447, 'duncans_pumpkin'),
(22447, 'SanMadJack'),
(22448, 'AvvA'),
(22449, 'SanMadJack'),
(22450, 'Håvard Krüger'),
(22451, 'SanMadJack'),
(22452, 'Arc Angel'),
(22453, 'Arc Angel'),
(22454, 'Arc Angel'),
(22455, 'Arc Angel'),
(22455, 'SanMadJack'),
(22456, 'SanMadJack'),
(22457, 'Arc Angel'),
(22457, 'SanMadJack'),
(22458, 'Arc Angel'),
(22458, 'SanMadJack'),
(22459, 'SanMadJack'),
(22460, 'SanMadJack'),
(22461, 'AvvA'),
(22462, 'AvvA'),
(22463, 'SanMadJack'),
(22464, 'SanMadJack'),
(22465, 'Arc Angel'),
(22466, 'duncans_pumpkin'),
(22467, 'Arc Angel'),
(22468, 'SanMadJack'),
(22469, 'Arc Angel'),
(22470, 'SanMadJack'),
(22471, 'SanMadJack'),
(22472, 'SanMadJack'),
(22473, 'SanMadJack'),
(22474, 'Arc Angel'),
(22475, 'Arc Angel'),
(22476, 'Arc Angel'),
(22477, 'Arc Angel'),
(22478, 'Arc Angel'),
(22479, 'Arc Angel'),
(22480, 'SanMadJack'),
(22481, 'Arc Angel'),
(22481, 'javier.ark'),
(22482, 'Arc Angel'),
(22483, 'Arc Angel'),
(22484, 'Arc Angel'),
(22485, 'Arc Angel'),
(22486, 'Michael Lamere'),
(22487, 'Arc Angel'),
(22488, 'SanMadJack'),
(22489, 'slake_jones'),
(22490, 'Arc Angel'),
(22490, 'SanMadJack'),
(22491, 'AvvA'),
(22492, 'Arc Angel'),
(22493, 'Arc Angel'),
(22494, 'SanMadJack'),
(22495, 'SanMadJack'),
(22496, 'AdmiringWorm'),
(22497, 'SanMadJack'),
(22498, 'SanMadJack'),
(22499, 'SanMadJack'),
(22500, 'SanMadJack'),
(22501, 'SanMadJack'),
(22502, 'SanMadJack'),
(22503, 'SanMadJack'),
(22504, 'AdmiringWorm'),
(22505, 'Arc Angel'),
(22506, 'SanMadJack'),
(22507, 'Paul Taylor'),
(22508, 'Håvard Krüger'),
(22509, 'cammkelly'),
(22510, 'Arc Angel'),
(22511, 'SanMadJack'),
(22512, 'slake_jones'),
(22513, 'SanMadJack'),
(22514, 'slake_jones'),
(22515, 'Arc Angel'),
(22515, 'SanMadJack'),
(22516, 'SanMadJack'),
(22517, 'Arc Angel'),
(22518, 'Arc Angel'),
(22519, 'slake_jones'),
(22520, 'AdmiringWorm'),
(22521, 'AdmiringWorm'),
(22522, 'Arc Angel'),
(22523, 'Arc Angel'),
(22524, 'SanMadJack'),
(22525, 'SanMadJack'),
(22526, 'Arc Angel'),
(22527, 'SanMadJack'),
(22528, 'Arc Angel'),
(22529, 'SanMadJack'),
(22530, 'SanMadJack'),
(22531, 'Arc Angel'),
(22532, 'SanMadJack'),
(22533, 'Arc Angel'),
(22534, 'Arc Angel'),
(22535, 'Arc Angel'),
(22536, 'Arc Angel'),
(22537, 'Arc Angel'),
(22538, 'slake_jones'),
(22539, 'SanMadJack'),
(22540, 'David Barbour'),
(22541, 'Arc Angel'),
(22542, 'AvvA'),
(22543, 'Arc Angel'),
(22544, 'Arc Angel'),
(22545, 'Arc Angel'),
(22546, 'Arc Angel'),
(22547, 'AdmiringWorm'),
(22548, 'AdmiringWorm'),
(22549, 'SanMadJack'),
(22550, 'Arc Angel'),
(22551, 'SanMadJack'),
(22552, 'SanMadJack'),
(22553, 'SanMadJack'),
(22554, 'SanMadJack'),
(22555, 'Arc Angel'),
(22556, 'SanMadJack'),
(22557, 'SanMadJack'),
(22558, 'Mark Barbour'),
(22559, 'SanMadJack'),
(22560, 'SanMadJack'),
(22561, 'Arc Angel'),
(22562, 'Snap_shot'),
(22563, 'Arc Angel'),
(22564, 'Arc Angel'),
(22565, 'Arc Angel'),
(22566, 'AvvA'),
(22567, 'Kee715'),
(22568, 'Kee715'),
(22569, 'SanMadJack'),
(22570, 'Arc Angel'),
(22571, 'Arc Angel'),
(22572, 'SanMadJack'),
(22573, 'SanMadJack'),
(22574, 'AdmiringWorm'),
(22574, 'Arc Angel'),
(22574, 'SanMadJack'),
(22575, 'Arc Angel'),
(22576, 'AdmiringWorm'),
(22577, 'AdmiringWorm'),
(22578, 'Arc Angel'),
(22579, 'Arc Angel'),
(22580, 'slake_jones'),
(22581, 'SanMadJack'),
(22582, 'Arc Angel'),
(22583, 'Arc Angel'),
(22584, 'Arc Angel'),
(22585, 'SanMadJack'),
(22586, 'SanMadJack'),
(22587, 'SanMadJack'),
(22588, 'SanMadJack'),
(22589, 'SanMadJack'),
(22590, 'SanMadJack'),
(22591, 'duncans_pumpkin'),
(22592, 'duncans_pumpkin'),
(22593, 'SanMadJack'),
(22594, 'Arc Angel'),
(22595, 'SanMadJack'),
(22596, 'SanMadJack'),
(22597, 'SanMadJack'),
(22598, 'SanMadJack'),
(22599, 'Arc Angel'),
(22600, 'Arc Angel'),
(22601, 'AvvA'),
(22602, 'Arc Angel'),
(22603, 'duncans_pumpkin'),
(22603, 'SanMadJack'),
(22603, 'slake_jones'),
(22604, 'SanMadJack'),
(22605, 'Arc Angel'),
(22606, 'Arc Angel'),
(22607, 'Arc Angel'),
(22608, 'SanMadJack'),
(22609, 'AdmiringWorm'),
(22610, 'Christian Hamann'),
(22611, 'Arc Angel'),
(22612, 'slake_jones'),
(22613, 'SanMadJack'),
(22613, 'slake_jones'),
(22614, 'SanMadJack'),
(22614, 'slake_jones'),
(22615, 'SanMadJack'),
(22616, 'David Barbour'),
(22617, 'slake_jones'),
(22618, 'Arc Angel'),
(22618, 'SanMadJack'),
(22619, 'Arc Angel'),
(22619, 'AvvA'),
(22620, 'murasaki8'),
(22621, 'SanMadJack'),
(22622, 'SanMadJack'),
(22623, 'AvvA'),
(22624, 'SanMadJack'),
(22625, 'SanMadJack'),
(22626, 'Caleb Love'),
(22627, 'Kee715'),
(22628, 'Caleb Love'),
(22629, 'AdmiringWorm'),
(22630, 'Arc Angel'),
(22631, 'Arc Angel'),
(22632, 'Arc Angel'),
(22633, 'AvvA'),
(22634, 'duncans_pumpkin'),
(22635, 'Mark Barbour'),
(22636, 'SanMadJack'),
(22637, 'SanMadJack'),
(22638, 'SanMadJack'),
(22639, 'Arc Angel'),
(22640, 'Arc Angel'),
(22641, 'Arc Angel'),
(22642, 'SanMadJack'),
(22643, 'SanMadJack'),
(22644, 'Mark Barbour'),
(22645, 'SanMadJack'),
(22646, 'Arc Angel'),
(22647, 'SanMadJack'),
(22648, 'Arc Angel'),
(22649, 'Arc Angel'),
(22650, 'Arc Angel'),
(22650, 'SanMadJack'),
(22651, 'Arc Angel'),
(22652, 'Arc Angel'),
(22653, 'Arc Angel'),
(22654, 'SanMadJack'),
(22655, 'slake_jones'),
(22656, 'AdmiringWorm'),
(22657, 'Arc Angel'),
(22658, 'AvvA'),
(22659, 'duncans_pumpkin'),
(22660, 'AvvA'),
(22660, 'Virgile'),
(22661, 'duncans_pumpkin'),
(22662, 'duncans_pumpkin'),
(22663, 'Arc Angel'),
(22664, 'slake_jones'),
(22665, 'Caleb Love'),
(22666, 'Arc Angel'),
(22667, 'SanMadJack'),
(22668, 'Arc Angel'),
(22669, 'Arc Angel'),
(22670, 'AdmiringWorm'),
(22671, 'SanMadJack'),
(22672, 'duncans_pumpkin'),
(22673, 'duncans_pumpkin'),
(22674, 'Arc Angel'),
(22675, 'Arc Angel'),
(22676, 'Arc Angel'),
(22677, 'AdmiringWorm'),
(22678, 'AdmiringWorm'),
(22679, 'SanMadJack'),
(22680, 'SanMadJack'),
(22680, 'Scandalon'),
(22681, 'SanMadJack'),
(22682, 'SanMadJack'),
(22683, 'SanMadJack'),
(22684, 'SanMadJack'),
(22685, 'SanMadJack'),
(22686, 'SanMadJack'),
(22687, 'Arc Angel'),
(22688, 'SanMadJack'),
(22689, 'Craig Schlieve'),
(22690, 'SanMadJack'),
(22691, 'Arc Angel'),
(22692, 'SanMadJack'),
(22693, 'SanMadJack'),
(22694, 'SanMadJack'),
(22695, 'SanMadJack'),
(22696, 'SanMadJack'),
(22697, 'SanMadJack'),
(22698, 'SanMadJack'),
(22699, 'Arc Angel'),
(22700, 'SanMadJack'),
(22701, 'SanMadJack'),
(22702, 'AdmiringWorm'),
(22703, 'Arc Angel'),
(22704, 'SanMadJack'),
(22705, 'SanMadJack'),
(22706, 'SanMadJack'),
(22707, 'SanMadJack'),
(22708, 'SanMadJack'),
(22709, 'slake_jones'),
(22710, 'duncans_pumpkin'),
(22711, 'duncans_pumpkin'),
(22712, 'Arc Angel'),
(22713, 'slake_jones'),
(22714, 'SanMadJack'),
(22715, 'Arc Angel'),
(22716, 'Arc Angel'),
(22717, 'SanMadJack'),
(22718, 'Arc Angel'),
(22718, 'SanMadJack'),
(22719, 'Arc Angel'),
(22720, 'duncans_pumpkin'),
(22721, 'Arc Angel'),
(22722, 'SanMadJack'),
(22723, 'Arc Angel'),
(22724, 'Arc Angel'),
(22725, 'Arc Angel'),
(22726, 'Arc Angel'),
(22727, 'SanMadJack'),
(22728, 'Arc Angel'),
(22729, 'Arc Angel'),
(22730, 'Arc Angel'),
(22731, 'Arc Angel'),
(22732, 'Arc Angel'),
(22733, 'Arc Angel'),
(22734, 'Arc Angel'),
(22735, 'SanMadJack'),
(22736, 'SanMadJack'),
(22737, 'Arc Angel'),
(22738, 'Arc Angel'),
(22739, 'Caleb Love'),
(22740, 'AdmiringWorm'),
(22741, 'Arc Angel'),
(22741, 'SanMadJack'),
(22742, 'Arc Angel'),
(22743, 'slake_jones'),
(22744, 'Arc Angel'),
(22745, 'Arc Angel'),
(22746, 'Arc Angel'),
(22747, 'Christian Hamann'),
(22748, 'Christian Hamann'),
(22749, 'AdmiringWorm'),
(22750, 'SanMadJack'),
(22751, 'SanMadJack'),
(22752, 'duncans_pumpkin'),
(22753, 'duncans_pumpkin'),
(22754, 'SanMadJack'),
(22755, 'SanMadJack'),
(22756, 'SanMadJack'),
(22757, 'SanMadJack'),
(22758, 'SanMadJack'),
(22759, 'SanMadJack'),
(22760, 'SanMadJack'),
(22761, 'SanMadJack'),
(22762, 'SanMadJack'),
(22763, 'SanMadJack'),
(22764, 'SanMadJack'),
(22765, 'Arc Angel'),
(22766, 'SanMadJack'),
(22767, 'SanMadJack'),
(22768, 'SanMadJack'),
(22769, 'Håvard Krüger'),
(22770, 'SanMadJack'),
(22771, 'Arc Angel'),
(22772, 'SanMadJack'),
(22773, 'Arc Angel'),
(22774, 'AdmiringWorm'),
(22775, 'slake_jones'),
(22776, 'Arc Angel'),
(22777, 'Arc Angel'),
(22778, 'SanMadJack'),
(22779, 'AdmiringWorm'),
(22780, 'Arc Angel'),
(22781, 'AdmiringWorm'),
(22782, 'SanMadJack'),
(22783, 'SanMadJack'),
(22784, 'SanMadJack'),
(22785, 'SanMadJack'),
(22786, 'SanMadJack'),
(22787, 'Arc Angel'),
(22788, 'Arc Angel'),
(22789, 'Arc Angel'),
(22790, 'Arc Angel'),
(22791, 'Arc Angel'),
(22792, 'Arc Angel'),
(22793, 'Arc Angel'),
(22794, 'SanMadJack'),
(22795, 'SanMadJack'),
(22796, 'Arc Angel'),
(22797, 'Arc Angel'),
(22798, 'SanMadJack'),
(22799, 'SanMadJack'),
(22800, 'SanMadJack'),
(22801, 'SanMadJack'),
(22801, 'slake_jones'),
(22802, 'SanMadJack'),
(22802, 'slake_jones'),
(22803, 'slake_jones'),
(22804, 'Arc Angel'),
(22804, 'slake_jones'),
(22805, 'SanMadJack'),
(22806, 'SanMadJack'),
(22807, 'Arc Angel'),
(22808, 'Arc Angel'),
(22809, 'SanMadJack'),
(22810, 'duncans_pumpkin'),
(22811, 'SanMadJack'),
(22812, 'SanMadJack'),
(22813, 'duncans_pumpkin'),
(22814, 'Arc Angel'),
(22815, 'SanMadJack'),
(22816, 'Arc Angel'),
(22817, 'SanMadJack'),
(22818, 'Arc Angel'),
(22819, 'SanMadJack'),
(22820, 'SanMadJack'),
(22821, 'SanMadJack'),
(22822, 'SanMadJack'),
(22823, 'SanMadJack'),
(22824, 'SanMadJack'),
(22825, 'SanMadJack'),
(22826, 'SanMadJack'),
(22827, 'SanMadJack'),
(22828, 'SanMadJack'),
(22829, 'duncans_pumpkin'),
(22830, 'AdmiringWorm'),
(22831, 'AdmiringWorm'),
(22832, 'SanMadJack'),
(22833, 'SanMadJack'),
(22834, 'David Barbour'),
(22835, 'SanMadJack'),
(22836, 'SanMadJack'),
(22837, 'SanMadJack'),
(22838, 'Arc Angel'),
(22839, 'SanMadJack'),
(22840, 'SanMadJack'),
(22841, 'duncans_pumpkin'),
(22842, 'Caleb Love'),
(22842, 'duncans_pumpkin'),
(22842, 'SanMadJack'),
(22843, 'Arc Angel'),
(22844, 'SanMadJack'),
(22845, 'Arc Angel'),
(22846, 'SanMadJack'),
(22847, 'Arc Angel'),
(22848, 'Arc Angel'),
(22849, 'SanMadJack'),
(22850, 'Jetsetlemming'),
(22851, 'SanMadJack'),
(22852, 'AdmiringWorm'),
(22853, 'Paul Taylor'),
(22854, 'SanMadJack'),
(22855, 'Arc Angel'),
(22856, 'Arc Angel'),
(22857, 'Arc Angel'),
(22858, 'Arc Angel'),
(22859, 'Arc Angel'),
(22860, 'SanMadJack'),
(22861, 'Arc Angel'),
(22862, 'SanMadJack'),
(22863, 'SanMadJack'),
(22864, 'SanMadJack'),
(22865, 'AdmiringWorm'),
(22866, 'SanMadJack'),
(22867, 'SanMadJack'),
(22868, 'Arc Angel'),
(22869, 'Arc Angel'),
(22870, 'Arc Angel'),
(22871, 'SanMadJack'),
(22872, 'Jetsetlemming'),
(22872, 'SanMadJack'),
(22873, 'slake_jones'),
(22874, 'slake_jones'),
(22875, 'slake_jones'),
(22876, 'Arc Angel'),
(22877, 'SanMadJack'),
(22878, 'SanMadJack'),
(22879, 'Arc Angel'),
(22880, 'slake_jones'),
(22881, 'slake_jones'),
(22882, 'SanMadJack'),
(22883, 'Arc Angel'),
(22884, 'Arc Angel'),
(22885, 'Arc Angel'),
(22886, 'Arc Angel'),
(22887, 'slake_jones'),
(22888, 'AdmiringWorm'),
(22889, 'duncans_pumpkin'),
(22889, 'SanMadJack'),
(22890, 'duncans_pumpkin'),
(22890, 'SanMadJack'),
(22891, 'duncans_pumpkin'),
(22891, 'SanMadJack'),
(22892, 'duncans_pumpkin'),
(22892, 'SanMadJack'),
(22893, 'duncans_pumpkin'),
(22893, 'SanMadJack'),
(22894, 'duncans_pumpkin'),
(22894, 'SanMadJack'),
(22895, 'duncans_pumpkin'),
(22895, 'SanMadJack'),
(22896, 'duncans_pumpkin'),
(22896, 'SanMadJack'),
(22897, 'duncans_pumpkin'),
(22897, 'SanMadJack'),
(22898, 'duncans_pumpkin'),
(22898, 'SanMadJack'),
(22899, 'duncans_pumpkin'),
(22899, 'SanMadJack'),
(22900, 'SanMadJack'),
(22901, 'SanMadJack'),
(22902, 'SanMadJack'),
(22903, 'SanMadJack'),
(22904, 'SanMadJack'),
(22905, 'SanMadJack'),
(22906, 'SanMadJack'),
(22907, 'Arc Angel'),
(22908, 'Michael Lamere'),
(22909, 'Arc Angel'),
(22910, 'Arc Angel'),
(22911, 'SanMadJack'),
(22912, 'SanMadJack'),
(22913, 'SanMadJack'),
(22914, 'Arc Angel'),
(22915, 'Arc Angel'),
(22916, 'SanMadJack'),
(22917, 'Arc Angel'),
(22918, 'SanMadJack'),
(22919, 'SanMadJack'),
(22920, 'Arc Angel'),
(22921, 'AdmiringWorm'),
(22922, 'SanMadJack'),
(22923, 'AdmiringWorm'),
(22924, 'SanMadJack'),
(22925, 'Mark Barbour'),
(22926, 'Arc Angel'),
(22927, 'SanMadJack'),
(22928, 'SanMadJack'),
(22929, 'AdmiringWorm'),
(22929, 'Samuel Barbour'),
(22930, 'AdmiringWorm'),
(22930, 'Caleb Love'),
(22931, 'SanMadJack'),
(22932, 'SanMadJack'),
(22933, 'Arc Angel'),
(22934, 'SanMadJack'),
(22935, 'Arc Angel'),
(22936, 'Arc Angel'),
(22937, 'Arc Angel'),
(22938, 'AvvA'),
(22939, 'SanMadJack'),
(22939, 'slake_jones'),
(22940, 'SanMadJack'),
(22941, 'SanMadJack'),
(22942, 'Arc Angel'),
(22943, 'Arc Angel'),
(22944, 'Arc Angel'),
(22945, 'Arc Angel'),
(22946, 'Arc Angel'),
(22947, 'Arc Angel'),
(22948, 'Arc Angel'),
(22949, 'Arc Angel'),
(22950, 'duncans_pumpkin'),
(22951, 'duncans_pumpkin'),
(22952, 'Arc Angel'),
(22952, 'Håvard Krüger'),
(22953, 'Arc Angel'),
(22954, 'SanMadJack'),
(22955, 'SanMadJack'),
(22956, 'Caleb Love'),
(22957, 'SanMadJack'),
(22958, 'slake_jones'),
(22959, 'AvvA'),
(22960, 'duncans_pumpkin'),
(22961, 'SanMadJack'),
(22962, 'duncans_pumpkin'),
(22963, 'David Barbour'),
(22963, 'SanMadJack'),
(22964, 'David Barbour'),
(22965, 'Arc Angel'),
(22966, 'Arc Angel'),
(22967, 'SanMadJack'),
(22968, 'Arc Angel'),
(22969, 'SanMadJack'),
(22970, 'Arc Angel'),
(22971, 'AdmiringWorm'),
(22972, 'Arc Angel'),
(22973, 'SanMadJack'),
(22974, 'slake_jones'),
(22975, 'Arc Angel'),
(22975, 'SanMadJack'),
(22976, 'duncans_pumpkin'),
(22977, 'duncans_pumpkin'),
(22978, 'Arc Angel'),
(22979, 'SanMadJack'),
(22980, 'SanMadJack'),
(22981, 'Arc Angel'),
(22982, 'SanMadJack'),
(22983, 'SanMadJack'),
(22984, 'AdmiringWorm'),
(22984, 'SanMadJack'),
(22985, 'AdmiringWorm'),
(22985, 'SanMadJack'),
(22986, 'AdmiringWorm'),
(22986, 'SanMadJack'),
(22987, 'AdmiringWorm'),
(22987, 'SanMadJack'),
(22988, 'AdmiringWorm'),
(22988, 'SanMadJack'),
(22989, 'Arc Angel'),
(22990, 'Arc Angel'),
(22991, 'Arc Angel'),
(22992, 'SanMadJack'),
(22993, 'Arc Angel'),
(22994, 'murasaki8'),
(22995, 'Arc Angel'),
(22996, 'AdmiringWorm'),
(22997, 'Arc Angel'),
(22998, 'Arc Angel'),
(22999, 'SanMadJack'),
(23000, 'Arc Angel'),
(23001, 'SanMadJack'),
(23002, 'SanMadJack'),
(23003, 'SanMadJack'),
(23004, 'AdmiringWorm'),
(23005, 'SanMadJack'),
(23006, 'slake_jones'),
(23007, 'SanMadJack'),
(23008, 'SanMadJack'),
(23009, 'SanMadJack'),
(23010, 'SanMadJack'),
(23011, 'SanMadJack'),
(23012, 'SanMadJack'),
(23013, 'SanMadJack'),
(23014, 'SanMadJack'),
(23015, 'Arc Angel'),
(23016, 'Arc Angel'),
(23017, 'AdmiringWorm'),
(23018, 'SanMadJack'),
(23019, 'Arc Angel'),
(23020, 'Arc Angel'),
(23021, 'Arc Angel'),
(23022, 'SanMadJack'),
(23023, 'Arc Angel'),
(23024, 'slake_jones'),
(23025, 'slake_jones'),
(23026, 'slake_jones'),
(23027, 'SanMadJack'),
(23028, 'Arc Angel'),
(23029, 'Arc Angel'),
(23030, 'Arc Angel'),
(23031, 'Arc Angel'),
(23032, 'Kee715'),
(23033, 'SanMadJack'),
(23034, 'slake_jones'),
(23035, 'SanMadJack'),
(23036, 'SanMadJack'),
(23037, 'SanMadJack'),
(23038, 'SanMadJack'),
(23039, 'SanMadJack'),
(23040, 'AdmiringWorm'),
(23041, 'Samuel Barbour'),
(23041, 'SanMadJack'),
(23042, 'SanMadJack'),
(23043, 'Arc Angel'),
(23044, 'Arc Angel'),
(23045, 'SanMadJack'),
(23046, 'Arc Angel'),
(23047, 'Arc Angel'),
(23048, 'Arc Angel'),
(23049, 'Arc Angel'),
(23050, 'SanMadJack'),
(23051, 'SanMadJack'),
(23052, 'SanMadJack'),
(23053, 'SanMadJack'),
(23054, 'Arc Angel'),
(23055, 'Mark Barbour'),
(23056, 'AvvA'),
(23057, 'AvvA'),
(23058, 'Michael Lamere'),
(23059, 'slake_jones'),
(23060, 'Arc Angel'),
(23061, 'Arc Angel'),
(23062, 'Arc Angel'),
(23063, 'Arc Angel'),
(23064, 'SanMadJack'),
(23065, 'Grinden'),
(23066, 'SanMadJack'),
(23067, 'Arc Angel'),
(23068, 'Arc Angel'),
(23069, 'Arc Angel'),
(23070, 'duncans_pumpkin'),
(23071, 'duncans_pumpkin'),
(23072, 'Caleb Love'),
(23073, 'SanMadJack'),
(23074, 'SanMadJack'),
(23075, 'Arc Angel'),
(23076, 'SanMadJack'),
(23077, 'Arc Angel'),
(23078, 'Arc Angel'),
(23079, 'SanMadJack'),
(23080, 'SanMadJack'),
(23081, 'Arc Angel'),
(23082, 'AdmiringWorm'),
(23083, 'AdmiringWorm'),
(23084, 'duncans_pumpkin'),
(23085, 'Arc Angel'),
(23086, 'Arc Angel'),
(23087, 'Arc Angel'),
(23088, 'SanMadJack'),
(23089, 'duncans_pumpkin'),
(23090, 'SanMadJack'),
(23091, 'SanMadJack'),
(23092, 'SanMadJack'),
(23093, 'SanMadJack'),
(23094, 'Trestkon'),
(23095, 'SanMadJack'),
(23096, 'SanMadJack'),
(23097, 'SanMadJack'),
(23098, 'SanMadJack'),
(23099, 'SanMadJack'),
(23100, 'SanMadJack'),
(23101, 'SanMadJack'),
(23102, 'Paul Taylor'),
(23103, 'duncans_pumpkin'),
(23104, 'SanMadJack'),
(23105, 'Mark Barbour'),
(23106, 'SanMadJack'),
(23107, 'SanMadJack'),
(23108, 'SanMadJack'),
(23109, 'Mark Barbour'),
(23110, 'Arc Angel'),
(23111, 'Arc Angel'),
(23112, 'SanMadJack'),
(23113, 'SanMadJack'),
(23113, 'Scandalon'),
(23114, 'SanMadJack'),
(23114, 'Scandalon'),
(23115, 'Craig Schlieve'),
(23116, 'SanMadJack'),
(23117, 'SanMadJack'),
(23118, 'SanMadJack'),
(23119, 'SanMadJack'),
(23120, 'SanMadJack'),
(23121, 'SanMadJack'),
(23122, 'SanMadJack'),
(23123, 'SanMadJack'),
(23124, 'SanMadJack'),
(23125, 'SanMadJack'),
(23126, 'SanMadJack'),
(23127, 'SanMadJack'),
(23128, 'Arc Angel'),
(23129, 'SanMadJack'),
(23130, 'SanMadJack'),
(23131, 'AvvA'),
(23132, 'SanMadJack'),
(23133, 'SanMadJack'),
(23134, 'slake_jones'),
(23135, 'SanMadJack'),
(23136, 'SanMadJack'),
(23137, 'SanMadJack'),
(23138, 'SanMadJack'),
(23139, 'Arc Angel'),
(23140, 'AvvA'),
(23141, 'SanMadJack'),
(23142, 'Arc Angel'),
(23143, 'Arc Angel'),
(23144, 'Arc Angel'),
(23145, 'Arc Angel'),
(23146, 'AvvA'),
(23147, 'AdmiringWorm'),
(23148, 'Arc Angel'),
(23149, 'Arc Angel'),
(23150, 'SanMadJack'),
(23151, 'Arc Angel'),
(23152, 'Arc Angel'),
(23153, 'SanMadJack'),
(23154, 'Arc Angel'),
(23155, 'SanMadJack'),
(23156, 'AvvA'),
(23157, 'SanMadJack'),
(23158, 'AvvA'),
(23159, 'Arc Angel'),
(23160, 'Arc Angel'),
(23161, 'AvvA'),
(23162, 'Arc Angel'),
(23163, 'SanMadJack'),
(23164, 'Arc Angel'),
(23165, 'Arc Angel'),
(23166, 'Arc Angel'),
(23166, 'SanMadJack'),
(23167, 'Arc Angel'),
(23168, 'Arc Angel'),
(23169, 'Arc Angel'),
(23170, 'slake_jones'),
(23171, 'Arc Angel'),
(23172, 'Arc Angel'),
(23173, 'SanMadJack'),
(23174, 'SanMadJack'),
(23175, 'Arc Angel'),
(23176, 'AdmiringWorm'),
(23177, 'Arc Angel'),
(23178, 'Arc Angel'),
(23179, 'Christian Hamann'),
(23180, 'Arc Angel'),
(23181, 'SanMadJack'),
(23182, 'Arc Angel'),
(23183, 'Arc Angel'),
(23184, 'AdmiringWorm'),
(23185, 'SanMadJack'),
(23186, 'SanMadJack'),
(23187, 'Arc Angel'),
(23188, 'AvvA'),
(23189, 'Arc Angel'),
(23190, 'Arc Angel'),
(23191, 'SanMadJack'),
(23192, 'SanMadJack'),
(23193, 'SanMadJack'),
(23194, 'SanMadJack'),
(23195, 'SanMadJack'),
(23196, 'SanMadJack'),
(23197, 'SanMadJack'),
(23198, 'SanMadJack'),
(23199, 'SanMadJack'),
(23200, 'SanMadJack'),
(23201, 'SanMadJack'),
(23202, 'SanMadJack'),
(23203, 'SanMadJack'),
(23204, 'SanMadJack'),
(23205, 'SanMadJack'),
(23206, 'SanMadJack'),
(23207, 'SanMadJack'),
(23208, 'SanMadJack'),
(23209, 'SanMadJack'),
(23210, 'SanMadJack'),
(23211, 'SanMadJack'),
(23212, 'SanMadJack'),
(23213, 'SanMadJack'),
(23214, 'SanMadJack'),
(23215, 'SanMadJack'),
(23216, 'SanMadJack'),
(23217, 'SanMadJack'),
(23218, 'SanMadJack'),
(23219, 'SanMadJack'),
(23220, 'SanMadJack'),
(23221, 'SanMadJack'),
(23222, 'SanMadJack'),
(23223, 'SanMadJack'),
(23224, 'SanMadJack'),
(23225, 'SanMadJack'),
(23226, 'duncans_pumpkin'),
(23227, 'duncans_pumpkin'),
(23228, 'duncans_pumpkin'),
(23229, 'SanMadJack'),
(23230, 'duncans_pumpkin'),
(23231, 'SanMadJack'),
(23232, 'duncans_pumpkin'),
(23233, 'duncans_pumpkin'),
(23234, 'SanMadJack'),
(23235, 'SanMadJack'),
(23236, 'SanMadJack'),
(23237, 'SanMadJack'),
(23238, 'SanMadJack'),
(23239, 'SanMadJack'),
(23240, 'SanMadJack'),
(23241, 'SanMadJack'),
(23242, 'duncans_pumpkin'),
(23243, 'SanMadJack'),
(23244, 'AdmiringWorm'),
(23245, 'AdmiringWorm'),
(23246, 'SanMadJack'),
(23247, 'SanMadJack'),
(23248, 'SanMadJack'),
(23249, 'SanMadJack'),
(23250, 'SanMadJack'),
(23251, 'SanMadJack'),
(23252, 'SanMadJack'),
(23253, 'SanMadJack'),
(23254, 'SanMadJack'),
(23255, 'SanMadJack'),
(23256, 'SanMadJack'),
(23257, 'SanMadJack'),
(23258, 'SanMadJack'),
(23259, 'SanMadJack'),
(23260, 'SanMadJack'),
(23261, 'AdmiringWorm'),
(23262, 'SanMadJack'),
(23263, 'SanMadJack'),
(23264, 'AdmiringWorm'),
(23265, 'SanMadJack'),
(23266, 'SanMadJack'),
(23267, 'SanMadJack'),
(23268, 'SanMadJack'),
(23269, 'AdmiringWorm'),
(23270, 'SanMadJack'),
(23271, 'SanMadJack'),
(23272, 'SanMadJack'),
(23273, 'SanMadJack'),
(23274, 'SanMadJack'),
(23275, 'SanMadJack'),
(23276, 'SanMadJack'),
(23277, 'SanMadJack'),
(23278, 'SanMadJack'),
(23279, 'SanMadJack'),
(23280, 'SanMadJack'),
(23281, 'SanMadJack'),
(23282, 'SanMadJack'),
(23283, 'SanMadJack'),
(23284, 'SanMadJack'),
(23285, 'SanMadJack'),
(23286, 'SanMadJack'),
(23287, 'SanMadJack'),
(23288, 'SanMadJack'),
(23289, 'SanMadJack'),
(23290, 'SanMadJack'),
(23291, 'SanMadJack'),
(23292, 'SanMadJack'),
(23293, 'SanMadJack'),
(23294, 'SanMadJack'),
(23295, 'SanMadJack'),
(23296, 'SanMadJack'),
(23297, 'SanMadJack'),
(23298, 'SanMadJack'),
(23299, 'SanMadJack'),
(23300, 'SanMadJack'),
(23301, 'SanMadJack'),
(23302, 'SanMadJack'),
(23303, 'SanMadJack'),
(23304, 'SanMadJack'),
(23305, 'SanMadJack'),
(23306, 'AdmiringWorm'),
(23307, 'SanMadJack'),
(23308, 'SanMadJack'),
(23309, 'AdmiringWorm'),
(23310, 'SanMadJack'),
(23311, 'SanMadJack'),
(23312, 'SanMadJack'),
(23313, 'SanMadJack'),
(23314, 'SanMadJack'),
(23315, 'SanMadJack'),
(23316, 'SanMadJack'),
(23317, 'SanMadJack'),
(23318, 'SanMadJack'),
(23319, 'SanMadJack'),
(23320, 'SanMadJack'),
(23321, 'SanMadJack'),
(23322, 'SanMadJack'),
(23323, 'SanMadJack'),
(23324, 'SanMadJack'),
(23325, 'SanMadJack'),
(23326, 'SanMadJack'),
(23327, 'SanMadJack'),
(23328, 'SanMadJack'),
(23329, 'SanMadJack'),
(23330, 'SanMadJack'),
(23331, 'SanMadJack'),
(23332, 'SanMadJack'),
(23333, 'SanMadJack'),
(23334, 'SanMadJack'),
(23335, 'SanMadJack'),
(23336, 'SanMadJack'),
(23337, 'SanMadJack'),
(23338, 'SanMadJack'),
(23339, 'SanMadJack'),
(23340, 'SanMadJack'),
(23341, 'SanMadJack'),
(23342, 'SanMadJack'),
(23343, 'SanMadJack'),
(23344, 'SanMadJack'),
(23345, 'SanMadJack'),
(23346, 'SanMadJack'),
(23347, 'SanMadJack'),
(23348, 'SanMadJack'),
(23349, 'SanMadJack'),
(23350, 'SanMadJack'),
(23351, 'SanMadJack'),
(23352, 'SanMadJack'),
(23353, 'SanMadJack'),
(23354, 'SanMadJack'),
(23355, 'SanMadJack'),
(23356, 'SanMadJack'),
(23357, 'SanMadJack'),
(23358, 'SanMadJack'),
(23359, 'SanMadJack'),
(23360, 'SanMadJack'),
(23361, 'SanMadJack'),
(23362, 'SanMadJack'),
(23363, 'SanMadJack'),
(23364, 'SanMadJack'),
(23365, 'SanMadJack'),
(23366, 'SanMadJack'),
(23367, 'SanMadJack'),
(23368, 'SanMadJack'),
(23369, 'SanMadJack'),
(23370, 'SanMadJack'),
(23371, 'SanMadJack'),
(23372, 'SanMadJack'),
(23373, 'SanMadJack'),
(23374, 'SanMadJack'),
(23375, 'SanMadJack'),
(23376, 'SanMadJack'),
(23377, 'SanMadJack'),
(23378, 'SanMadJack'),
(23379, 'SanMadJack'),
(23380, 'SanMadJack'),
(23381, 'SanMadJack'),
(23382, 'SanMadJack'),
(23383, 'SanMadJack'),
(23384, 'SanMadJack'),
(23385, 'SanMadJack'),
(23386, 'SanMadJack'),
(23387, 'SanMadJack'),
(23388, 'SanMadJack'),
(23389, 'SanMadJack'),
(23390, 'SanMadJack'),
(23391, 'SanMadJack'),
(23392, 'SanMadJack'),
(23393, 'SanMadJack'),
(23394, 'SanMadJack'),
(23395, 'SanMadJack'),
(23396, 'AvvA'),
(23397, 'SanMadJack'),
(23398, 'SanMadJack'),
(23399, 'SanMadJack'),
(23400, 'Scandalon'),
(23401, 'AvvA'),
(23402, 'SanMadJack'),
(23403, 'AvvA'),
(23404, 'AvvA'),
(23405, 'SanMadJack'),
(23406, 'SanMadJack'),
(23407, 'SanMadJack'),
(23408, 'SanMadJack'),
(23409, 'David Barbour'),
(23410, 'SanMadJack'),
(23411, 'SanMadJack'),
(23412, 'SanMadJack'),
(23413, 'SanMadJack'),
(23414, 'Jetsetlemming'),
(23415, 'SanMadJack'),
(23416, 'SanMadJack'),
(23417, 'SanMadJack'),
(23418, 'SanMadJack'),
(23419, 'SanMadJack'),
(23420, 'SanMadJack'),
(23421, 'SanMadJack'),
(23422, 'SanMadJack'),
(23423, 'SanMadJack'),
(23424, 'SanMadJack'),
(23425, 'SanMadJack'),
(23426, 'SanMadJack'),
(23427, 'SanMadJack'),
(23428, 'SanMadJack'),
(23429, 'SanMadJack'),
(23430, 'SanMadJack'),
(23431, 'Mark Barbour'),
(23432, 'SanMadJack'),
(23433, 'SanMadJack'),
(23434, 'SanMadJack'),
(23435, 'SanMadJack'),
(23436, 'SanMadJack'),
(23437, 'SanMadJack'),
(23438, 'SanMadJack'),
(23439, 'SanMadJack'),
(23440, 'SanMadJack'),
(23441, 'SanMadJack'),
(23442, 'SanMadJack'),
(23443, 'SanMadJack'),
(23444, 'SanMadJack'),
(23445, 'SanMadJack'),
(23446, 'SanMadJack'),
(23447, 'SanMadJack'),
(23448, 'SanMadJack'),
(23449, 'SanMadJack'),
(23450, 'SanMadJack'),
(23451, 'SanMadJack'),
(23452, 'SanMadJack'),
(23453, 'SanMadJack'),
(23454, 'SanMadJack'),
(23455, 'SanMadJack'),
(23456, 'SanMadJack'),
(23457, 'SanMadJack'),
(23458, 'SanMadJack'),
(23459, 'SanMadJack'),
(23460, 'SanMadJack'),
(23461, 'SanMadJack'),
(23462, 'SanMadJack'),
(23463, 'SanMadJack'),
(23464, 'SanMadJack'),
(23465, 'SanMadJack'),
(23466, 'SanMadJack'),
(23467, 'SanMadJack'),
(23468, 'SanMadJack'),
(23469, 'SanMadJack'),
(23470, 'SanMadJack'),
(23471, 'SanMadJack'),
(23472, 'SanMadJack'),
(23473, 'slake_jones'),
(23474, 'SanMadJack'),
(23475, 'SanMadJack'),
(23476, 'SanMadJack'),
(23477, 'SanMadJack'),
(23478, 'SanMadJack'),
(23479, 'SanMadJack'),
(23480, 'SanMadJack'),
(23481, 'Arc Angel'),
(23482, 'Arc Angel'),
(23483, 'Arc Angel');

-- --------------------------------------------------------

--
-- Table structure for table `game_contributors`
--

CREATE TABLE IF NOT EXISTS `game_contributors` (
  `name` varchar(200) NOT NULL,
  PRIMARY KEY (`name`)
) ENGINE=InnoDB DEFAULT CHARSET=utf8;

--
-- Dumping data for table `game_contributors`
--

INSERT INTO `game_contributors` (`name`) VALUES
('AdmiringWorm'),
('Arc Angel'),
('AvvA'),
('Caleb Love'),
('cammkelly'),
('cheshhire'),
('Christian Hamann'),
('Craig Schlieve'),
('David Barbour'),
('duncans_pumpkin'),
('Dwight Holman'),
('Grinden'),
('Håvard Krüger'),
('javier.ark'),
('Jetsetlemming'),
('Joe Looney'),
('Kee715'),
('Mark Barbour'),
('Michael Lamere'),
('murasaki8'),
('Paul Taylor'),
('paul_taylor30'),
('raize221'),
('Samuel Barbour'),
('SamuelTaylor'),
('SanMadJack'),
('Scandalon'),
('slake_jones'),
('Snap_shot'),
('Trestkon'),
('Virgile');

-- --------------------------------------------------------

--
-- Table structure for table `game_environment_variables`
--

CREATE TABLE IF NOT EXISTS `game_environment_variables` (
  `name` varchar(50) NOT NULL,
  PRIMARY KEY (`name`)
) ENGINE=InnoDB DEFAULT CHARSET=utf8;

--
-- Dumping data for table `game_environment_variables`
--

INSERT INTO `game_environment_variables` (`name`) VALUES
('allusersprofile'),
('altsavepaths'),
('appdata'),
('desktop'),
('drive'),
('flashshared'),
('installlocation'),
('localappdata'),
('public'),
('savedgames'),
('startmenu'),
('steamcommon'),
('steamsourcemods'),
('steamuser'),
('steamuserdata'),
('userdocuments'),
('userprofile');

-- --------------------------------------------------------

--
-- Table structure for table `game_files`
--

CREATE TABLE IF NOT EXISTS `game_files` (
  `type` bigint(20) NOT NULL,
  `id` bigint(20) NOT NULL AUTO_INCREMENT,
  `action` enum('IGNORE','SAVE','IDENTIFIER','EXCEPT') NOT NULL,
  `path` longtext,
  `filename` longtext,
  `modified_after` datetime DEFAULT NULL,
  `parent` bigint(20) DEFAULT NULL,
  PRIMARY KEY (`id`),
  KEY `type` (`type`),
  KEY `parent` (`parent`)
) ENGINE=InnoDB  DEFAULT CHARSET=utf8 AUTO_INCREMENT=1632 ;

--
-- Dumping data for table `game_files`
--

INSERT INTO `game_files` (`type`, `id`, `action`, `path`, `filename`, `modified_after`, `parent`) VALUES
(1, 1, 'SAVE', 'profile*', NULL, NULL, NULL),
(2, 2, 'SAVE', NULL, '*', NULL, NULL),
(2, 3, 'EXCEPT', NULL, 'extremetrucker.log', NULL, 2),
(4, 4, 'SAVE', NULL, 'settings.ini', NULL, NULL),
(4, 5, 'SAVE', 'SaveGames', '*.ini', NULL, NULL),
(3, 6, 'SAVE', 'SaveGames', '*.sav', NULL, NULL),
(5, 7, 'SAVE', 'Data\\profiles', NULL, NULL, NULL),
(6, 8, 'SAVE', 'SaveGames', NULL, NULL, NULL),
(7, 9, 'SAVE', NULL, 'setting.xml', NULL, NULL),
(8, 10, 'SAVE', NULL, NULL, NULL, NULL),
(10, 11, 'SAVE', 'System', 'My*.ini', NULL, NULL),
(9, 12, 'SAVE', 'System\\Saves', NULL, NULL, NULL),
(11, 13, 'SAVE', 'Binaries\\SaveData', NULL, NULL, NULL),
(11, 14, 'SAVE', 'RascalGame\\SaveData', NULL, NULL, NULL),
(12, 15, 'SAVE', 'RascalGame\\Config', NULL, NULL, NULL),
(13, 16, 'SAVE', 'SaveGame', NULL, NULL, NULL),
(14, 17, 'SAVE', 'Savegame', NULL, NULL, NULL),
(14, 18, 'SAVE', 'Users', NULL, NULL, NULL),
(15, 19, 'SAVE', 'savegame', '*.sav', NULL, NULL),
(15, 20, 'SAVE', 'savegame', '*.rec', NULL, NULL),
(16, 21, 'SAVE', 'Save', NULL, NULL, NULL),
(17, 22, 'SAVE', NULL, NULL, NULL, NULL),
(17, 23, 'EXCEPT', 'My Music', NULL, NULL, 22),
(18, 24, 'SAVE', 'savegames', NULL, NULL, NULL),
(19, 25, 'SAVE', NULL, '*', NULL, NULL),
(20, 26, 'SAVE', 'savegames', NULL, NULL, NULL),
(21, 27, 'SAVE', NULL, '*', NULL, NULL),
(23, 28, 'SAVE', 'Base', '*.cfg', NULL, NULL),
(22, 29, 'SAVE', 'Base\\save', NULL, NULL, NULL),
(25, 30, 'SAVE', 'AliceGame\\Config', NULL, NULL, NULL),
(24, 31, 'SAVE', 'AliceGame\\CheckPoint', NULL, NULL, NULL),
(27, 32, 'SAVE', 'Config', NULL, NULL, NULL),
(26, 33, 'SAVE', 'SaveData', NULL, NULL, NULL),
(29, 34, 'SAVE', 'Config', NULL, NULL, NULL),
(28, 35, 'SAVE', 'SaveData', NULL, NULL, NULL),
(31, 36, 'SAVE', 'Config', NULL, NULL, NULL),
(30, 37, 'SAVE', 'SaveData', NULL, NULL, NULL),
(32, 38, 'SAVE', NULL, NULL, NULL, NULL),
(33, 39, 'SAVE', NULL, NULL, NULL, NULL),
(34, 40, 'SAVE', 'Save', NULL, NULL, NULL),
(34, 41, 'SAVE', 'Profiles', NULL, NULL, NULL),
(35, 42, 'SAVE', NULL, NULL, NULL, NULL),
(36, 43, 'SAVE', NULL, '*.sav', NULL, NULL),
(37, 44, 'SAVE', NULL, '*.SAV', NULL, NULL),
(37, 45, 'SAVE', 'saves', NULL, NULL, NULL),
(39, 46, 'SAVE', 'scenarios', NULL, '2000-01-01 00:00:00', NULL),
(38, 47, 'SAVE', 'maps', NULL, '2000-01-01 00:00:00', NULL),
(40, 48, 'SAVE', NULL, 'Alpha Centauri.Ini', NULL, NULL),
(41, 49, 'SAVE', 'Checkpoints', NULL, NULL, NULL),
(41, 50, 'SAVE', 'Profile', NULL, NULL, NULL),
(42, 51, 'SAVE', NULL, 'Saved_*.bin', NULL, NULL),
(43, 52, 'SAVE', 'Main', '*.cfg', NULL, NULL),
(43, 53, 'SAVE', 'Main\\*', NULL, NULL, NULL),
(44, 54, 'SAVE', NULL, NULL, NULL, NULL),
(45, 55, 'SAVE', 'save\\cfg', NULL, NULL, NULL),
(46, 56, 'SAVE', NULL, 'highscores.lua', NULL, NULL),
(47, 57, 'SAVE', NULL, 'settings.lua', NULL, NULL),
(48, 58, 'SAVE', 'Savegames', NULL, NULL, NULL),
(49, 59, 'SAVE', 'APBGame\\Config\\Account', NULL, NULL, NULL),
(50, 60, 'SAVE', 'APBGame\\Config\\Linux', NULL, NULL, NULL),
(50, 61, 'SAVE', 'APBGame\\Config', '*.ini', NULL, NULL),
(51, 62, 'SAVE', NULL, 'player*', NULL, NULL),
(52, 63, 'SAVE', NULL, '*.an2', NULL, NULL),
(53, 64, 'SAVE', NULL, 'Config.txt', NULL, NULL),
(54, 65, 'SAVE', 'save', NULL, NULL, NULL),
(55, 66, 'SAVE', NULL, NULL, NULL, NULL),
(56, 67, 'SAVE', NULL, NULL, NULL, NULL),
(57, 68, 'SAVE', 'modules\\Arcanum\\Save', '*', NULL, NULL),
(59, 69, 'SAVE', NULL, 'config.ini', NULL, NULL),
(58, 70, 'SAVE', NULL, NULL, NULL, NULL),
(58, 71, 'EXCEPT', NULL, 'config.ini', NULL, 70),
(60, 72, 'SAVE', NULL, NULL, NULL, NULL),
(61, 73, 'SAVE', NULL, NULL, NULL, NULL),
(62, 74, 'SAVE', NULL, NULL, NULL, NULL),
(63, 75, 'SAVE', 'Save', NULL, NULL, NULL),
(64, 76, 'SAVE', 'Saved Games', NULL, NULL, NULL),
(65, 77, 'SAVE', NULL, '*.ini', NULL, NULL),
(66, 78, 'SAVE', NULL, NULL, NULL, NULL),
(67, 79, 'SAVE', 'profiles', NULL, NULL, NULL),
(68, 80, 'SAVE', 'engine\\Scores', NULL, NULL, NULL),
(69, 81, 'SAVE', 'Avadon Saved Games', NULL, NULL, NULL),
(70, 82, 'SAVE', NULL, NULL, NULL, NULL),
(71, 83, 'SAVE', 'save', NULL, NULL, NULL),
(72, 84, 'SAVE', 'SaveGames', NULL, NULL, NULL),
(73, 85, 'SAVE', NULL, NULL, NULL, NULL),
(74, 86, 'SAVE', NULL, NULL, NULL, NULL),
(75, 87, 'SAVE', NULL, NULL, NULL, NULL),
(76, 88, 'SAVE', NULL, NULL, NULL, NULL),
(77, 89, 'SAVE', NULL, NULL, NULL, NULL),
(78, 90, 'SAVE', 'Save', NULL, NULL, NULL),
(80, 91, 'SAVE', NULL, 'Baldur.ini', NULL, NULL),
(79, 92, 'SAVE', 'Characters', NULL, NULL, NULL),
(81, 93, 'SAVE', 'save', NULL, NULL, NULL),
(83, 94, 'SAVE', NULL, 'baldur.ini', NULL, NULL),
(82, 95, 'SAVE', 'characters', NULL, NULL, NULL),
(84, 96, 'SAVE', 'UDKGame\\Config', NULL, NULL, NULL),
(85, 97, 'SAVE', NULL, NULL, NULL, NULL),
(86, 98, 'SAVE', 'SaveData', NULL, NULL, NULL),
(87, 99, 'SAVE', 'SaveData', NULL, NULL, NULL),
(88, 100, 'SAVE', 'SaveData', NULL, NULL, NULL),
(89, 101, 'SAVE', 'BmGame\\Config', NULL, NULL, NULL),
(90, 102, 'SAVE', NULL, '*.sav', NULL, NULL),
(91, 103, 'SAVE', NULL, '*.ini', NULL, NULL),
(92, 104, 'SAVE', 'settings', NULL, NULL, NULL),
(93, 105, 'SAVE', NULL, NULL, NULL, NULL),
(94, 106, 'SAVE', 'Save', NULL, NULL, NULL),
(95, 107, 'SAVE', NULL, NULL, NULL, NULL),
(96, 108, 'SAVE', 'SaveGames', NULL, NULL, NULL),
(97, 110, 'SAVE', 'users', NULL, NULL, NULL),
(98, 112, 'SAVE', 'userdata', NULL, NULL, NULL),
(99, 113, 'SAVE', NULL, 'agssave.*', NULL, NULL),
(100, 114, 'SAVE', 'Mods\\Bos\\Saves', NULL, NULL, NULL),
(101, 115, 'SAVE', 'Mods\\Bos\\Settings', NULL, NULL, NULL),
(102, 116, 'SAVE', NULL, '*.sav', NULL, NULL),
(103, 117, 'SAVE', 'saves', NULL, NULL, NULL),
(104, 118, 'SAVE', 'data\\settings', NULL, NULL, NULL),
(105, 119, 'SAVE', 'SaveGames', NULL, NULL, NULL),
(106, 120, 'SAVE', 'SaveGames', NULL, NULL, NULL),
(107, 121, 'SAVE', 'Profiles', NULL, NULL, NULL),
(108, 122, 'SAVE', 'FOXGame\\Config', NULL, NULL, NULL),
(109, 123, 'SAVE', NULL, 'save.dat', NULL, NULL),
(110, 124, 'SAVE', NULL, NULL, NULL, NULL),
(111, 125, 'SAVE', NULL, NULL, NULL, NULL),
(112, 126, 'SAVE', NULL, NULL, NULL, NULL),
(113, 127, 'SAVE', NULL, NULL, NULL, NULL),
(114, 128, 'SAVE', NULL, NULL, NULL, NULL),
(115, 129, 'SAVE', 'SAVE', NULL, NULL, NULL),
(116, 130, 'SAVE', 'Save', NULL, NULL, NULL),
(118, 131, 'SAVE', 'Saves', 'Achievements*', NULL, NULL),
(120, 132, 'SAVE', 'Saves\\Replays', NULL, NULL, NULL),
(119, 133, 'SAVE', 'Saves\\Teams', NULL, NULL, NULL),
(121, 134, 'SAVE', 'Screenshots', NULL, NULL, NULL),
(122, 135, 'SAVE', NULL, 'Config.xml', NULL, NULL),
(117, 136, 'SAVE', NULL, NULL, NULL, NULL),
(117, 137, 'EXCEPT', 'Saves', 'Achievements*', NULL, 136),
(117, 138, 'EXCEPT', 'Saves\\Replays', NULL, NULL, 136),
(117, 139, 'EXCEPT', 'Saves\\Teams', NULL, NULL, 136),
(117, 140, 'EXCEPT', 'Screenshots', NULL, NULL, 136),
(117, 141, 'EXCEPT', NULL, 'Config.xml', NULL, 136),
(117, 142, 'EXCEPT', 'Scripts', NULL, NULL, 136),
(117, 143, 'EXCEPT', 'Cache\\3d', NULL, NULL, 136),
(117, 144, 'EXCEPT', NULL, '*.log', NULL, 136),
(124, 145, 'SAVE', 'Saves', 'Achievements*', NULL, NULL),
(126, 146, 'SAVE', 'Saves\\Replays', NULL, NULL, NULL),
(125, 147, 'SAVE', 'Saves\\Teams', NULL, NULL, NULL),
(127, 148, 'SAVE', 'Screenshots', NULL, NULL, NULL),
(128, 149, 'SAVE', NULL, 'Config.xml', NULL, NULL),
(123, 150, 'SAVE', NULL, NULL, NULL, NULL),
(123, 151, 'EXCEPT', 'Saves', 'Achievements*', NULL, 150),
(123, 152, 'EXCEPT', 'Saves\\Replays', NULL, NULL, 150),
(123, 153, 'EXCEPT', 'Saves\\Teams', NULL, NULL, 150),
(123, 154, 'EXCEPT', 'Screenshots', NULL, NULL, 150),
(123, 155, 'EXCEPT', NULL, 'Config.xml', NULL, 150),
(123, 156, 'EXCEPT', 'Scripts', NULL, NULL, 150),
(123, 157, 'EXCEPT', 'Cache\\3d', NULL, NULL, 150),
(123, 158, 'EXCEPT', NULL, '*.log', NULL, 150),
(129, 159, 'SAVE', 'savegame', NULL, NULL, NULL),
(130, 160, 'SAVE', 'savegame', NULL, NULL, NULL),
(131, 161, 'SAVE', NULL, NULL, NULL, NULL),
(132, 163, 'SAVE', 'users', NULL, NULL, NULL),
(133, 164, 'SAVE', 'SaveData', NULL, NULL, NULL),
(134, 165, 'SAVE', NULL, NULL, NULL, NULL),
(136, 166, 'SAVE', NULL, 'Settings', NULL, NULL),
(135, 167, 'SAVE', NULL, NULL, NULL, NULL),
(135, 168, 'EXCEPT', NULL, 'Settings', NULL, 167),
(137, 169, 'SAVE', NULL, 'BS2_save*', NULL, NULL),
(138, 170, 'SAVE', NULL, 'settings.bin', NULL, NULL),
(139, 171, 'SAVE', 'saves', NULL, NULL, NULL),
(140, 172, 'SAVE', NULL, NULL, NULL, NULL),
(141, 173, 'SAVE', NULL, NULL, NULL, NULL),
(143, 174, 'SAVE', 'Config', NULL, NULL, NULL),
(142, 175, 'SAVE', 'SaveData', NULL, NULL, NULL),
(144, 176, 'SAVE', NULL, NULL, NULL, NULL),
(146, 177, 'SAVE', NULL, 'config.ini', NULL, NULL),
(145, 178, 'SAVE', 'Save', NULL, NULL, NULL),
(147, 179, 'SAVE', NULL, NULL, NULL, NULL),
(149, 180, 'SAVE', 'main', '*.cfg', NULL, NULL),
(148, 181, 'SAVE', 'main\\save', NULL, NULL, NULL),
(150, 182, 'SAVE', 'main\\players', NULL, NULL, NULL),
(151, 183, 'SAVE', 'players\\profiles', NULL, NULL, NULL),
(152, 184, 'SAVE', 'players', NULL, NULL, NULL),
(153, 185, 'SAVE', 'players', NULL, NULL, NULL),
(154, 186, 'SAVE', 'players2\\save', NULL, NULL, NULL),
(155, 187, 'SAVE', 'players2', '*', NULL, NULL),
(157, 188, 'SAVE', NULL, '*.cfg', NULL, NULL),
(156, 189, 'SAVE', 'save', NULL, NULL, NULL),
(158, 190, 'SAVE', 'players', NULL, NULL, NULL),
(159, 191, 'SAVE', 'Out\\save', NULL, NULL, NULL),
(159, 192, 'SAVE', 'Out\\profiles', NULL, NULL, NULL),
(160, 193, 'SAVE', 'Content', 'Config.xfg', NULL, NULL),
(161, 194, 'SAVE', 'Players', NULL, NULL, NULL),
(162, 195, 'SAVE', 'save', NULL, NULL, NULL),
(163, 196, 'SAVE', 'Save', NULL, NULL, NULL),
(164, 197, 'SAVE', NULL, '*.gamesave', NULL, NULL),
(165, 198, 'SAVE', 'Save', NULL, NULL, NULL),
(166, 199, 'SAVE', 'Save', NULL, NULL, NULL),
(167, 200, 'SAVE', 'SaveGames', NULL, NULL, NULL),
(168, 201, 'SAVE', NULL, NULL, NULL, NULL),
(169, 202, 'SAVE', 'saves', NULL, NULL, NULL),
(170, 203, 'SAVE', NULL, '*', NULL, NULL),
(170, 204, 'EXCEPT', NULL, '*.txt', NULL, 203),
(171, 205, 'SAVE', NULL, '*.sav', NULL, NULL),
(172, 206, 'SAVE', NULL, '*.sav', NULL, NULL),
(173, 207, 'SAVE', NULL, '*.sav', NULL, NULL),
(175, 208, 'SAVE', NULL, 'Civilization3.Ini', NULL, NULL),
(174, 209, 'SAVE', 'Saves', NULL, NULL, NULL),
(176, 210, 'SAVE', 'Saves', NULL, NULL, NULL),
(177, 211, 'SAVE', 'Saves', NULL, NULL, NULL),
(178, 212, 'SAVE', 'Saves', NULL, NULL, NULL),
(178, 213, 'SAVE', 'ModdedSaves', NULL, NULL, NULL),
(179, 214, 'SAVE', 'Data\\profiles', NULL, NULL, NULL),
(181, 215, 'SAVE', 'Data', 'AudioSettings.scr', NULL, NULL),
(181, 216, 'SAVE', 'Data', 'CoDrvReader.scr', NULL, NULL),
(181, 217, 'SAVE', 'Data', 'Controller.scr', NULL, NULL),
(181, 218, 'SAVE', 'Data', 'DefaultControllers.scr', NULL, NULL),
(181, 219, 'SAVE', 'Data', 'VideoSettings.scr', NULL, NULL),
(181, 220, 'SAVE', 'Data', 'VideoSettingsGTI.scr', NULL, NULL),
(181, 221, 'SAVE', 'Data', 'VideoSettingsGTI_MP.scr', NULL, NULL),
(180, 222, 'SAVE', 'Replays', NULL, NULL, NULL),
(183, 223, 'SAVE', NULL, '*.cfg', NULL, NULL),
(182, 224, 'SAVE', 'profiles', NULL, NULL, NULL),
(184, 225, 'SAVE', NULL, '*.SAV', NULL, NULL),
(185, 226, 'SAVE', NULL, NULL, NULL, NULL),
(186, 227, 'SAVE', NULL, NULL, NULL, NULL),
(187, 228, 'SAVE', NULL, NULL, NULL, NULL),
(188, 229, 'SAVE', 'Savegames', NULL, NULL, NULL),
(189, 230, 'SAVE', NULL, '*.lua', NULL, NULL),
(191, 232, 'SAVE', NULL, 'settings.cfg', NULL, NULL),
(190, 233, 'SAVE', 'Profiles', NULL, NULL, NULL),
(190, 234, 'SAVE', 'Save', NULL, NULL, NULL),
(192, 235, 'SAVE', NULL, NULL, NULL, NULL),
(193, 237, 'SAVE', 'SAVE', NULL, NULL, NULL),
(194, 238, 'SAVE', 'My Solutions', NULL, NULL, NULL),
(195, 239, 'SAVE', 'Data\\Save', NULL, NULL, NULL),
(196, 240, 'SAVE', 'Profiles', NULL, NULL, NULL),
(196, 241, 'SAVE', 'SaveGames', NULL, NULL, NULL),
(197, 242, 'SAVE', 'SaveGames', NULL, NULL, NULL),
(197, 243, 'SAVE', 'Profiles', NULL, NULL, NULL),
(198, 244, 'SAVE', 'Profiles', NULL, NULL, NULL),
(198, 245, 'SAVE', 'SaveGames', NULL, NULL, NULL),
(199, 246, 'SAVE', 'Profiles', NULL, NULL, NULL),
(200, 247, 'SAVE', NULL, 'CSISaveGame*', NULL, NULL),
(201, 248, 'SAVE', NULL, 'prefs.prop', NULL, NULL),
(202, 249, 'SAVE', NULL, 'csiconfig.dat', NULL, NULL),
(204, 250, 'SAVE', NULL, 'Settings', NULL, NULL),
(203, 251, 'SAVE', NULL, NULL, NULL, NULL),
(203, 252, 'EXCEPT', NULL, 'Settings', NULL, 251),
(206, 253, 'SAVE', NULL, 'settings.ini', NULL, NULL),
(205, 254, 'SAVE', NULL, '*.sav', NULL, NULL),
(207, 256, 'SAVE', NULL, '*.cbs', NULL, NULL),
(208, 258, 'SAVE', NULL, '*.cbs', NULL, NULL),
(209, 259, 'SAVE', 'data\\save', NULL, NULL, NULL),
(210, 260, 'SAVE', 'data', '*.cfg', NULL, NULL),
(211, 261, 'SAVE', 'prog\\data\\Mousechief\\RPBG\\DHSGiT_v1_0_0', NULL, NULL, NULL),
(212, 262, 'SAVE', 'base\\save', NULL, NULL, NULL),
(213, 263, 'SAVE', NULL, NULL, NULL, NULL),
(214, 264, 'SAVE', NULL, NULL, NULL, NULL),
(215, 265, 'SAVE', 'data\\profiles', NULL, NULL, NULL),
(216, 267, 'SAVE', 'mm\\SAVE', NULL, NULL, NULL),
(217, 268, 'SAVE', NULL, NULL, NULL, NULL),
(218, 269, 'SAVE', 'save', NULL, NULL, NULL),
(219, 270, 'SAVE', NULL, 'config.txt', NULL, NULL),
(220, 271, 'SAVE', 'save', NULL, NULL, NULL),
(221, 272, 'SAVE', NULL, NULL, NULL, NULL),
(222, 273, 'SAVE', NULL, NULL, NULL, NULL),
(224, 274, 'SAVE', 'Preferences', NULL, NULL, NULL),
(223, 275, 'SAVE', 'Creatures', NULL, NULL, NULL),
(225, 276, 'SAVE', 'Save', NULL, NULL, NULL),
(226, 277, 'SAVE', 'save', NULL, NULL, NULL),
(227, 278, 'SAVE', 'SavedGames', NULL, NULL, NULL),
(228, 279, 'SAVE', 'SkyGame\\Config', NULL, NULL, NULL),
(227, 280, 'SAVE', NULL, 'profile.dvp', NULL, NULL),
(229, 281, 'SAVE', 'users', NULL, NULL, NULL),
(230, 282, 'SAVE', NULL, 'preferences.txt', NULL, NULL),
(230, 283, 'SAVE', NULL, 'user_input_preferences.txt', NULL, NULL),
(231, 284, 'SAVE', NULL, NULL, NULL, NULL),
(232, 285, 'SAVE', NULL, '*.deadspacesaved', NULL, NULL),
(233, 286, 'SAVE', NULL, NULL, NULL, NULL),
(234, 287, 'SAVE', 'Profiles', NULL, NULL, NULL),
(235, 288, 'SAVE', 'Profile*', NULL, NULL, NULL),
(236, 289, 'SAVE', 'Config', NULL, NULL, NULL),
(237, 290, 'SAVE', NULL, 'default', NULL, NULL),
(238, 291, 'SAVE', NULL, 'userrender.ini', NULL, NULL),
(239, 292, 'SAVE', NULL, '*.sav', NULL, NULL),
(240, 293, 'SAVE', NULL, '*.cfg', NULL, NULL),
(241, 294, 'SAVE', NULL, NULL, NULL, NULL),
(242, 295, 'SAVE', NULL, '*.PLR', NULL, NULL),
(242, 296, 'SAVE', NULL, '*.SG*', NULL, NULL),
(243, 297, 'SAVE', 'DEMOS', NULL, NULL, NULL),
(244, 298, 'SAVE', NULL, 'DESCENT.CFG', NULL, NULL),
(246, 299, 'SAVE', NULL, '*.plt', NULL, NULL),
(245, 300, 'SAVE', 'savegame', NULL, NULL, NULL),
(247, 301, 'SAVE', 'demo', '*.dem', NULL, NULL),
(248, 302, 'SAVE', 'Players', NULL, NULL, NULL),
(249, 303, 'SAVE', 'Game\\Data\\Savegame', NULL, NULL, NULL),
(250, 304, 'SAVE', 'Savegame', NULL, NULL, NULL),
(252, 306, 'SAVE', 'System', '*.ini', NULL, NULL),
(251, 307, 'SAVE', 'Save', NULL, NULL, NULL),
(253, 308, 'SAVE', NULL, NULL, NULL, NULL),
(254, 309, 'SAVE', NULL, '*.sv', NULL, NULL),
(255, 310, 'SAVE', 'save', NULL, NULL, NULL),
(256, 311, 'SAVE', 'user', NULL, NULL, NULL),
(257, 312, 'SAVE', 'savegame', NULL, NULL, NULL),
(258, 313, 'SAVE', 'savegame', NULL, NULL, NULL),
(259, 314, 'SAVE', 'savegame', NULL, NULL, NULL),
(260, 315, 'SAVE', 'benchmarks', NULL, NULL, NULL),
(261, 316, 'SAVE', 'Save', NULL, NULL, NULL),
(262, 317, 'SAVE', NULL, 'user.ini', NULL, NULL),
(263, 318, 'SAVE', NULL, NULL, NULL, NULL),
(264, 319, 'SAVE', NULL, NULL, NULL, NULL),
(265, 320, 'SAVE', NULL, '*.zds', NULL, NULL),
(266, 321, 'SAVE', NULL, '*.zds', NULL, NULL),
(267, 322, 'SAVE', 'base\\savegames', NULL, NULL, NULL),
(268, 323, 'SAVE', NULL, NULL, NULL, NULL),
(270, 324, 'SAVE', 'Settings', NULL, NULL, NULL),
(269, 325, 'SAVE', 'Characters', NULL, NULL, NULL),
(272, 326, 'SAVE', 'Settings', 'DragonAge.ini', NULL, NULL),
(272, 327, 'SAVE', 'Settings', 'KeyBindings.ini', NULL, NULL),
(271, 328, 'SAVE', 'Characters', NULL, NULL, NULL),
(273, 329, 'SAVE', 'TriangleMeshes', NULL, NULL, NULL),
(274, 330, 'SAVE', NULL, 'DND.ini', NULL, NULL),
(275, 331, 'SAVE', 'saves', NULL, NULL, NULL),
(276, 332, 'SAVE', NULL, 'prefs.dat', NULL, NULL),
(277, 333, 'SAVE', 'Saves', NULL, NULL, NULL),
(278, 334, 'SAVE', NULL, 'Config.txt', NULL, NULL),
(279, 335, 'SAVE', 'Saves', NULL, NULL, NULL),
(280, 336, 'SAVE', 'Configs', NULL, NULL, NULL),
(282, 337, 'SAVE', NULL, '*.DPLUser', NULL, NULL),
(281, 338, 'SAVE', NULL, '*.DPLSave', NULL, NULL),
(283, 339, 'SAVE', NULL, NULL, NULL, NULL),
(284, 340, 'SAVE', NULL, NULL, NULL, NULL),
(286, 341, 'SAVE', 'Save', '*.DAT', NULL, NULL),
(285, 342, 'SAVE', 'Save', NULL, NULL, NULL),
(285, 343, 'EXCEPT', 'Save', '*.DAT', NULL, 342),
(287, 344, 'SAVE', 'Data\\Save', NULL, NULL, NULL),
(289, 345, 'SAVE', 'Config', NULL, NULL, NULL),
(288, 346, 'SAVE', 'SaveData', NULL, NULL, NULL),
(290, 347, 'SAVE', NULL, NULL, NULL, NULL),
(293, 348, 'SAVE', NULL, 'config.txt', NULL, NULL),
(292, 349, 'SAVE', NULL, 'hiscores.txt', NULL, NULL),
(291, 350, 'SAVE', NULL, 'loadsave.dat', NULL, NULL),
(291, 351, 'SAVE', NULL, '*.sav', NULL, NULL),
(291, 352, 'SAVE', NULL, 'last.txt', NULL, NULL),
(294, 353, 'SAVE', 'save', NULL, NULL, NULL),
(295, 354, 'SAVE', 'Players', NULL, NULL, NULL),
(296, 355, 'SAVE', 'Players', NULL, NULL, NULL),
(297, 356, 'SAVE', 'Players', NULL, NULL, NULL),
(298, 357, 'SAVE', 'Players', NULL, NULL, NULL),
(299, 358, 'SAVE', NULL, '*.SAV', NULL, NULL),
(300, 359, 'SAVE', 'User\\Profiles', NULL, NULL, NULL),
(301, 360, 'SAVE', 'Saves', NULL, NULL, NULL),
(303, 361, 'SAVE', NULL, '*.ini', NULL, NULL),
(302, 362, 'SAVE', 'Saves', NULL, NULL, NULL),
(305, 363, 'SAVE', NULL, '*.ini', NULL, NULL),
(304, 364, 'SAVE', 'Saves', NULL, NULL, NULL),
(304, 365, 'EXCEPT', 'Saves', '*.tmp', NULL, 364),
(306, 366, 'SAVE', 'save', NULL, NULL, NULL),
(307, 367, 'SAVE', 'Data\\Saved Games', NULL, NULL, NULL),
(308, 368, 'SAVE', 'Data\\Campaigns', NULL, '2001-10-09 00:00:00', NULL),
(310, 369, 'SAVE', 'Data\\Scenarios', NULL, NULL, NULL),
(309, 370, 'SAVE', 'Users\\*\\Civilizations', NULL, NULL, NULL),
(311, 371, 'SAVE', 'savegame*', NULL, NULL, NULL),
(312, 372, 'SAVE', 'CustomCivs', NULL, NULL, NULL),
(313, 373, 'SAVE', 'CustomForces', NULL, NULL, NULL),
(314, 374, 'SAVE', 'maps', NULL, NULL, NULL),
(315, 375, 'SAVE', 'scenario', NULL, NULL, NULL),
(316, 376, 'SAVE', 'profiles\\*\\savegame*', NULL, NULL, NULL),
(317, 377, 'SAVE', 'profiles\\*\\CustomCivs', NULL, NULL, NULL),
(318, 378, 'SAVE', 'profiles\\*\\maps', NULL, NULL, NULL),
(319, 379, 'SAVE', 'scenario', NULL, NULL, NULL),
(320, 380, 'SAVE', NULL, NULL, NULL, NULL),
(320, 381, 'EXCEPT', 'tmp', NULL, NULL, 380),
(321, 382, 'SAVE', NULL, NULL, NULL, NULL),
(321, 383, 'EXCEPT', 'tmp', NULL, NULL, 382),
(323, 384, 'SAVE', 'Resources', 'user.settings', NULL, NULL),
(324, 385, 'SAVE', 'Resources', 'stats.bin', NULL, NULL),
(322, 386, 'SAVE', 'Resources', 'achievements.bin', NULL, NULL),
(325, 387, 'SAVE', 'savegames', NULL, NULL, NULL),
(326, 388, 'SAVE', 'DynamicResources\\Layouts', NULL, NULL, NULL),
(326, 389, 'SAVE', 'DynamicResources\\CodeGeneratedData', NULL, NULL, NULL),
(327, 390, 'SAVE', 'SaveGames', NULL, NULL, NULL),
(327, 391, 'SAVE', 'Genohunters', NULL, NULL, NULL),
(328, 392, 'SAVE', NULL, NULL, NULL, NULL),
(329, 393, 'SAVE', NULL, NULL, NULL, NULL),
(330, 394, 'SAVE', 'EYE\\resource\\vgui\\save', NULL, NULL, NULL),
(331, 395, 'SAVE', NULL, 'LSLOT*', NULL, NULL),
(332, 396, 'SAVE', 'Saves', NULL, NULL, NULL),
(333, 397, 'SAVE', 'Tattoos', NULL, NULL, NULL),
(334, 398, 'SAVE', NULL, NULL, NULL, NULL),
(336, 399, 'SAVE', NULL, '*.txt', NULL, NULL),
(335, 400, 'SAVE', NULL, '*.fsav', NULL, NULL),
(337, 401, 'SAVE', NULL, NULL, NULL, NULL),
(338, 402, 'SAVE', 'DATA\\SAVEGAME', NULL, NULL, NULL),
(339, 403, 'SAVE', 'data\\SAVEGAME', NULL, NULL, NULL),
(341, 404, 'SAVE', NULL, '*.ini', NULL, NULL),
(340, 405, 'SAVE', 'Saves', NULL, NULL, NULL),
(343, 406, 'SAVE', NULL, '*.ini', NULL, NULL),
(342, 407, 'SAVE', 'Saves', NULL, NULL, NULL),
(344, 408, 'SAVE', 'core\\user', NULL, NULL, NULL),
(345, 409, 'SAVE', 'Profiles', NULL, NULL, NULL),
(351, 410, 'SAVE', NULL, 'GamerProfile.xml', NULL, NULL),
(349, 411, 'SAVE', 'Benchmarks\\Playbacks', NULL, NULL, NULL),
(347, 412, 'SAVE', 'Benchmarks\\Results', NULL, NULL, NULL),
(346, 413, 'SAVE', 'Saved Games', NULL, NULL, NULL),
(350, 414, 'SAVE', 'Server', NULL, NULL, NULL),
(352, 415, 'SAVE', 'user maps', '*.fc2map', NULL, NULL),
(348, 416, 'SAVE', 'user maps\\downloads', NULL, NULL, NULL),
(353, 417, 'SAVE', 'Data\\profiles', NULL, NULL, NULL),
(355, 418, 'SAVE', NULL, 'options.lua', NULL, NULL),
(354, 419, 'SAVE', 'Save Games', NULL, NULL, NULL),
(356, 420, 'SAVE', NULL, NULL, NULL, NULL),
(357, 421, 'SAVE', 'Save', NULL, NULL, NULL),
(359, 422, 'SAVE', NULL, '*', NULL, NULL),
(359, 423, 'SAVE', 'Profiles', NULL, NULL, NULL),
(359, 424, 'SAVE', 'ServerOptions', NULL, NULL, NULL),
(358, 425, 'SAVE', 'Custom', NULL, NULL, NULL),
(361, 427, 'SAVE', NULL, 'settings.cfg', NULL, NULL),
(360, 428, 'SAVE', 'Profiles', NULL, NULL, NULL),
(360, 429, 'SAVE', 'Save', NULL, NULL, NULL),
(363, 430, 'SAVE', NULL, 'settings.cfg', NULL, NULL),
(362, 431, 'SAVE', 'Profiles', NULL, NULL, NULL),
(362, 432, 'SAVE', 'Save', NULL, NULL, NULL),
(364, 433, 'SAVE', NULL, NULL, NULL, NULL),
(365, 434, 'SAVE', NULL, '*.zds', NULL, NULL),
(366, 435, 'SAVE', 'save', NULL, NULL, NULL),
(367, 436, 'SAVE', NULL, '*.pts', NULL, NULL),
(368, 437, 'SAVE', 'Savegame', NULL, NULL, NULL),
(369, 438, 'SAVE', 'Savegame', NULL, NULL, NULL),
(370, 439, 'SAVE', 'Savegame', NULL, NULL, NULL),
(371, 440, 'SAVE', NULL, 'DATA*', NULL, NULL),
(372, 441, 'SAVE', NULL, 'highscores.bin', NULL, NULL),
(371, 442, 'SAVE', NULL, 'GAME0', NULL, NULL),
(373, 443, 'SAVE', 'Data\\SaveGames', NULL, NULL, NULL),
(374, 444, 'SAVE', NULL, NULL, NULL, NULL),
(374, 445, 'EXCEPT', 'temp', NULL, NULL, 444),
(375, 446, 'SAVE', NULL, NULL, NULL, NULL),
(376, 447, 'SAVE', 'data\\players\\Multi', '*.plr', NULL, NULL),
(376, 448, 'SAVE', 'data\\players\\Single', '*.plr', NULL, NULL),
(377, 449, 'SAVE', 'savedata', NULL, NULL, NULL),
(379, 450, 'SAVE', 'GCGame\\Config', NULL, NULL, NULL),
(378, 451, 'SAVE', 'GCGame\\Save', NULL, NULL, NULL),
(380, 452, 'SAVE', 'psychoff', 'spSave*.*', NULL, NULL),
(381, 453, 'SAVE', NULL, NULL, NULL, NULL),
(382, 454, 'SAVE', NULL, 'GKSG.*', NULL, NULL),
(383, 455, 'SAVE', 'Save Games', NULL, NULL, NULL),
(384, 456, 'SAVE', NULL, NULL, NULL, NULL),
(385, 457, 'SAVE', 'SAVE', NULL, NULL, NULL),
(386, 458, 'SAVE', 'profiles', NULL, NULL, NULL),
(387, 459, 'SAVE', NULL, '*.xml', NULL, NULL),
(388, 460, 'SAVE', 'WarGame\\SaveData', NULL, NULL, NULL),
(389, 461, 'SAVE', 'WarGame\\Config', NULL, NULL, NULL),
(390, 462, 'SAVE', 'Saves', NULL, NULL, NULL),
(391, 463, 'SAVE', NULL, NULL, NULL, NULL),
(392, 464, 'SAVE', 'SaveGames', NULL, NULL, NULL),
(393, 465, 'SAVE', 'Mods\\Origmiss\\Save\\Game', NULL, NULL, NULL),
(393, 466, 'SAVE', NULL, '*unlocked*.xml', NULL, NULL),
(394, 467, 'SAVE', 'Mods\\Origmiss\\Save\\Replay', NULL, NULL, NULL),
(395, 468, 'SAVE', NULL, 'options.xml', NULL, NULL),
(396, 469, 'SAVE', 'Settings\\profiles', NULL, NULL, NULL),
(398, 470, 'SAVE', 'data\\settings', NULL, NULL, NULL),
(397, 471, 'SAVE', 'settings\\profiles', NULL, NULL, NULL),
(397, 472, 'SAVE', NULL, 'level_snapshot.dsl', NULL, NULL),
(399, 473, 'SAVE', 'savegame', NULL, NULL, NULL),
(400, 474, 'SAVE', NULL, 'gish.his', NULL, NULL),
(400, 475, 'SAVE', NULL, 'gish.pla', NULL, NULL),
(401, 476, 'SAVE', 'Data\\profiles', NULL, NULL, NULL),
(403, 477, 'SAVE', 'Data', 'AudioSettings.scr', NULL, NULL),
(403, 478, 'SAVE', 'Data', 'CoDrvReader.scr', NULL, NULL),
(403, 479, 'SAVE', 'Data', 'Controller.scr', NULL, NULL),
(403, 480, 'SAVE', 'Data', 'DefaultControllers.scr', NULL, NULL),
(403, 481, 'SAVE', 'Data', 'VideoSettings.scr', NULL, NULL),
(403, 482, 'SAVE', 'Data', 'VideoSettingsGTI.scr', NULL, NULL),
(403, 483, 'SAVE', 'Data', 'VideoSettingsGTI_MP.scr', NULL, NULL),
(402, 484, 'SAVE', 'Replays', NULL, NULL, NULL),
(404, 485, 'SAVE', NULL, NULL, NULL, NULL),
(406, 486, 'SAVE', NULL, 'UserOptions.ini', NULL, NULL),
(405, 487, 'SAVE', NULL, '*.g3*', NULL, NULL),
(407, 488, 'SAVE', NULL, '*.b', NULL, NULL),
(407, 489, 'SAVE', NULL, '*.set', NULL, NULL),
(408, 490, 'SAVE', 'savegames', NULL, NULL, NULL),
(409, 491, 'SAVE', 'Settings', NULL, NULL, NULL),
(410, 492, 'SAVE', NULL, '*.b', NULL, NULL),
(410, 493, 'SAVE', NULL, '*.set', NULL, NULL),
(411, 494, 'SAVE', NULL, '*.b', NULL, NULL),
(411, 495, 'SAVE', NULL, '*.set', NULL, NULL),
(412, 496, 'SAVE', NULL, '*', NULL, NULL),
(412, 497, 'SAVE', 'deployments', NULL, NULL, NULL),
(413, 498, 'SAVE', NULL, 'SaveGame.sav', NULL, NULL),
(414, 499, 'SAVE', NULL, 'Scores.dat', NULL, NULL),
(415, 500, 'SAVE', NULL, NULL, NULL, NULL),
(416, 501, 'SAVE', 'save', NULL, NULL, NULL),
(417, 502, 'SAVE', NULL, '*.gsv', NULL, NULL),
(418, 503, 'SAVE', 'SaveGames', NULL, NULL, NULL),
(419, 504, 'SAVE', 'Settings', NULL, NULL, NULL),
(420, 505, 'SAVE', 'SaveGames', NULL, NULL, NULL),
(421, 506, 'SAVE', 'Settings', NULL, NULL, NULL),
(422, 507, 'SAVE', 'Data\\profiles', NULL, NULL, NULL),
(424, 508, 'SAVE', 'Data', 'AudioSettings.scr', NULL, NULL),
(424, 509, 'SAVE', 'Data', 'CoDrvReader.scr', NULL, NULL),
(424, 510, 'SAVE', 'Data', 'Controller.scr', NULL, NULL),
(424, 511, 'SAVE', 'Data', 'DefaultControllers.scr', NULL, NULL),
(424, 512, 'SAVE', 'Data', 'VideoSettings.scr', NULL, NULL),
(424, 513, 'SAVE', 'Data', 'VideoSettingsGTI.scr', NULL, NULL),
(424, 514, 'SAVE', 'Data', 'VideoSettingsGTI_MP.scr', NULL, NULL),
(423, 515, 'SAVE', 'Replays', NULL, NULL, NULL),
(425, 516, 'SAVE', 'Templates', NULL, NULL, NULL),
(426, 517, 'SAVE', NULL, '*.ini', NULL, NULL),
(427, 518, 'SAVE', NULL, '*.ini', NULL, NULL),
(428, 519, 'SAVE', NULL, NULL, NULL, NULL),
(429, 520, 'SAVE', 'data\\SavedGames', NULL, NULL, NULL),
(429, 521, 'SAVE', 'data\\SavedStates', NULL, NULL, NULL),
(430, 522, 'SAVE', NULL, 'Gyromancer_*.dat', NULL, NULL),
(431, 523, 'SAVE', 'he-savegames', '*.profile', NULL, NULL),
(432, 524, 'SAVE', 'he-data', NULL, NULL, NULL),
(435, 525, 'SAVE', 'hed-player', 'achievements.dat', NULL, NULL),
(434, 526, 'SAVE', 'hed-text', 'settings.ini', NULL, NULL),
(433, 527, 'SAVE', 'hed-player', NULL, NULL, NULL),
(433, 528, 'EXCEPT', 'hed-player', 'achievements.dat', NULL, 527),
(436, 529, 'SAVE', 'Save', NULL, NULL, NULL),
(437, 530, 'SAVE', 'SAVE', NULL, NULL, NULL),
(438, 531, 'SAVE', 'SAVE', NULL, NULL, NULL),
(439, 532, 'SAVE', 'SAVE', NULL, NULL, NULL),
(440, 533, 'SAVE', 'SAVE', NULL, NULL, NULL),
(441, 534, 'SAVE', 'SAVE', NULL, NULL, NULL),
(442, 535, 'SAVE', 'SAVE', NULL, NULL, NULL),
(443, 536, 'SAVE', NULL, NULL, NULL, NULL),
(444, 537, 'SAVE', NULL, 'profiles.cfg', NULL, NULL),
(444, 538, 'SAVE', 'profiles', NULL, NULL, NULL),
(445, 539, 'SAVE', NULL, '*sav', NULL, NULL),
(447, 540, 'SAVE', NULL, 'settings.cfg', NULL, NULL),
(447, 541, 'SAVE', NULL, 'config.eu', NULL, NULL),
(446, 542, 'SAVE', 'scenarios\\save games', NULL, NULL, NULL),
(449, 543, 'SAVE', 'fakk', 'config.cfg', NULL, NULL),
(448, 544, 'SAVE', 'fakk\\save', NULL, NULL, NULL),
(451, 545, 'SAVE', 'SAVES', '*.cfg', NULL, NULL),
(450, 546, 'SAVE', 'SAVES\\save*', NULL, NULL, NULL),
(452, 547, 'SAVE', 'games', NULL, NULL, NULL),
(454, 548, 'SAVE', NULL, 'Hitman2.ini', NULL, NULL),
(454, 549, 'SAVE', NULL, 'Keyboard.cfg', NULL, NULL),
(453, 550, 'SAVE', 'Save', NULL, NULL, NULL),
(455, 551, 'SAVE', 'Profiles', NULL, NULL, NULL),
(456, 552, 'SAVE', NULL, 'Hitman.sav', NULL, NULL),
(458, 553, 'SAVE', NULL, 'HitmanContracts.ini', NULL, NULL),
(458, 554, 'SAVE', NULL, 'HitmanContracts.cfg', NULL, NULL),
(457, 555, 'SAVE', 'Save', NULL, NULL, NULL),
(459, 556, 'SAVE', 'SavedGames', NULL, NULL, NULL),
(460, 557, 'SAVE', 'Bin\\Profiles', NULL, NULL, NULL),
(462, 558, 'SAVE', 'DFGame\\Config', NULL, NULL, NULL),
(461, 559, 'SAVE', 'DFGame\\SaveData', NULL, NULL, NULL),
(463, 560, 'SAVE', 'mpsave', NULL, NULL, NULL),
(465, 561, 'SAVE', NULL, 'icewind.ini', NULL, NULL),
(464, 562, 'SAVE', 'Characters', NULL, NULL, NULL),
(466, 563, 'SAVE', 'mpsave', NULL, NULL, NULL),
(468, 564, 'SAVE', NULL, 'icewind2.ini', NULL, NULL),
(467, 565, 'SAVE', 'Characters', NULL, NULL, NULL),
(469, 566, 'SAVE', 'profiles', NULL, NULL, NULL),
(471, 567, 'SAVE', 'profiles\\*\\replays', NULL, NULL, NULL),
(470, 568, 'SAVE', 'characters', NULL, NULL, NULL),
(469, 569, 'EXCEPT', 'profiles', 'dummy.txt', NULL, 566),
(469, 570, 'EXCEPT', 'profiles\\*', 'dummy.txt', NULL, 566),
(469, 571, 'EXCEPT', 'profiles\\*\\replays', NULL, NULL, 566),
(471, 572, 'EXCEPT', 'profiles\\*\\replays', 'dummy.txt', NULL, 567),
(472, 573, 'SAVE', 'Res', 'driverEvas*.*', NULL, NULL),
(473, 574, 'SAVE', 'save', NULL, NULL, NULL),
(474, 576, 'SAVE', NULL, 'TIM*.SAV', NULL, NULL),
(475, 577, 'SAVE', 'Saved Games', NULL, NULL, NULL),
(476, 578, 'SAVE', 'psg', '*.sav', NULL, NULL),
(477, 579, 'SAVE', 'saves', NULL, NULL, NULL),
(478, 580, 'SAVE', NULL, NULL, NULL, NULL),
(479, 581, 'SAVE', 'game\\AutoSave!', NULL, NULL, NULL),
(480, 583, 'SAVE', 'userdata', NULL, NULL, NULL),
(481, 584, 'SAVE', 'profiles', NULL, NULL, NULL),
(482, 585, 'SAVE', 'save', NULL, NULL, NULL),
(484, 586, 'SAVE', NULL, '*.ini', NULL, NULL),
(483, 587, 'SAVE', 'Save', NULL, NULL, NULL),
(485, 588, 'SAVE', NULL, NULL, NULL, NULL),
(486, 589, 'SAVE', NULL, NULL, NULL, NULL),
(487, 590, 'SAVE', 'Profiles', NULL, NULL, NULL),
(488, 591, 'SAVE', NULL, 'save*', NULL, NULL),
(488, 592, 'SAVE', 'save*', NULL, NULL, NULL),
(489, 593, 'SAVE', NULL, NULL, NULL, NULL),
(490, 594, 'SAVE', NULL, NULL, NULL, NULL),
(491, 595, 'SAVE', NULL, NULL, NULL, NULL),
(492, 596, 'SAVE', NULL, NULL, NULL, NULL),
(494, 597, 'SAVE', NULL, '*.cfg', NULL, NULL),
(493, 598, 'SAVE', '*', NULL, NULL, NULL),
(495, 599, 'SAVE', 'SaveGame', NULL, NULL, NULL),
(496, 600, 'SAVE', 'SaveGame', NULL, NULL, NULL),
(497, 601, 'SAVE', NULL, NULL, NULL, NULL),
(498, 602, 'SAVE', 'save', NULL, NULL, NULL),
(500, 603, 'SAVE', NULL, 'settings.ini', NULL, NULL),
(499, 604, 'SAVE', 'Profiles', NULL, NULL, NULL),
(501, 605, 'SAVE', NULL, NULL, NULL, NULL),
(502, 606, 'SAVE', 'PandoraGame\\Checkpoints', NULL, NULL, NULL),
(503, 607, 'SAVE', 'PandoraGame\\Config', NULL, NULL, NULL),
(502, 608, 'SAVE', 'PandoraGame\\SaveData', NULL, NULL, NULL),
(504, 609, 'SAVE', NULL, NULL, NULL, NULL),
(505, 610, 'SAVE', 'save_game', NULL, NULL, NULL),
(506, 611, 'SAVE', 'Characters', NULL, NULL, NULL),
(507, 612, 'SAVE', 'Local Store\\Lone Survivor Saved Game', NULL, NULL, NULL),
(509, 614, 'SAVE', NULL, 'Preferences.ini', NULL, NULL),
(508, 615, 'SAVE', 'Save', NULL, NULL, NULL),
(510, 616, 'SAVE', NULL, NULL, NULL, NULL),
(511, 617, 'SAVE', NULL, NULL, NULL, NULL),
(512, 618, 'SAVE', NULL, NULL, NULL, NULL),
(513, 619, 'SAVE', NULL, NULL, NULL, NULL),
(514, 620, 'SAVE', 'Data\\profiles', NULL, NULL, NULL),
(516, 621, 'SAVE', 'Data', 'AudioSettings.scr', NULL, NULL),
(516, 622, 'SAVE', 'Data', 'CoDrvReader.scr', NULL, NULL),
(516, 623, 'SAVE', 'Data', 'Controller.scr', NULL, NULL),
(516, 624, 'SAVE', 'Data', 'DefaultControllers.scr', NULL, NULL),
(516, 625, 'SAVE', 'Data', 'VideoSettings.scr', NULL, NULL),
(516, 626, 'SAVE', 'Data', 'VideoSettingsGTI.scr', NULL, NULL),
(516, 627, 'SAVE', 'Data', 'VideoSettingsGTI_MP.scr', NULL, NULL),
(515, 628, 'SAVE', 'Replays', NULL, NULL, NULL),
(517, 629, 'SAVE', 'savegame', NULL, NULL, NULL),
(518, 630, 'SAVE', 'Saves', NULL, NULL, NULL),
(519, 631, 'SAVE', 'SaveData', NULL, NULL, NULL),
(520, 632, 'SAVE', NULL, NULL, NULL, NULL),
(521, 633, 'SAVE', 'savegames', NULL, NULL, NULL),
(522, 634, 'SAVE', 'settings', NULL, NULL, NULL),
(523, 635, 'SAVE', 'save', NULL, NULL, NULL),
(525, 636, 'SAVE', 'Config', 'BIOGame.ini', NULL, NULL),
(525, 637, 'SAVE', 'Config', 'BIOInput.ini', NULL, NULL),
(524, 638, 'SAVE', 'Save', NULL, NULL, NULL),
(527, 639, 'SAVE', 'BIOGame\\Config', NULL, NULL, NULL),
(526, 640, 'SAVE', 'BIOGame\\Profile', NULL, NULL, NULL),
(526, 641, 'SAVE', 'Save', NULL, NULL, NULL),
(529, 642, 'SAVE', 'BIOGame\\Config', NULL, NULL, NULL),
(528, 643, 'SAVE', 'Save', NULL, NULL, NULL),
(530, 644, 'SAVE', NULL, 'SAVE*.GAM', NULL, NULL),
(531, 645, 'SAVE', 'saved', NULL, NULL, NULL),
(532, 646, 'SAVE', NULL, NULL, NULL, NULL),
(533, 647, 'SAVE', NULL, NULL, NULL, NULL),
(534, 648, 'SAVE', 'SAVES', NULL, NULL, NULL),
(535, 649, 'SAVE', NULL, 'MDK.CFG', NULL, NULL),
(536, 650, 'SAVE', 'save', '*.sav', NULL, NULL),
(537, 651, 'SAVE', 'save', '*.lua', NULL, NULL),
(538, 652, 'SAVE', 'data\\savegame', NULL, NULL, NULL),
(540, 653, 'SAVE', NULL, '*.cfg', NULL, NULL),
(539, 654, 'SAVE', 'data\\savegame', NULL, NULL, NULL),
(542, 655, 'SAVE', 'mek', NULL, NULL, NULL),
(541, 656, 'SAVE', NULL, 'userstar.bwd', NULL, NULL),
(543, 657, 'SAVE', NULL, 'MW2PRM.CFG', NULL, NULL),
(543, 658, 'SAVE', NULL, 'MW2REG.CFG', NULL, NULL),
(545, 659, 'SAVE', 'mek', NULL, NULL, NULL),
(544, 660, 'SAVE', NULL, 'userstar.bwd', NULL, NULL),
(546, 661, 'SAVE', NULL, 'MW2PRM.CFG', NULL, NULL),
(546, 662, 'SAVE', NULL, 'MW2REG.CFG', NULL, NULL),
(548, 663, 'SAVE', 'mek', NULL, NULL, NULL),
(547, 664, 'SAVE', NULL, 'userstar.bwd', NULL, NULL),
(549, 665, 'SAVE', NULL, 'MW2PRM.CFG', NULL, NULL),
(549, 666, 'SAVE', NULL, 'MW2REG.CFG', NULL, NULL),
(551, 667, 'SAVE', 'mek', NULL, NULL, NULL),
(550, 668, 'SAVE', NULL, 'userstar.bwd', NULL, NULL),
(552, 669, 'SAVE', NULL, 'MW2PRM.CFG', NULL, NULL),
(552, 670, 'SAVE', NULL, 'MW2REG.CFG', NULL, NULL),
(555, 671, 'SAVE', 'Keys', NULL, NULL, NULL),
(554, 672, 'SAVE', 'configs', NULL, NULL, NULL),
(554, 673, 'SAVE', NULL, '*.mw3', NULL, NULL),
(553, 674, 'SAVE', 'pilots', NULL, NULL, NULL),
(557, 675, 'SAVE', 'RESOURCE\\VariantsMercs', NULL, NULL, NULL),
(556, 676, 'SAVE', 'RESOURCE\\Pilots', NULL, NULL, NULL),
(560, 677, 'SAVE', NULL, 'options.ini', NULL, NULL),
(558, 678, 'SAVE', 'resource\\pilots', NULL, NULL, NULL),
(559, 679, 'SAVE', 'resource\\variants', NULL, NULL, NULL),
(561, 680, 'SAVE', NULL, NULL, NULL, NULL),
(563, 681, 'SAVE', 'preferences', NULL, NULL, NULL),
(562, 682, 'SAVE', 'saves', NULL, NULL, NULL),
(564, 683, 'SAVE', 'Save', NULL, NULL, NULL),
(565, 684, 'SAVE', 'SAVE', NULL, NULL, NULL),
(566, 685, 'SAVE', NULL, 'Messiah.cfg', NULL, NULL),
(567, 686, 'SAVE', NULL, NULL, NULL, NULL),
(568, 687, 'SAVE', NULL, 'mslot*', NULL, NULL),
(569, 688, 'SAVE', NULL, NULL, NULL, NULL),
(570, 689, 'SAVE', 'TdGame\\Savefiles', NULL, NULL, NULL),
(571, 690, 'SAVE', 'TdGame\\Config', NULL, NULL, NULL),
(572, 691, 'SAVE', NULL, NULL, NULL, NULL),
(573, 692, 'SAVE', 'profiles', NULL, NULL, NULL),
(573, 693, 'SAVE', 'Mishap.cs.dso', NULL, NULL, NULL),
(574, 694, 'SAVE', 'preferences', NULL, NULL, NULL),
(575, 695, 'SAVE', NULL, NULL, NULL, NULL),
(576, 696, 'SAVE', 'Config', NULL, NULL, NULL),
(577, 697, 'SAVE', 'data', '*.sav', NULL, NULL),
(578, 698, 'SAVE', 'ui\\profile', NULL, NULL, NULL),
(579, 699, 'SAVE', 'Native', '*.sav', NULL, NULL),
(580, 700, 'SAVE', NULL, NULL, NULL, NULL),
(581, 701, 'SAVE', 'savegames', NULL, NULL, NULL),
(582, 702, 'SAVE', NULL, 'config.cfg', NULL, NULL),
(583, 703, 'SAVE', 'Saved Games', NULL, NULL, NULL),
(584, 704, 'SAVE', 'bin', 'M3prefs.m3p', NULL, NULL),
(585, 705, 'SAVE', 'save', NULL, NULL, NULL),
(586, 706, 'SAVE', NULL, 'progress.db', NULL, NULL),
(586, 707, 'SAVE', 'sav', NULL, NULL, NULL),
(587, 709, 'SAVE', NULL, '*.mys', NULL, NULL),
(588, 710, 'SAVE', 'sav', NULL, NULL, NULL),
(589, 711, 'SAVE', NULL, NULL, NULL, NULL),
(590, 712, 'SAVE', NULL, NULL, NULL, NULL),
(591, 713, 'SAVE', 'Profiles', NULL, NULL, NULL),
(592, 714, 'SAVE', NULL, NULL, NULL, NULL),
(593, 715, 'SAVE', NULL, NULL, NULL, NULL),
(594, 716, 'SAVE', NULL, NULL, NULL, NULL),
(595, 717, 'SAVE', 'saves', NULL, NULL, NULL),
(598, 718, 'SAVE', NULL, 'nwn.ini', NULL, NULL),
(598, 719, 'SAVE', NULL, 'nwnplayer.ini', NULL, NULL),
(597, 720, 'SAVE', 'dmvault', NULL, NULL, NULL),
(597, 721, 'SAVE', 'localvault', NULL, NULL, NULL),
(596, 722, 'SAVE', 'saves', NULL, NULL, NULL),
(597, 723, 'SAVE', 'servervault', NULL, NULL, NULL),
(600, 724, 'SAVE', 'dmvault', NULL, NULL, NULL),
(600, 725, 'SAVE', 'localvault', NULL, NULL, NULL),
(600, 726, 'SAVE', 'servervault', NULL, NULL, NULL),
(599, 727, 'SAVE', 'Saves', NULL, NULL, NULL),
(601, 728, 'SAVE', NULL, NULL, NULL, NULL),
(602, 729, 'SAVE', NULL, NULL, NULL, NULL),
(603, 730, 'SAVE', NULL, NULL, NULL, NULL),
(605, 731, 'SAVE', NULL, 'autoexec.cfg', NULL, NULL),
(604, 732, 'SAVE', 'Save', NULL, NULL, NULL),
(607, 733, 'SAVE', NULL, 'autoexec.cfg', NULL, NULL),
(606, 734, 'SAVE', 'Save', NULL, NULL, NULL),
(608, 735, 'SAVE', NULL, '*.sav', NULL, NULL),
(609, 736, 'SAVE', NULL, '*.sav', NULL, NULL),
(610, 737, 'SAVE', 'saves', NULL, NULL, NULL),
(612, 738, 'SAVE', NULL, 'config.txt', NULL, NULL),
(611, 739, 'SAVE', 'Save', NULL, NULL, NULL),
(613, 740, 'SAVE', 'IAM', 'GAMES', NULL, NULL),
(614, 741, 'SAVE', NULL, 'persist.dat', NULL, NULL),
(615, 742, 'SAVE', NULL, 'key_config.txt', NULL, NULL),
(616, 743, 'SAVE', NULL, NULL, NULL, NULL),
(617, 744, 'SAVE', 'Profiles', NULL, NULL, NULL),
(618, 745, 'SAVE', NULL, NULL, NULL, NULL),
(619, 746, 'SAVE', NULL, NULL, NULL, NULL),
(620, 747, 'SAVE', 'savegames', NULL, NULL, NULL),
(621, 748, 'SAVE', NULL, '*.OP2', NULL, NULL),
(622, 749, 'SAVE', NULL, NULL, NULL, NULL),
(623, 750, 'SAVE', NULL, NULL, NULL, NULL),
(624, 751, 'SAVE', 'SaveGames', NULL, NULL, NULL),
(625, 752, 'SAVE', 'Saves', NULL, NULL, NULL),
(626, 753, 'SAVE', 'userdata', NULL, NULL, NULL),
(627, 754, 'SAVE', 'saves', NULL, NULL, NULL),
(628, 756, 'SAVE', 'userdata', '*.dat', NULL, NULL),
(628, 757, 'SAVE', 'userdata', '*.sav', NULL, NULL),
(629, 759, 'SAVE', 'userdata', NULL, NULL, NULL),
(630, 761, 'SAVE', 'userdata', NULL, NULL, NULL),
(631, 763, 'SAVE', 'userdata', NULL, NULL, NULL),
(633, 764, 'SAVE', NULL, 'prefs.cs', NULL, NULL),
(632, 765, 'SAVE', NULL, '*.sav', NULL, NULL),
(635, 766, 'SAVE', NULL, 'prefs.cs', NULL, NULL),
(634, 767, 'SAVE', NULL, '*.sav', NULL, NULL),
(637, 768, 'SAVE', NULL, 'settings.cfg', NULL, NULL),
(636, 769, 'SAVE', 'save', NULL, NULL, NULL),
(639, 770, 'SAVE', NULL, 'settings.cfg', NULL, NULL),
(638, 771, 'SAVE', 'save', NULL, NULL, NULL),
(640, 772, 'SAVE', NULL, NULL, NULL, NULL),
(641, 773, 'SAVE', 'save', NULL, NULL, NULL),
(642, 775, 'SAVE', 'userdata', NULL, NULL, NULL),
(643, 776, 'SAVE', NULL, '*.ldw', NULL, NULL),
(644, 777, 'SAVE', NULL, NULL, NULL, NULL),
(645, 778, 'SAVE', 'portal\\SAVE', NULL, NULL, NULL),
(646, 779, 'SAVE', 'portal2\\SAVE', NULL, NULL, NULL),
(647, 780, 'SAVE', 'Save', NULL, NULL, NULL),
(648, 781, 'SAVE', 'res\\SaveGame', NULL, NULL, NULL),
(649, 782, 'SAVE', 'Save', NULL, NULL, NULL),
(650, 783, 'SAVE', NULL, NULL, NULL, NULL),
(652, 784, 'SAVE', 'INI', NULL, NULL, NULL),
(651, 785, 'SAVE', 'SAVE', NULL, NULL, NULL),
(653, 786, 'SAVE', 'base\\savegames', NULL, NULL, NULL),
(654, 787, 'SAVE', NULL, 'config.cfg', NULL, NULL),
(655, 788, 'SAVE', NULL, 'trophies.txt', NULL, NULL),
(656, 789, 'SAVE', NULL, NULL, NULL, NULL),
(657, 790, 'SAVE', 'Profiles', NULL, NULL, NULL),
(659, 791, 'SAVE', NULL, 'config.xml', NULL, NULL),
(658, 792, 'SAVE', NULL, 'savedata.xml', NULL, NULL),
(660, 793, 'SAVE', NULL, NULL, NULL, NULL),
(661, 794, 'SAVE', NULL, NULL, NULL, NULL),
(662, 795, 'SAVE', 'Profiles', NULL, NULL, NULL),
(663, 796, 'SAVE', NULL, NULL, NULL, NULL),
(664, 797, 'SAVE', 'Saves', NULL, NULL, NULL),
(665, 798, 'SAVE', 'High Scores', NULL, NULL, NULL),
(666, 799, 'SAVE', 'Saves', NULL, NULL, NULL),
(667, 800, 'SAVE', 'High Scores', NULL, NULL, NULL),
(668, 801, 'SAVE', 'baseq2\\save', NULL, NULL, NULL),
(669, 802, 'SAVE', 'q4base\\savegames', NULL, NULL, NULL),
(670, 803, 'SAVE', 'UserData', NULL, NULL, NULL),
(671, 804, 'SAVE', 'REPLAYDATA', NULL, NULL, NULL),
(672, 805, 'SAVE', NULL, 'Config.ini', NULL, NULL),
(670, 806, 'EXCEPT', 'UserData\\LOG', NULL, NULL, 803),
(670, 807, 'EXCEPT', 'UserData\\Music', NULL, NULL, 803),
(670, 808, 'EXCEPT', 'ReplayTempFiles', NULL, NULL, 803),
(673, 809, 'SAVE', 'savegame', NULL, NULL, NULL),
(674, 810, 'SAVE', 'data', NULL, NULL, NULL),
(676, 811, 'SAVE', 'base', '*.cfg', NULL, NULL),
(675, 812, 'SAVE', 'base\\savegame', NULL, NULL, NULL),
(677, 813, 'SAVE', 'Save\\campaigns', '*', NULL, NULL),
(677, 814, 'SAVE', 'Save\\Profiles', NULL, NULL, NULL),
(678, 815, 'SAVE', 'data\\save', NULL, NULL, NULL),
(678, 816, 'EXCEPT', 'data\\save', 'lockdown.key', NULL, 815),
(679, 817, 'SAVE', NULL, NULL, NULL, NULL),
(680, 818, 'SAVE', NULL, NULL, NULL, NULL),
(681, 819, 'SAVE', NULL, '*.FIL', NULL, NULL),
(682, 820, 'SAVE', 'Data\\SavedGames', '*.sav', NULL, NULL),
(684, 821, 'SAVE', 'Data\\Options', NULL, NULL, NULL),
(683, 822, 'SAVE', 'Data\\SaveGame', NULL, NULL, NULL),
(685, 823, 'SAVE', 'GAMEDATA\\SaveGame', NULL, NULL, NULL),
(686, 824, 'SAVE', 'SAV', NULL, NULL, NULL),
(688, 825, 'SAVE', NULL, 'recet.ini', NULL, NULL),
(687, 826, 'SAVE', NULL, '*.dat', NULL, NULL),
(689, 827, 'SAVE', 'savegame', NULL, NULL, NULL),
(691, 828, 'SAVE', NULL, 'rf2_config.ini', NULL, NULL),
(690, 829, 'SAVE', 'profiles', NULL, NULL, NULL),
(692, 830, 'SAVE', NULL, NULL, NULL, NULL),
(694, 831, 'SAVE', 'Saves', 'Settings', NULL, NULL),
(693, 832, 'SAVE', 'Saves', '*.sav', NULL, NULL),
(695, 833, 'SAVE', NULL, NULL, NULL, NULL),
(696, 834, 'SAVE', 'Saved Games', NULL, NULL, NULL),
(698, 835, 'SAVE', 'Main', 'wolfconfig.cfg', NULL, NULL),
(697, 836, 'SAVE', 'Main\\save', NULL, NULL, NULL),
(699, 837, 'SAVE', NULL, NULL, NULL, NULL),
(700, 838, 'SAVE', NULL, NULL, NULL, NULL),
(701, 839, 'SAVE', NULL, NULL, NULL, NULL),
(702, 840, 'SAVE', NULL, '*.sav', NULL, NULL),
(703, 841, 'SAVE', 'LiquidGame\\Config', NULL, NULL, NULL),
(702, 842, 'SAVE', 'LiquidGame\\SaveData', NULL, NULL, NULL),
(704, 844, 'SAVE', NULL, '*.rvn', NULL, NULL),
(706, 845, 'SAVE', 'RoboGame\\Config', 'Robo*.ini', NULL, NULL),
(705, 846, 'SAVE', 'SavedGames', NULL, NULL, NULL),
(707, 847, 'SAVE', NULL, NULL, NULL, NULL),
(708, 848, 'SAVE', 'Saved Games', NULL, NULL, NULL),
(709, 849, 'SAVE', NULL, NULL, NULL, NULL),
(711, 850, 'SAVE', 'preferences', NULL, NULL, NULL),
(710, 851, 'SAVE', 'saves', NULL, NULL, NULL),
(712, 852, 'SAVE', 'SAVEGAME', NULL, NULL, NULL),
(713, 853, 'SAVE', 'SAVEGAME', NULL, NULL, NULL),
(714, 854, 'SAVE', NULL, NULL, NULL, NULL),
(715, 855, 'SAVE', 'SaveGames', NULL, NULL, NULL),
(716, 856, 'SAVE', NULL, NULL, NULL, NULL),
(717, 857, 'SAVE', NULL, NULL, NULL, NULL),
(719, 858, 'SAVE', NULL, 'prefs.prop', NULL, NULL),
(718, 859, 'SAVE', NULL, '*.save', NULL, NULL),
(721, 860, 'SAVE', NULL, 'prefs.prop', NULL, NULL),
(720, 861, 'SAVE', NULL, '*.save', NULL, NULL),
(723, 862, 'SAVE', NULL, 'prefs.prop', NULL, NULL),
(722, 863, 'SAVE', NULL, '*.save', NULL, NULL),
(725, 864, 'SAVE', NULL, 'prefs.prop', NULL, NULL),
(724, 865, 'SAVE', NULL, '*.save', NULL, NULL),
(727, 866, 'SAVE', NULL, 'prefs.prop', NULL, NULL),
(726, 867, 'SAVE', NULL, '*.save', NULL, NULL),
(729, 868, 'SAVE', NULL, 'prefs.prop', NULL, NULL),
(728, 869, 'SAVE', NULL, '*.save', NULL, NULL),
(731, 870, 'SAVE', NULL, 'prefs.prop', NULL, NULL),
(730, 871, 'SAVE', NULL, '*.save', NULL, NULL),
(733, 872, 'SAVE', NULL, 'prefs.prop', NULL, NULL),
(732, 873, 'SAVE', NULL, '*.save', NULL, NULL),
(735, 874, 'SAVE', NULL, 'prefs.prop', NULL, NULL),
(734, 875, 'SAVE', NULL, '*.save', NULL, NULL),
(737, 876, 'SAVE', NULL, 'prefs.prop', NULL, NULL),
(736, 877, 'SAVE', NULL, '*.save', NULL, NULL),
(739, 878, 'SAVE', NULL, 'prefs.prop', NULL, NULL),
(738, 879, 'SAVE', NULL, '*.save', NULL, NULL),
(740, 880, 'SAVE', NULL, NULL, NULL, NULL),
(741, 881, 'SAVE', NULL, 'prefs.prop', NULL, NULL),
(740, 882, 'EXCEPT', NULL, 'prefs.prop', NULL, 880),
(742, 883, 'SAVE', NULL, NULL, NULL, NULL),
(743, 884, 'SAVE', NULL, NULL, NULL, NULL),
(744, 885, 'SAVE', NULL, NULL, NULL, NULL),
(745, 886, 'SAVE', NULL, NULL, NULL, NULL),
(746, 887, 'SAVE', 'SanctumGame\\Config', 'SanctumSave.ini', NULL, NULL),
(747, 888, 'SAVE', 'SanctumGame\\Config', '*.ini', NULL, NULL),
(747, 889, 'EXCEPT', 'SanctumGame\\Config', 'SanctumSave.ini', NULL, 888),
(748, 890, 'SAVE', 'SAVES', NULL, NULL, NULL),
(749, 891, 'SAVE', NULL, NULL, NULL, NULL),
(750, 892, 'SAVE', 'SawGame\\Checkpoints', NULL, NULL, NULL),
(751, 893, 'SAVE', NULL, NULL, NULL, NULL),
(752, 894, 'SAVE', NULL, NULL, NULL, NULL),
(754, 895, 'SAVE', NULL, '*.cfg', NULL, NULL),
(753, 896, 'SAVE', NULL, NULL, NULL, NULL),
(753, 897, 'EXCEPT', NULL, '*.cfg', NULL, 896),
(755, 898, 'SAVE', 'profiles', NULL, NULL, NULL),
(757, 900, 'SAVE', NULL, 'Settings.ini', NULL, NULL),
(756, 901, 'SAVE', NULL, 'savegame.*', NULL, NULL),
(758, 902, 'SAVE', 'Config', NULL, NULL, NULL),
(759, 903, 'SAVE', 'S9Game\\Config', NULL, NULL, NULL),
(760, 904, 'SAVE', 'savedata', NULL, NULL, NULL),
(761, 905, 'SAVE', 'Content\\SeriousSam2\\PlayerProfiles', NULL, NULL, NULL),
(761, 906, 'SAVE', 'Content\\SeriousSam2', 'Sam2.ini', NULL, NULL),
(763, 907, 'SAVE', 'Config', 'options.txt', NULL, NULL),
(762, 908, 'SAVE', 'Profiles', NULL, NULL, NULL),
(765, 909, 'SAVE', 'Config', 'options.txt', NULL, NULL),
(764, 910, 'SAVE', 'Profiles', NULL, NULL, NULL),
(766, 911, 'SAVE', 'SavedGames', NULL, NULL, NULL),
(767, 912, 'SAVE', NULL, '*.ini', NULL, NULL),
(768, 913, 'SAVE', NULL, '*CONFIG.INI', NULL, NULL),
(770, 914, 'SAVE', NULL, '*.txt', NULL, NULL),
(769, 915, 'SAVE', NULL, '*.sav', NULL, NULL),
(771, 916, 'SAVE', 'ship\\SAVE', NULL, NULL, NULL),
(772, 917, 'SAVE', 'ship\\cfg', NULL, NULL, NULL),
(773, 918, 'SAVE', 'Save', NULL, NULL, NULL),
(774, 919, 'SAVE', 'savegames', NULL, NULL, NULL),
(775, 920, 'SAVE', NULL, NULL, NULL, NULL),
(776, 921, 'SAVE', 'Cities', NULL, '1998-04-23 00:00:00', NULL),
(777, 922, 'SAVE', 'Data', 'SimonSaveGame*', NULL, NULL),
(777, 923, 'SAVE', 'Data', 'SaveGamesNew.txt', NULL, NULL),
(778, 924, 'SAVE', 'LotCatalog', NULL, NULL, NULL),
(778, 925, 'SAVE', 'Neighborhoods', NULL, NULL, NULL),
(779, 926, 'SAVE', 'Config', NULL, NULL, NULL),
(780, 927, 'SAVE', 'Saves', NULL, NULL, NULL),
(781, 928, 'SAVE', 'SavedSims', NULL, NULL, NULL),
(782, 929, 'SAVE', 'SavedOutfits', NULL, NULL, NULL),
(783, 930, 'SAVE', NULL, 'Options.ini', NULL, NULL),
(784, 931, 'SAVE', 'base\\players', NULL, NULL, NULL),
(785, 932, 'SAVE', 'SE1\\SAVE', NULL, NULL, NULL),
(786, 933, 'SAVE', NULL, NULL, NULL, NULL),
(787, 934, 'SAVE', '*Player', NULL, NULL, NULL),
(788, 935, 'SAVE', 'Setting', NULL, NULL, NULL),
(789, 936, 'SAVE', 'save', NULL, NULL, NULL),
(790, 937, 'SAVE', NULL, 'autoexec.cfg', NULL, NULL),
(791, 938, 'SAVE', 'Prof', NULL, NULL, NULL),
(792, 939, 'SAVE', 'out\\profiles', NULL, NULL, NULL),
(792, 940, 'SAVE', 'out\\save', NULL, NULL, NULL),
(793, 941, 'SAVE', NULL, NULL, NULL, NULL),
(794, 942, 'SAVE', 'Save', NULL, NULL, NULL),
(795, 943, 'SAVE', 'Save', NULL, NULL, NULL),
(796, 944, 'SAVE', 'Save', NULL, NULL, NULL),
(797, 945, 'SAVE', 'SAVE', NULL, NULL, NULL),
(798, 946, 'SAVE', 'save', NULL, NULL, NULL),
(799, 947, 'SAVE', NULL, NULL, NULL, NULL),
(800, 948, 'SAVE', 'Save', NULL, NULL, NULL),
(801, 949, 'SAVE', NULL, NULL, NULL, NULL),
(802, 950, 'SAVE', NULL, NULL, NULL, NULL),
(803, 951, 'SAVE', NULL, NULL, NULL, NULL),
(804, 952, 'SAVE', NULL, NULL, NULL, NULL),
(805, 953, 'SAVE', 'Games', NULL, NULL, NULL),
(806, 954, 'SAVE', NULL, NULL, NULL, NULL),
(807, 955, 'SAVE', NULL, 'user.ltx', NULL, NULL),
(807, 956, 'SAVE', 'savedgames', NULL, NULL, NULL),
(808, 957, 'SAVE', NULL, 'user.ltx', NULL, NULL),
(808, 958, 'SAVE', 'savedgames', NULL, NULL, NULL),
(809, 959, 'SAVE', NULL, 'user.ltx', NULL, NULL),
(809, 960, 'SAVE', 'savedgames', NULL, NULL, NULL),
(810, 961, 'SAVE', 'save', NULL, NULL, NULL),
(811, 962, 'SAVE', 'Accounts', NULL, NULL, NULL),
(811, 963, 'EXCEPT', 'Accounts\\*\\*\\Replays', NULL, NULL, 962),
(811, 964, 'EXCEPT', 'Accounts\\*\\*\\Screenshots', NULL, NULL, 962),
(812, 965, 'SAVE', 'SAVES', NULL, NULL, NULL),
(813, 966, 'SAVE', 'Profiles', NULL, NULL, NULL),
(814, 967, 'SAVE', NULL, NULL, NULL, NULL),
(815, 968, 'SAVE', 'GameData\\base\\saves', NULL, NULL, NULL),
(816, 969, 'SAVE', 'player', NULL, NULL, NULL),
(817, 970, 'SAVE', 'GameData\\base\\saves', NULL, NULL, NULL),
(818, 971, 'SAVE', 'saves', NULL, NULL, NULL),
(819, 972, 'SAVE', 'Saves', NULL, NULL, NULL),
(820, 973, 'SAVE', NULL, NULL, NULL, NULL),
(821, 974, 'SAVE', NULL, NULL, NULL, NULL),
(822, 975, 'SAVE', 'Profiles', NULL, NULL, NULL),
(824, 976, 'SAVE', 'gamedata\\data\\campaign', NULL, NULL, NULL),
(825, 977, 'SAVE', 'gamedata', 'config.cfg', NULL, NULL),
(823, 978, 'SAVE', 'gamedata\\data\\profiles', NULL, NULL, NULL),
(826, 979, 'SAVE', 'Save', NULL, NULL, NULL),
(827, 980, 'SAVE', NULL, NULL, NULL, NULL),
(828, 981, 'SAVE', 'profiles', NULL, NULL, NULL),
(829, 982, 'SAVE', NULL, 'settings.blk', NULL, NULL),
(829, 983, 'SAVE', 'config', NULL, NULL, NULL),
(830, 984, 'SAVE', NULL, NULL, NULL, NULL),
(832, 985, 'SAVE', NULL, 'config.txt', NULL, NULL),
(831, 986, 'SAVE', NULL, 'savedata.bin', NULL, NULL),
(833, 987, 'SAVE', NULL, NULL, NULL, NULL),
(834, 988, 'SAVE', 'UserData', NULL, NULL, NULL),
(836, 989, 'SAVE', 'replays', NULL, NULL, NULL),
(835, 990, 'SAVE', 'savegames', NULL, NULL, NULL),
(837, 991, 'SAVE', NULL, 'Game.prefs', NULL, NULL),
(838, 992, 'SAVE', NULL, NULL, NULL, NULL),
(839, 993, 'SAVE', 'Data', 'Save.txt', NULL, NULL),
(840, 994, 'SAVE', NULL, NULL, NULL, NULL),
(841, 995, 'SAVE', NULL, NULL, NULL, NULL),
(842, 996, 'SAVE', NULL, NULL, NULL, NULL),
(843, 997, 'SAVE', 'save_*', NULL, NULL, NULL),
(844, 998, 'SAVE', NULL, '*.dat', NULL, NULL),
(844, 999, 'SAVE', NULL, '*.sav', NULL, NULL),
(845, 1000, 'SAVE', NULL, 'Tachyon.cfg', NULL, NULL),
(846, 1001, 'SAVE', NULL, '*.save', NULL, NULL),
(847, 1002, 'SAVE', NULL, 'prefs.prop', NULL, NULL),
(848, 1003, 'SAVE', NULL, '*.save', NULL, NULL),
(849, 1004, 'SAVE', NULL, 'prefs.prop', NULL, NULL),
(850, 1005, 'SAVE', NULL, '*.save', NULL, NULL),
(851, 1006, 'SAVE', NULL, 'prefs.prop', NULL, NULL),
(852, 1007, 'SAVE', NULL, '*.save', NULL, NULL),
(853, 1008, 'SAVE', NULL, 'prefs.prop', NULL, NULL),
(854, 1009, 'SAVE', NULL, '*.save', NULL, NULL),
(855, 1010, 'SAVE', NULL, 'prefs.prop', NULL, NULL),
(856, 1011, 'SAVE', 'SAVES', NULL, NULL, NULL),
(857, 1012, 'SAVE', 'data\\profiles', NULL, NULL, NULL),
(858, 1013, 'SAVE', 'Saved', NULL, NULL, NULL),
(859, 1014, 'SAVE', 'modules\\*\\Save', NULL, NULL, NULL),
(861, 1015, 'SAVE', NULL, 'ToEE.cfg', NULL, NULL),
(860, 1016, 'SAVE', 'modules\\*\\players', NULL, NULL, NULL),
(862, 1017, 'SAVE', 'saves', NULL, NULL, NULL),
(863, 1018, 'SAVE', NULL, NULL, NULL, NULL),
(864, 1019, 'SAVE', NULL, NULL, NULL, NULL),
(865, 1020, 'SAVE', 'Profiles', NULL, NULL, NULL),
(865, 1021, 'SAVE', 'Save', NULL, NULL, NULL),
(866, 1022, 'SAVE', NULL, 'BanIPList.txt', NULL, NULL),
(866, 1023, 'SAVE', NULL, 'Game.ini', NULL, NULL),
(866, 1024, 'SAVE', NULL, 'settings.cfg', NULL, NULL),
(867, 1025, 'SAVE', 'Save', NULL, NULL, NULL),
(868, 1026, 'SAVE', NULL, NULL, NULL, NULL),
(869, 1027, 'SAVE', 'games', NULL, NULL, NULL),
(869, 1028, 'SAVE', 'players', NULL, NULL, NULL),
(870, 1029, 'SAVE', 'SAVES', NULL, NULL, NULL),
(872, 1030, 'SAVE', NULL, 'user.bnd', NULL, NULL),
(872, 1031, 'SAVE', NULL, 'USER.CFG', NULL, NULL),
(871, 1032, 'SAVE', 'SAVES', '*.sav', NULL, NULL),
(871, 1033, 'SAVE', NULL, '*.sav', NULL, NULL),
(873, 1034, 'SAVE', 'SaveGames', NULL, NULL, NULL),
(874, 1035, 'SAVE', 'SAVES', NULL, NULL, NULL),
(875, 1036, 'SAVE', 'Save', NULL, NULL, NULL),
(876, 1037, 'SAVE', NULL, 'KeyMouse.cfg', NULL, NULL),
(876, 1038, 'SAVE', NULL, 'options.txt', NULL, NULL),
(877, 1039, 'SAVE', NULL, NULL, NULL, NULL),
(878, 1040, 'SAVE', NULL, NULL, NULL, NULL),
(879, 1041, 'SAVE', NULL, 'savegame.*', NULL, NULL),
(880, 1042, 'SAVE', NULL, 'savegame.*', NULL, NULL),
(881, 1043, 'SAVE', NULL, NULL, NULL, NULL),
(882, 1044, 'SAVE', NULL, 'savegame.*', NULL, NULL),
(883, 1045, 'SAVE', NULL, NULL, NULL, NULL),
(884, 1046, 'SAVE', 'SaveGame', NULL, NULL, NULL),
(885, 1047, 'SAVE', NULL, 'savegame.*', NULL, NULL);
INSERT INTO `game_files` (`type`, `id`, `action`, `path`, `filename`, `modified_after`, `parent`) VALUES
(886, 1048, 'SAVE', NULL, NULL, NULL, NULL),
(887, 1049, 'SAVE', 'save*', NULL, NULL, NULL),
(888, 1050, 'SAVE', NULL, 'local_settings.txt', NULL, NULL),
(888, 1051, 'SAVE', NULL, 'settings.txt', NULL, NULL),
(889, 1052, 'SAVE', 'advice_history', NULL, NULL, NULL),
(889, 1053, 'SAVE', 'avatar', NULL, NULL, NULL),
(890, 1054, 'SAVE', 'replays', NULL, NULL, NULL),
(889, 1055, 'SAVE', 'save_games', NULL, NULL, NULL),
(891, 1056, 'SAVE', 'scripts', NULL, NULL, NULL),
(892, 1057, 'SAVE', 'Config', '*.Gbx', NULL, NULL),
(894, 1058, 'SAVE', 'Config', 'blacklist.txt', NULL, NULL),
(894, 1059, 'SAVE', 'Config', 'Default.SystemConfig.Gbx', NULL, NULL),
(894, 1060, 'SAVE', 'Config', 'guestlist.txt', NULL, NULL),
(893, 1061, 'SAVE', 'Replays', NULL, NULL, NULL),
(892, 1062, 'EXCEPT', 'Config', 'Default.SystemConfig.Gbx', NULL, 1057),
(896, 1063, 'SAVE', 'Scores', NULL, NULL, NULL),
(895, 1064, 'SAVE', 'Profiles', NULL, NULL, NULL),
(897, 1065, 'SAVE', 'TransGame\\SaveData', NULL, NULL, NULL),
(899, 1066, 'SAVE', NULL, '*.cfg', NULL, NULL),
(898, 1067, 'SAVE', 'savegames', NULL, NULL, NULL),
(900, 1068, 'SAVE', NULL, NULL, NULL, NULL),
(901, 1069, 'SAVE', 'Profiles', NULL, NULL, NULL),
(902, 1070, 'SAVE', NULL, 'display.cfg', NULL, NULL),
(901, 1071, 'SAVE', 'Save', NULL, NULL, NULL),
(903, 1072, 'SAVE', NULL, NULL, NULL, NULL),
(904, 1073, 'SAVE', 'games', NULL, NULL, NULL),
(905, 1074, 'SAVE', 'Save', NULL, NULL, NULL),
(905, 1075, 'SAVE', 'Campaign', NULL, NULL, NULL),
(906, 1076, 'SAVE', NULL, NULL, NULL, NULL),
(907, 1077, 'SAVE', 'Saves', NULL, NULL, NULL),
(908, 1078, 'SAVE', NULL, 'TrueCrime.ini', NULL, NULL),
(909, 1079, 'SAVE', NULL, NULL, NULL, NULL),
(911, 1080, 'SAVE', NULL, 'claws.prefs', NULL, NULL),
(910, 1081, 'SAVE', 'Savegames', NULL, NULL, NULL),
(912, 1082, 'SAVE', NULL, NULL, NULL, NULL),
(913, 1083, 'SAVE', 'Profiles', NULL, NULL, NULL),
(914, 1084, 'SAVE', NULL, '*.zds', NULL, NULL),
(916, 1085, 'SAVE', 'System', '*.ini', NULL, NULL),
(915, 1086, 'SAVE', 'Save', NULL, NULL, NULL),
(917, 1087, 'SAVE', 'Save', NULL, NULL, NULL),
(919, 1088, 'SAVE', 'System', '*.ini', NULL, NULL),
(918, 1089, 'SAVE', 'Save', NULL, NULL, NULL),
(921, 1090, 'SAVE', 'System', '*.ini', NULL, NULL),
(920, 1091, 'SAVE', 'Save', NULL, NULL, NULL),
(923, 1092, 'SAVE', 'System', '*.ini', NULL, NULL),
(923, 1093, 'EXCEPT', 'System', 'User.ini', NULL, 1092),
(922, 1094, 'SAVE', 'System', 'User.ini', NULL, NULL),
(925, 1095, 'SAVE', 'System', '*.ini', NULL, NULL),
(924, 1096, 'SAVE', 'Saves', NULL, NULL, NULL),
(927, 1097, 'SAVE', 'UTGame\\Config', NULL, NULL, NULL),
(926, 1098, 'SAVE', 'UTGame\\SaveData', NULL, NULL, NULL),
(928, 1099, 'SAVE', 'users', NULL, NULL, NULL),
(928, 1100, 'SAVE', 'usersold', NULL, NULL, NULL),
(928, 1101, 'SAVE', 'userstmp', NULL, NULL, NULL),
(929, 1102, 'SAVE', 'users', 'options', NULL, NULL),
(928, 1103, 'EXCEPT', 'users', 'debug.log', NULL, 1099),
(928, 1104, 'EXCEPT', 'users', 'options', NULL, 1099),
(930, 1105, 'SAVE', 'Vampire\\SAVE', NULL, NULL, NULL),
(931, 1106, 'SAVE', 'SaveGames', NULL, NULL, NULL),
(932, 1107, 'SAVE', NULL, '*', NULL, NULL),
(933, 1108, 'SAVE', NULL, 'VenusHostage.*', NULL, NULL),
(934, 1109, 'SAVE', NULL, 'config.ini', NULL, NULL),
(935, 1111, 'SAVE', 'Save', NULL, NULL, NULL),
(936, 1112, 'SAVE', 'Vigil\\Profiles', NULL, NULL, NULL),
(937, 1113, 'SAVE', 'DATA\\Save', NULL, NULL, NULL),
(938, 1114, 'SAVE', NULL, 'config.cfg', NULL, NULL),
(939, 1115, 'SAVE', NULL, NULL, NULL, NULL),
(940, 1116, 'SAVE', NULL, NULL, NULL, NULL),
(941, 1117, 'SAVE', NULL, NULL, NULL, NULL),
(942, 1118, 'SAVE', NULL, NULL, NULL, NULL),
(943, 1119, 'SAVE', NULL, NULL, NULL, NULL),
(944, 1120, 'SAVE', NULL, NULL, NULL, NULL),
(945, 1121, 'SAVE', 'saves', NULL, NULL, NULL),
(946, 1122, 'SAVE', 'save', NULL, NULL, NULL),
(950, 1123, 'SAVE', 'Settings', NULL, NULL, NULL),
(948, 1124, 'SAVE', 'Playback', NULL, NULL, NULL),
(949, 1125, 'SAVE', 'Screenshots', NULL, NULL, NULL),
(947, 1126, 'SAVE', 'Saved Games', NULL, NULL, NULL),
(955, 1127, 'SAVE', 'Settings', NULL, NULL, NULL),
(953, 1128, 'SAVE', 'Playback', NULL, NULL, NULL),
(954, 1129, 'SAVE', 'Screenshots', NULL, NULL, NULL),
(952, 1130, 'SAVE', 'Badges', NULL, NULL, NULL),
(951, 1131, 'SAVE', 'Saved Games', NULL, NULL, NULL),
(956, 1132, 'SAVE', 'Profiles', NULL, NULL, NULL),
(957, 1133, 'SAVE', 'savegames', NULL, NULL, NULL),
(958, 1134, 'SAVE', NULL, 'keymap.map', NULL, NULL),
(959, 1135, 'SAVE', 'SaveData', NULL, NULL, NULL),
(960, 1136, 'SAVE', 'SaveData', NULL, NULL, NULL),
(961, 1137, 'SAVE', NULL, NULL, NULL, NULL),
(962, 1138, 'SAVE', 'savegames', NULL, NULL, NULL),
(963, 1139, 'SAVE', NULL, '*.WSG', NULL, NULL),
(964, 1140, 'SAVE', NULL, NULL, NULL, NULL),
(965, 1141, 'SAVE', 'saves', NULL, NULL, NULL),
(968, 1142, 'SAVE', 'Config', NULL, NULL, NULL),
(966, 1143, 'SAVE', 'gamesaves', NULL, NULL, NULL),
(967, 1144, 'SAVE', 'Downloads', '*.dlc', NULL, NULL),
(969, 1145, 'SAVE', 'base', NULL, NULL, NULL),
(970, 1146, 'SAVE', NULL, NULL, NULL, NULL),
(971, 1147, 'SAVE', NULL, 'prefs.dat', NULL, NULL),
(972, 1148, 'SAVE', NULL, NULL, NULL, NULL),
(973, 1149, 'SAVE', 'WTF', NULL, NULL, NULL),
(974, 1150, 'SAVE', 'Saves', NULL, NULL, NULL),
(975, 1151, 'SAVE', 'Teams', NULL, NULL, NULL),
(976, 1152, 'SAVE', NULL, '*.sav', NULL, NULL),
(977, 1153, 'SAVE', 'save', NULL, NULL, NULL),
(978, 1154, 'SAVE', 'save', NULL, NULL, NULL),
(979, 1155, 'SAVE', 'save', NULL, NULL, NULL),
(981, 1156, 'SAVE', 'INI', NULL, NULL, NULL),
(980, 1157, 'SAVE', 'SAVE', NULL, NULL, NULL),
(982, 1158, 'SAVE', NULL, '*.x', NULL, NULL),
(983, 1159, 'SAVE', 'Save', NULL, NULL, NULL),
(984, 1160, 'SAVE', 'system', 'XIII.ini', NULL, NULL),
(985, 1161, 'SAVE', 'SaveData', NULL, NULL, NULL),
(986, 1162, 'SAVE', 'Data\\profiles', NULL, NULL, NULL),
(988, 1163, 'SAVE', 'Data', 'AudioSettings.scr', NULL, NULL),
(988, 1164, 'SAVE', 'Data', 'CoDrvReader.scr', NULL, NULL),
(988, 1165, 'SAVE', 'Data', 'Controller.scr', NULL, NULL),
(988, 1166, 'SAVE', 'Data', 'DefaultControllers.scr', NULL, NULL),
(988, 1167, 'SAVE', 'Data', 'VideoSettings.scr', NULL, NULL),
(988, 1168, 'SAVE', 'Data', 'VideoSettingsGTI.scr', NULL, NULL),
(988, 1169, 'SAVE', 'Data', 'VideoSettingsGTI_MP.scr', NULL, NULL),
(987, 1170, 'SAVE', 'Replays', NULL, NULL, NULL),
(989, 1171, 'SAVE', 'Data\\profiles', NULL, NULL, NULL),
(991, 1172, 'SAVE', 'Data', 'AudioSettings.scr', NULL, NULL),
(991, 1173, 'SAVE', 'Data', 'CoDrvReader.scr', NULL, NULL),
(991, 1174, 'SAVE', 'Data', 'Controller.scr', NULL, NULL),
(991, 1175, 'SAVE', 'Data', 'DefaultControllers.scr', NULL, NULL),
(991, 1176, 'SAVE', 'Data', 'VideoSettings.scr', NULL, NULL),
(991, 1177, 'SAVE', 'Data', 'VideoSettingsGTI.scr', NULL, NULL),
(991, 1178, 'SAVE', 'Data', 'VideoSettingsGTI_MP.scr', NULL, NULL),
(990, 1179, 'SAVE', 'Replays', NULL, NULL, NULL),
(992, 1180, 'SAVE', 'zenozoik\\SAVE', NULL, NULL, NULL),
(993, 1181, 'SAVE', NULL, NULL, NULL, NULL),
(994, 1182, 'SAVE', NULL, NULL, NULL, NULL),
(995, 1183, 'SAVE', NULL, NULL, NULL, NULL),
(996, 1184, 'SAVE', NULL, 'inqsav*.sav', NULL, NULL),
(997, 1186, 'SAVE', 'userdata', NULL, NULL, NULL),
(998, 1187, 'SAVE', 'SAVE', NULL, NULL, NULL),
(999, 1188, 'SAVE', 'SAVE', NULL, NULL, NULL),
(1000, 1189, 'SAVE', 'SAVE', NULL, NULL, NULL),
(1001, 1190, 'SAVE', 'SAVE', NULL, NULL, NULL),
(1003, 1191, 'SAVE', 'System', '*.ini', NULL, NULL),
(1002, 1192, 'SAVE', 'Save', NULL, NULL, NULL),
(1004, 1193, 'SAVE', 'SAVE', NULL, NULL, NULL),
(1005, 1194, 'SAVE', 'Savegame', '*.svx', NULL, NULL),
(1005, 1195, 'SAVE', 'Savegame', '*.rcx', NULL, NULL),
(1006, 1196, 'SAVE', 'Save', NULL, NULL, NULL),
(1006, 1197, 'SAVE', 'Profiles', NULL, NULL, NULL),
(1008, 1198, 'SAVE', NULL, 'conquests.ini', NULL, NULL),
(1007, 1199, 'SAVE', 'Saves', NULL, NULL, NULL),
(1010, 1201, 'SAVE', NULL, 'ptw.ini', NULL, NULL),
(1009, 1202, 'SAVE', 'Saves', NULL, NULL, NULL),
(1011, 1203, 'SAVE', 'Saves', NULL, NULL, NULL),
(1012, 1204, 'SAVE', 'Saves', NULL, NULL, NULL),
(1013, 1205, 'SAVE', NULL, NULL, NULL, NULL),
(1014, 1206, 'SAVE', 'Save', NULL, NULL, NULL),
(1015, 1207, 'SAVE', NULL, 'SkirmishStats.ini', NULL, NULL),
(1016, 1209, 'SAVE', 'SAVE', NULL, NULL, NULL),
(1017, 1210, 'SAVE', NULL, '*.hsv', NULL, NULL),
(1018, 1211, 'SAVE', 'savegame*', NULL, NULL, NULL),
(1019, 1212, 'SAVE', 'CustomCivs', NULL, NULL, NULL),
(1020, 1213, 'SAVE', 'CustomForces', NULL, NULL, NULL),
(1021, 1214, 'SAVE', 'maps', NULL, NULL, NULL),
(1022, 1215, 'SAVE', 'scenario*', NULL, NULL, NULL),
(1023, 1216, 'SAVE', 'Data\\Saved Games', NULL, NULL, NULL),
(1024, 1217, 'SAVE', 'Data\\Campaigns', NULL, '2002-08-21 00:00:00', NULL),
(1026, 1218, 'SAVE', 'Data\\Scenarios', NULL, NULL, NULL),
(1025, 1219, 'SAVE', 'Users\\*\\Civilizations', NULL, NULL, NULL),
(1028, 1220, 'SAVE', NULL, 'settings.cfg', NULL, NULL),
(1027, 1221, 'SAVE', 'Profiles', NULL, NULL, NULL),
(1027, 1222, 'SAVE', 'Save', NULL, NULL, NULL),
(1029, 1223, 'SAVE', NULL, NULL, NULL, NULL),
(1030, 1225, 'SAVE', 'Mods\\Mp1\\save\\game', NULL, NULL, NULL),
(1031, 1226, 'SAVE', 'Mods\\Mp1\\save\\replay', NULL, NULL, NULL),
(1032, 1228, 'SAVE', 'Mods\\Mp2\\save\\game', NULL, NULL, NULL),
(1033, 1229, 'SAVE', 'Mods\\Mp2\\save\\replay', NULL, NULL, NULL),
(1034, 1230, 'SAVE', 'Save', NULL, NULL, NULL),
(1035, 1231, 'SAVE', 'SAVE', NULL, NULL, NULL),
(1036, 1232, 'SAVE', 'SAVE', NULL, NULL, NULL),
(1038, 1233, 'SAVE', NULL, 'settings.cfg', NULL, NULL),
(1038, 1234, 'SAVE', NULL, 'config.eu', NULL, NULL),
(1037, 1235, 'SAVE', 'scenarios\\save games', NULL, NULL, NULL),
(1039, 1236, 'SAVE', 'SavedGames', NULL, NULL, NULL),
(1040, 1237, 'SAVE', 'psg', '*.sav', NULL, NULL),
(1042, 1238, 'SAVE', 'mek', NULL, NULL, NULL),
(1041, 1239, 'SAVE', NULL, 'userstar.bwd', NULL, NULL),
(1043, 1240, 'SAVE', NULL, 'MW2PRM.CFG', NULL, NULL),
(1043, 1241, 'SAVE', NULL, 'MW2REG.CFG', NULL, NULL),
(1045, 1242, 'SAVE', 'mek', NULL, NULL, NULL),
(1044, 1243, 'SAVE', NULL, 'userstar.bwd', NULL, NULL),
(1046, 1244, 'SAVE', NULL, 'MW2PRM.CFG', NULL, NULL),
(1046, 1245, 'SAVE', NULL, 'MW2REG.CFG', NULL, NULL),
(1049, 1246, 'SAVE', 'Keys', NULL, NULL, NULL),
(1048, 1247, 'SAVE', 'configs', NULL, NULL, NULL),
(1047, 1248, 'SAVE', 'pilots', NULL, NULL, NULL),
(1052, 1250, 'SAVE', NULL, 'optionsx.ini', NULL, NULL),
(1050, 1251, 'SAVE', 'resource\\Pilotsx', NULL, NULL, NULL),
(1051, 1252, 'SAVE', 'resource\\Variantsx', NULL, NULL, NULL),
(1054, 1253, 'SAVE', 'preferences', NULL, NULL, NULL),
(1053, 1254, 'SAVE', 'saves', NULL, NULL, NULL),
(1056, 1255, 'SAVE', 'preferences', NULL, NULL, NULL),
(1055, 1256, 'SAVE', 'saves', NULL, NULL, NULL),
(1058, 1257, 'SAVE', 'preferences', NULL, NULL, NULL),
(1057, 1258, 'SAVE', 'saves', NULL, NULL, NULL),
(1060, 1259, 'SAVE', 'preferences', NULL, NULL, NULL),
(1059, 1260, 'SAVE', 'saves', NULL, NULL, NULL),
(1062, 1261, 'SAVE', NULL, 'settings.cfg', NULL, NULL),
(1061, 1262, 'SAVE', 'save', NULL, NULL, NULL),
(1063, 1263, 'SAVE', 'AWSave', NULL, NULL, NULL),
(1064, 1265, 'SAVE', 'Save\\campaigns\\AthenaSword', '*', NULL, NULL),
(1066, 1266, 'SAVE', 'preferences', NULL, NULL, NULL),
(1065, 1267, 'SAVE', 'saves', NULL, NULL, NULL),
(1068, 1268, 'SAVE', 'preferences', NULL, NULL, NULL),
(1067, 1269, 'SAVE', 'saves', NULL, NULL, NULL),
(1069, 1270, 'SAVE', NULL, NULL, NULL, NULL),
(1070, 1271, 'SAVE', 'player', NULL, NULL, NULL),
(1071, 1272, 'SAVE', 'SAVES', NULL, NULL, NULL),
(1072, 1273, 'SAVE', NULL, NULL, NULL, NULL),
(1073, 1274, 'SAVE', NULL, 'savegame.*', NULL, NULL),
(1074, 1275, 'SAVE', NULL, 'savegame.*', NULL, NULL),
(1075, 1276, 'SAVE', NULL, NULL, NULL, NULL),
(1076, 1278, 'SAVE', NULL, 'custom.xml', NULL, NULL),
(1077, 1279, 'SAVE', 'data', NULL, NULL, NULL),
(1077, 1280, 'SAVE', 'Unknown', NULL, NULL, NULL),
(1077, 1281, 'SAVE', NULL, 'raptr*', NULL, NULL),
(1077, 1282, 'EXCEPT', NULL, '*.exe', NULL, 1281),
(1078, 1283, 'SAVE', NULL, NULL, NULL, NULL),
(1079, 1284, 'SAVE', 'notes', NULL, NULL, NULL),
(1080, 1285, 'SAVE', 'config', NULL, NULL, NULL),
(1081, 1286, 'SAVE', 'storage', NULL, NULL, NULL),
(1081, 1287, 'EXCEPT', 'storage\\temp', NULL, NULL, 1286),
(1082, 1288, 'SAVE', NULL, NULL, NULL, NULL),
(1083, 1289, 'SAVE', NULL, NULL, NULL, NULL),
(1084, 1290, 'SAVE', NULL, NULL, NULL, NULL),
(1085, 1291, 'SAVE', NULL, NULL, NULL, NULL),
(1086, 1292, 'SAVE', NULL, NULL, NULL, NULL),
(1087, 1293, 'SAVE', NULL, NULL, NULL, NULL),
(1088, 1294, 'SAVE', NULL, NULL, NULL, NULL),
(1089, 1295, 'SAVE', NULL, NULL, NULL, NULL),
(1090, 1296, 'SAVE', NULL, NULL, NULL, NULL),
(1091, 1297, 'SAVE', NULL, NULL, NULL, NULL),
(1092, 1298, 'SAVE', NULL, NULL, NULL, NULL),
(1093, 1299, 'SAVE', NULL, NULL, NULL, NULL),
(1094, 1300, 'SAVE', NULL, NULL, NULL, NULL),
(1095, 1301, 'SAVE', NULL, NULL, NULL, NULL),
(1096, 1302, 'SAVE', NULL, NULL, NULL, NULL),
(1097, 1303, 'SAVE', NULL, NULL, NULL, NULL),
(1098, 1304, 'SAVE', NULL, NULL, NULL, NULL),
(1099, 1305, 'SAVE', NULL, NULL, NULL, NULL),
(1100, 1306, 'SAVE', NULL, NULL, NULL, NULL),
(1101, 1307, 'SAVE', NULL, NULL, NULL, NULL),
(1102, 1308, 'SAVE', NULL, NULL, NULL, NULL),
(1103, 1309, 'SAVE', NULL, NULL, NULL, NULL),
(1104, 1310, 'SAVE', NULL, NULL, NULL, NULL),
(1105, 1311, 'SAVE', NULL, NULL, NULL, NULL),
(1106, 1312, 'SAVE', NULL, NULL, NULL, NULL),
(1107, 1313, 'SAVE', NULL, NULL, NULL, NULL),
(1108, 1314, 'SAVE', NULL, NULL, NULL, NULL),
(1108, 1315, 'EXCEPT', 'mp3', NULL, NULL, 1314),
(1109, 1316, 'SAVE', NULL, NULL, NULL, NULL),
(1110, 1317, 'SAVE', NULL, NULL, NULL, NULL),
(1111, 1318, 'SAVE', NULL, NULL, NULL, NULL),
(1112, 1319, 'SAVE', NULL, NULL, NULL, NULL),
(1113, 1320, 'SAVE', NULL, NULL, NULL, NULL),
(1114, 1321, 'SAVE', NULL, NULL, NULL, NULL),
(1115, 1322, 'SAVE', NULL, NULL, NULL, NULL),
(1116, 1323, 'SAVE', NULL, NULL, NULL, NULL),
(1117, 1324, 'SAVE', NULL, NULL, NULL, NULL),
(1118, 1325, 'SAVE', NULL, NULL, NULL, NULL),
(1119, 1326, 'SAVE', NULL, NULL, NULL, NULL),
(1120, 1327, 'SAVE', NULL, NULL, NULL, NULL),
(1121, 1328, 'SAVE', NULL, NULL, NULL, NULL),
(1122, 1329, 'SAVE', NULL, NULL, NULL, NULL),
(1123, 1330, 'SAVE', NULL, NULL, NULL, NULL),
(1124, 1331, 'SAVE', NULL, NULL, NULL, NULL),
(1125, 1332, 'SAVE', NULL, NULL, NULL, NULL),
(1126, 1333, 'SAVE', NULL, NULL, NULL, NULL),
(1127, 1334, 'SAVE', NULL, NULL, NULL, NULL),
(1128, 1335, 'SAVE', NULL, NULL, NULL, NULL),
(1129, 1336, 'SAVE', 'SAVE', NULL, NULL, NULL),
(1130, 1337, 'SAVE', NULL, NULL, NULL, NULL),
(1131, 1339, 'SAVE', NULL, 'SKY-VM.*', NULL, NULL),
(1132, 1340, 'SAVE', NULL, 'sword1.*', NULL, NULL),
(1133, 1341, 'SAVE', NULL, 'bsword2.*', NULL, NULL),
(1134, 1342, 'SAVE', NULL, 'feeble.0??', NULL, NULL),
(1135, 1344, 'SAVE', NULL, 'ft.s*', NULL, NULL),
(1136, 1345, 'SAVE', NULL, 'gobliins2.*', NULL, NULL),
(1137, 1346, 'SAVE', NULL, 'gobliins2FDD.*', NULL, NULL),
(1138, 1347, 'SAVE', NULL, 'goblins3.*', NULL, NULL),
(1139, 1348, 'SAVE', NULL, 'goblins3FDD.*', NULL, NULL),
(1140, 1350, 'SAVE', NULL, 'kq1.*', NULL, NULL),
(1141, 1352, 'SAVE', NULL, 'kq2.*', NULL, NULL),
(1142, 1354, 'SAVE', NULL, 'kq3.*', NULL, NULL),
(1143, 1356, 'SAVE', NULL, 'kq4sci.*', NULL, NULL),
(1144, 1358, 'SAVE', NULL, 'kq5-cd.*', NULL, NULL),
(1145, 1360, 'SAVE', NULL, 'kq6-cd.*', NULL, NULL),
(1146, 1361, 'SAVE', NULL, 'lure.*', NULL, NULL),
(1147, 1363, 'SAVE', NULL, 'rtz-cd.*', NULL, NULL),
(1148, 1365, 'SAVE', NULL, 'samnmax.s*', NULL, NULL),
(1149, 1366, 'SAVE', NULL, 'simon1.0*', NULL, NULL),
(1150, 1367, 'SAVE', NULL, 'simon1.ini', NULL, NULL),
(1151, 1368, 'SAVE', NULL, 'simon2.0*', NULL, NULL),
(1152, 1369, 'SAVE', NULL, 'simon2.ini', NULL, NULL),
(1153, 1371, 'SAVE', NULL, 'sq1.*', NULL, NULL),
(1154, 1373, 'SAVE', NULL, 'sq2.*', NULL, NULL),
(1155, 1375, 'SAVE', NULL, 'sq3.*', NULL, NULL),
(1156, 1377, 'SAVE', NULL, 'sq4-cd.*', NULL, NULL),
(1157, 1379, 'SAVE', NULL, 'sq5.*', NULL, NULL),
(1158, 1380, 'SAVE', 'config', NULL, NULL, NULL),
(1159, 1381, 'SAVE', NULL, NULL, NULL, NULL),
(1160, 1382, 'SAVE', NULL, NULL, NULL, NULL),
(1161, 1384, 'SAVE', 'data\\players', NULL, NULL, NULL),
(1162, 1385, 'SAVE', 'save', NULL, NULL, NULL),
(1163, 1386, 'SAVE', NULL, '*.cfg', NULL, NULL),
(1164, 1387, 'SAVE', NULL, 'hl2d_settings.sol', NULL, NULL),
(1165, 1388, 'SAVE', 'Local Store\\Lone Survivor Saved Game', NULL, NULL, NULL),
(1166, 1389, 'SAVE', NULL, NULL, NULL, NULL),
(1167, 1390, 'SAVE', NULL, NULL, NULL, NULL),
(1168, 1391, 'SAVE', NULL, 'SAVE?.ITD', NULL, NULL),
(1169, 1392, 'SAVE', NULL, 'SAVE?.ITD', NULL, NULL),
(1170, 1393, 'SAVE', 'SAVE??', 'SAVE?.ITD', NULL, NULL),
(1171, 1394, 'SAVE', NULL, '*.SAV', NULL, NULL),
(1172, 1395, 'SAVE', NULL, '*.SAV', NULL, NULL),
(1173, 1396, 'SAVE', NULL, '*.DAT', NULL, NULL),
(1174, 1397, 'SAVE', NULL, '*.PLR', NULL, NULL),
(1174, 1398, 'SAVE', NULL, '*.SG*', NULL, NULL),
(1176, 1399, 'SAVE', NULL, 'DESCENT.CFG', NULL, NULL),
(1175, 1400, 'SAVE', NULL, '*.DEM', NULL, NULL),
(1177, 1401, 'SAVE', NULL, '*.dat', NULL, NULL),
(1177, 1402, 'SAVE', NULL, 'SAVE*', NULL, NULL),
(1178, 1403, 'SAVE', NULL, 'DRAG*.SAV', NULL, NULL),
(1178, 1404, 'SAVE', NULL, 'SAVES.DIR', NULL, NULL),
(1179, 1405, 'SAVE', 'SAVE*', NULL, NULL, NULL),
(1180, 1406, 'SAVE', NULL, 'SAVEGAME.*', NULL, NULL),
(1181, 1407, 'SAVE', NULL, '*.SAV', NULL, NULL),
(1182, 1408, 'SAVE', NULL, '*.SAV', NULL, NULL),
(1183, 1409, 'SAVE', NULL, '*.SAV', NULL, NULL),
(1184, 1410, 'SAVE', NULL, 'SAVE?.ITD', NULL, NULL),
(1185, 1411, 'SAVE', NULL, 'KQ1SG.*', NULL, NULL),
(1186, 1412, 'SAVE', NULL, 'KQ2SG.*', NULL, NULL),
(1187, 1413, 'SAVE', NULL, 'KQ3SG.*', NULL, NULL),
(1188, 1414, 'SAVE', NULL, 'KQ4SG.*', NULL, NULL),
(1189, 1415, 'SAVE', NULL, 'KQ5SG.*', NULL, NULL),
(1190, 1416, 'SAVE', NULL, 'KQ6SG.*', NULL, NULL),
(1191, 1417, 'SAVE', NULL, 'KQ7CDSG.*', NULL, NULL),
(1192, 1418, 'SAVE', NULL, 'BLUE.EGG', NULL, NULL),
(1193, 1419, 'SAVE', NULL, '*.LBA', NULL, NULL),
(1194, 1420, 'SAVE', 'SAVE', NULL, NULL, NULL),
(1195, 1421, 'SAVE', NULL, '*.GAM', NULL, NULL),
(1196, 1422, 'SAVE', NULL, 'SAVE*.GAM', NULL, NULL),
(1197, 1423, 'SAVE', NULL, 'SAVE*.GAM', NULL, NULL),
(1198, 1424, 'SAVE', NULL, 'CONFIG.MOO', NULL, NULL),
(1199, 1425, 'SAVE', NULL, '*.GAM', NULL, NULL),
(1200, 1426, 'SAVE', NULL, '*.SAV', NULL, NULL),
(1201, 1427, 'SAVE', 'TEXTE', '*.SAV', NULL, NULL),
(1202, 1428, 'SAVE', NULL, 'HALL.DAT', NULL, NULL),
(1203, 1429, 'SAVE', 'SAVEGAME', NULL, NULL, NULL),
(1204, 1430, 'SAVE', NULL, '*.SAV', NULL, NULL),
(1205, 1431, 'SAVE', NULL, 'BLOOD.CFG', NULL, NULL),
(1206, 1432, 'SAVE', 'GAMES', NULL, NULL, NULL),
(1206, 1433, 'SAVE', 'PLAYERS', NULL, NULL, NULL),
(1207, 1434, 'SAVE', NULL, 'PHANTSG.*', NULL, NULL),
(1208, 1435, 'SAVE', NULL, 'P2SG.*', NULL, NULL),
(1209, 1436, 'SAVE', 'SAVE', '*', NULL, NULL),
(1210, 1437, 'SAVE', NULL, 'RAYFAN*.SAV', NULL, NULL),
(1211, 1438, 'SAVE', NULL, 'RAYFAN.CFG', NULL, NULL),
(1212, 1439, 'SAVE', NULL, 'RAYMAN*.SAV', NULL, NULL),
(1213, 1440, 'SAVE', NULL, 'RAYMAN.CFG', NULL, NULL),
(1214, 1441, 'SAVE', 'SAVEGAME', NULL, NULL, NULL),
(1215, 1442, 'SAVE', NULL, 'ROTH.INI', NULL, NULL),
(1216, 1443, 'SAVE', NULL, '*.SAV', NULL, NULL),
(1217, 1444, 'SAVE', NULL, '*.CFG', NULL, NULL),
(1218, 1445, 'SAVE', NULL, 'GAME.*', NULL, NULL),
(1219, 1446, 'SAVE', NULL, '*.SAV', NULL, NULL),
(1220, 1447, 'SAVE', NULL, 'SAVEGAME.*', NULL, NULL),
(1221, 1448, 'SAVE', NULL, '*.SAV', NULL, NULL),
(1222, 1449, 'SAVE', NULL, '*.CFG', NULL, NULL),
(1223, 1450, 'SAVE', NULL, 'SQSG.*', NULL, NULL),
(1224, 1451, 'SAVE', NULL, 'SQ2SG.*', NULL, NULL),
(1225, 1452, 'SAVE', NULL, 'SQ3SG.*', NULL, NULL),
(1226, 1453, 'SAVE', NULL, 'SQ4SG.*', NULL, NULL),
(1227, 1454, 'SAVE', NULL, 'SQ5SG.*', NULL, NULL),
(1228, 1455, 'SAVE', NULL, 'SQ6SG.*', NULL, NULL),
(1229, 1456, 'SAVE', NULL, 'SAVEGAME.*', NULL, NULL),
(1230, 1457, 'SAVE', NULL, 'SAVEGAME.*', NULL, NULL),
(1231, 1458, 'SAVE', NULL, 'STAR*.SAV', NULL, NULL),
(1232, 1459, 'SAVE', NULL, 'FLEET*.SAV', NULL, NULL),
(1233, 1460, 'SAVE', NULL, 'LEGEND.INI', NULL, NULL),
(1234, 1461, 'SAVE', 'PLAY', 'STAR?.COM', NULL, NULL),
(1235, 1462, 'SAVE', NULL, 'STAR*.COM', NULL, NULL),
(1235, 1463, 'SAVE', NULL, 'GAME.*', NULL, NULL),
(1235, 1464, 'SAVE', NULL, 'LASTSAVE.*', NULL, NULL),
(1235, 1465, 'SAVE', NULL, 'ORIGINAL.*', NULL, NULL),
(1236, 1466, 'SAVE', NULL, 'DARKPILO.CFG', NULL, NULL),
(1237, 1468, 'SAVE', NULL, 'SAVEGAME.*', NULL, NULL),
(1239, 1469, 'SAVE', NULL, 'TYRIAN.CFG', NULL, NULL),
(1238, 1470, 'SAVE', NULL, 'TYRIAN.SAV', NULL, NULL),
(1240, 1471, 'SAVE', 'GAMES', NULL, NULL, NULL),
(1240, 1472, 'SAVE', 'PLAYERS', NULL, NULL, NULL),
(1241, 1473, 'SAVE', 'GAMEDAT', 'SAVEGAME.WLD', NULL, NULL),
(1242, 1474, 'SAVE', 'GAMEDAT', 'SAVEGAME.WC2', NULL, NULL),
(1243, 1475, 'SAVE', NULL, '*.WSG', NULL, NULL),
(1244, 1476, 'SAVE', NULL, '*.SAV', NULL, NULL),
(1245, 1477, 'SAVE', NULL, '*.SAV', NULL, NULL),
(1246, 1478, 'SAVE', 'SAVE', '*', NULL, NULL),
(1247, 1479, 'SAVE', 'SAVE', '*', NULL, NULL),
(1248, 1480, 'SAVE', 'SAVE', '*', NULL, NULL),
(1249, 1481, 'SAVE', NULL, 'NEMSAV*.SAV', NULL, NULL),
(1250, 1482, 'SAVE', NULL, '*.SAV', NULL, NULL),
(1251, 1483, 'SAVE', NULL, '*.CFG', NULL, NULL),
(1252, 1485, 'SAVE', NULL, 'SAVEUB.*', NULL, NULL),
(1253, 1486, 'SAVE', 'files\\GOF2\\gof2nvidia_v01', '*.sav', NULL, NULL),
(1253, 1487, 'SAVE', 'files\\GOF2\\gof2nvidia_v01', 'gof2_save_game*', NULL, NULL),
(1254, 1488, 'SAVE', 'files\\GOF2\\gof2nvidia_v01', 'gof2_save_options', NULL, NULL),
(1255, 1489, 'SAVE', 'files\\GTA3', 'GTA3sf*.b', NULL, NULL),
(1256, 1490, 'SAVE', NULL, NULL, NULL, NULL),
(1257, 1492, 'SAVE', 'files', 'SaveGameSinglePlayer0', NULL, NULL),
(1258, 1494, 'SAVE', 'files', 'SaveGameSinglePlayer1', NULL, NULL),
(1259, 1495, 'SAVE', 'Saves', NULL, NULL, NULL),
(1260, 1496, 'SAVE', 'Saves', NULL, NULL, NULL),
(1261, 1497, 'SAVE', 'Saves', NULL, NULL, NULL);

-- --------------------------------------------------------

--
-- Table structure for table `game_file_types`
--

CREATE TABLE IF NOT EXISTS `game_file_types` (
  `game_version` bigint(20) NOT NULL,
  `id` bigint(20) NOT NULL AUTO_INCREMENT,
  `name` varchar(50) NOT NULL DEFAULT 'Saves',
  PRIMARY KEY (`id`),
  UNIQUE KEY `game_version_2` (`game_version`,`name`),
  KEY `game_version` (`game_version`)
) ENGINE=InnoDB  DEFAULT CHARSET=utf8 AUTO_INCREMENT=2048 ;

--
-- Dumping data for table `game_file_types`
--

INSERT INTO `game_file_types` (`game_version`, `id`, `name`) VALUES
(22373, 1, 'Saves'),
(22373, 2, 'Settings'),
(22374, 3, 'Saves'),
(22374, 4, 'Settings'),
(22375, 5, 'Saves'),
(22376, 6, 'Saves'),
(22376, 7, 'Settings'),
(22377, 8, 'Saves'),
(22378, 9, 'Saves'),
(22378, 10, 'Settings'),
(22379, 11, 'Saves'),
(22379, 12, 'Settings'),
(22380, 13, 'Saves'),
(22381, 14, 'Saves'),
(22382, 15, 'Saves'),
(22383, 16, 'Saves'),
(22384, 17, 'Saves'),
(22385, 18, 'Saves'),
(22385, 19, 'Settings'),
(22386, 20, 'Saves'),
(22386, 21, 'Settings'),
(22387, 22, 'Saves'),
(22387, 23, 'Settings'),
(22388, 24, 'Saves'),
(22388, 25, 'Settings'),
(22389, 26, 'Saves'),
(22389, 27, 'Settings'),
(22390, 28, 'Saves'),
(22390, 29, 'Settings'),
(22391, 30, 'Saves'),
(22391, 31, 'Settings'),
(22392, 32, 'Saves'),
(22393, 33, 'Saves'),
(22394, 34, 'Saves'),
(22395, 35, 'Saves'),
(22396, 36, 'Saves'),
(22397, 38, 'Maps'),
(22397, 37, 'Saves'),
(22397, 39, 'Scenarios'),
(22397, 40, 'Settings'),
(22398, 41, 'Saves'),
(22399, 42, 'Saves'),
(22400, 43, 'Saves'),
(22401, 44, 'Saves'),
(22402, 45, 'Settings'),
(22403, 46, 'Highscores'),
(22403, 47, 'Settings'),
(22404, 48, 'Saves'),
(22405, 49, 'Accounts'),
(22405, 50, 'Settings'),
(22406, 51, 'Saves'),
(22407, 52, 'Saves'),
(22407, 53, 'Settings'),
(22408, 54, 'Saves'),
(22409, 55, 'Saves'),
(22410, 56, 'Saves'),
(22411, 57, 'Saves'),
(22412, 58, 'Saves'),
(22412, 59, 'Settings'),
(22413, 60, 'Saves'),
(22414, 61, 'Saves'),
(22415, 62, 'Saves'),
(22416, 63, 'Saves'),
(22417, 64, 'Saves'),
(22417, 65, 'Settings'),
(22418, 66, 'Saves'),
(22419, 67, 'Saves'),
(22420, 68, 'Scores'),
(22421, 69, 'Saves'),
(22422, 70, 'Saves'),
(22423, 71, 'Saves'),
(22424, 72, 'Saves'),
(22425, 73, 'Saves'),
(22426, 74, 'Saves'),
(22427, 75, 'Saves'),
(22428, 76, 'Saves'),
(22429, 77, 'Saves'),
(22430, 79, 'Characters'),
(22430, 78, 'Saves'),
(22430, 80, 'Settings'),
(22431, 82, 'Characters'),
(22431, 81, 'Saves'),
(22431, 83, 'Settings'),
(22432, 84, 'Saves'),
(22433, 85, 'Saves'),
(22434, 86, 'Saves'),
(22435, 87, 'Saves'),
(22436, 88, 'Saves'),
(22436, 89, 'Settings'),
(22437, 90, 'Saves'),
(22437, 91, 'Settings'),
(22438, 92, 'Settings'),
(22439, 93, 'Saves'),
(22440, 94, 'Saves'),
(22441, 95, 'Saves'),
(22442, 96, 'Saves'),
(22443, 97, 'Saves'),
(22444, 98, 'Saves'),
(22445, 99, 'Saves'),
(22446, 100, 'Saves'),
(22446, 101, 'Settings'),
(22447, 102, 'Saves'),
(22448, 103, 'Saves'),
(22448, 104, 'Settings'),
(22449, 105, 'Saves'),
(22450, 106, 'Saves'),
(22451, 107, 'Saves'),
(22452, 108, 'Saves'),
(22453, 109, 'Saves'),
(22454, 110, 'Saves'),
(22455, 111, 'Saves'),
(22456, 112, 'Saves'),
(22457, 113, 'Saves'),
(22458, 114, 'Saves'),
(22459, 115, 'Saves'),
(22460, 116, 'Saves'),
(22461, 118, 'Achievements'),
(22461, 119, 'Exported Teams'),
(22461, 120, 'Replays'),
(22461, 117, 'Saves'),
(22461, 121, 'Screenshots'),
(22461, 122, 'Settings'),
(22462, 124, 'Achievements'),
(22462, 125, 'Exported Teams'),
(22462, 126, 'Replays'),
(22462, 123, 'Saves'),
(22462, 127, 'Screenshots'),
(22462, 128, 'Settings'),
(22463, 129, 'Saves'),
(22464, 130, 'Saves'),
(22465, 131, 'Saves'),
(22466, 132, 'Saves'),
(22467, 133, 'Saves'),
(22468, 134, 'Saves'),
(22469, 135, 'Saves'),
(22469, 136, 'Settings'),
(22470, 137, 'Saves'),
(22470, 138, 'Settings'),
(22471, 139, 'Saves'),
(22472, 140, 'Saves'),
(22473, 141, 'Saves'),
(22474, 142, 'Saves'),
(22474, 143, 'Settings'),
(22475, 144, 'Saves'),
(22476, 145, 'Saves'),
(22476, 146, 'Settings'),
(22477, 147, 'Saves'),
(22478, 148, 'Saves'),
(22478, 149, 'Settings'),
(22479, 150, 'Saves'),
(22480, 151, 'Saves'),
(22481, 152, 'Saves'),
(22482, 153, 'Saves'),
(22483, 154, 'Saves'),
(22483, 155, 'Settings'),
(22484, 156, 'Saves'),
(22484, 157, 'Settings'),
(22485, 158, 'Saves'),
(22486, 159, 'Saves'),
(22487, 160, 'Saves'),
(22488, 161, 'Saves'),
(22489, 162, 'Saves'),
(22490, 163, 'Saves'),
(22491, 164, 'Saves'),
(22492, 165, 'Saves'),
(22493, 166, 'Saves'),
(22494, 167, 'Saves'),
(22495, 168, 'Saves'),
(22496, 169, 'Saves'),
(22496, 170, 'Settings'),
(22497, 171, 'Saves'),
(22498, 172, 'Saves'),
(22499, 173, 'Saves'),
(22500, 174, 'Saves'),
(22500, 175, 'Settings'),
(22501, 176, 'Saves'),
(22502, 177, 'Saves'),
(22503, 178, 'Saves'),
(22504, 180, 'Replays'),
(22504, 179, 'Saves'),
(22504, 181, 'Settings'),
(22505, 182, 'Saves'),
(22505, 183, 'Settings'),
(22506, 184, 'Saves'),
(22507, 185, 'Saves'),
(22508, 186, 'Saves'),
(22509, 187, 'Saves'),
(22510, 188, 'Saves'),
(22510, 189, 'Settings'),
(22511, 190, 'Saves'),
(22511, 191, 'Settings'),
(22512, 192, 'Saves'),
(22513, 193, 'Saves'),
(22514, 194, 'Saves'),
(22515, 195, 'Saves'),
(22516, 196, 'Saves'),
(22517, 197, 'Saves'),
(22518, 198, 'Saves'),
(22519, 199, 'Saves'),
(22520, 200, 'Saves'),
(22520, 201, 'Settings'),
(22521, 202, 'Saves'),
(22522, 203, 'Saves'),
(22522, 204, 'Settings'),
(22523, 205, 'Saves'),
(22523, 206, 'Settings'),
(22524, 207, 'Saves'),
(22525, 208, 'Saves'),
(22526, 209, 'Saves'),
(22526, 210, 'Settings'),
(22527, 211, 'Saves'),
(22528, 212, 'Saves'),
(22529, 213, 'Saves'),
(22530, 214, 'Saves'),
(22531, 215, 'Saves'),
(22532, 216, 'Saves'),
(22533, 217, 'Saves'),
(22534, 218, 'Saves'),
(22534, 219, 'Settings'),
(22535, 220, 'Saves'),
(22536, 221, 'Saves'),
(22537, 222, 'Saves'),
(22538, 223, 'Creatures'),
(22538, 224, 'Settings'),
(22539, 225, 'Saves'),
(22540, 226, 'Saves'),
(22541, 227, 'Saves'),
(22541, 228, 'Settings'),
(22542, 229, 'Saves'),
(22542, 230, 'Settings'),
(22543, 231, 'Saves'),
(22544, 232, 'Saves'),
(22545, 233, 'Saves'),
(22546, 234, 'Saves'),
(22547, 235, 'Saves'),
(22547, 236, 'Settings'),
(22548, 237, 'Saves'),
(22548, 238, 'Settings'),
(22549, 239, 'Saves'),
(22549, 240, 'Settings'),
(22550, 241, 'Saves'),
(22551, 243, 'Replays'),
(22551, 242, 'Saves'),
(22551, 244, 'Settings'),
(22552, 246, 'Pilots'),
(22552, 247, 'Replays'),
(22552, 245, 'Saves'),
(22553, 248, 'Saves'),
(22554, 249, 'Saves'),
(22555, 250, 'Saves'),
(22556, 251, 'Saves'),
(22556, 252, 'Settings'),
(22557, 253, 'Saves'),
(22558, 254, 'Saves'),
(22559, 255, 'Saves'),
(22560, 256, 'Saves'),
(22561, 257, 'Saves'),
(22562, 258, 'Saves'),
(22563, 260, 'Benchmarks'),
(22563, 259, 'Saves'),
(22564, 261, 'Saves'),
(22564, 262, 'Settings'),
(22565, 263, 'Saves'),
(22566, 264, 'Settings'),
(22567, 265, 'Saves'),
(22568, 266, 'Saves'),
(22569, 267, 'Saves'),
(22570, 268, 'Saves'),
(22571, 269, 'Saves'),
(22571, 270, 'Settings'),
(22572, 271, 'Saves'),
(22572, 272, 'Settings'),
(22573, 273, 'Saves'),
(22573, 274, 'Settings'),
(22574, 275, 'Saves'),
(22574, 276, 'Settings'),
(22575, 277, 'Saves'),
(22575, 278, 'Settings'),
(22576, 279, 'Saves'),
(22576, 280, 'Settings'),
(22577, 281, 'Saves'),
(22577, 282, 'Settings'),
(22578, 283, 'Saves'),
(22579, 284, 'Saves'),
(22580, 285, 'Saves'),
(22580, 286, 'Settings'),
(22581, 287, 'Saves'),
(22582, 288, 'Saves'),
(22582, 289, 'Settings'),
(22583, 290, 'Saves'),
(22584, 291, 'Saves'),
(22584, 292, 'Scores'),
(22584, 293, 'Settings'),
(22585, 294, 'Saves'),
(22586, 295, 'Saves'),
(22587, 296, 'Saves'),
(22588, 297, 'Saves'),
(22589, 298, 'Saves'),
(22590, 299, 'Saves'),
(22591, 300, 'Saves'),
(22592, 301, 'Saves'),
(22593, 302, 'Saves'),
(22593, 303, 'Settings'),
(22594, 304, 'Saves'),
(22594, 305, 'Settings'),
(22595, 306, 'Saves'),
(22596, 308, 'Campaigns'),
(22596, 309, 'Civilizations'),
(22596, 307, 'Saves'),
(22596, 310, 'Scenarios'),
(22597, 312, 'Civs'),
(22597, 313, 'Forces'),
(22597, 314, 'Maps'),
(22597, 311, 'Saves'),
(22597, 315, 'Scenarios'),
(22598, 317, 'Civs'),
(22598, 318, 'Maps'),
(22598, 316, 'Saves'),
(22598, 319, 'Scenarios'),
(22599, 320, 'Saves'),
(22600, 321, 'Saves'),
(22601, 322, 'Achievements'),
(22601, 323, 'Settings'),
(22601, 324, 'Stats'),
(22602, 325, 'Saves'),
(22603, 326, 'Saves'),
(22604, 327, 'Saves'),
(22605, 328, 'Saves'),
(22606, 329, 'Saves'),
(22607, 330, 'Saves'),
(22608, 331, 'Saves'),
(22609, 332, 'Saves'),
(22609, 333, 'Tattos'),
(22610, 334, 'Saves'),
(22611, 335, 'Saves'),
(22611, 336, 'Settings'),
(22612, 337, 'Saves'),
(22613, 338, 'Saves'),
(22614, 339, 'Saves'),
(22615, 340, 'Saves'),
(22615, 341, 'Settings'),
(22616, 342, 'Saves'),
(22616, 343, 'Settings'),
(22617, 344, 'Saves'),
(22618, 345, 'Saves'),
(22619, 347, 'BenchmarkResults'),
(22619, 348, 'DownloadedMaps'),
(22619, 349, 'Playbacks'),
(22619, 346, 'Saves'),
(22619, 350, 'ServerConfig'),
(22619, 351, 'SettingsAndOnlineKey'),
(22619, 352, 'UserMaps'),
(22620, 353, 'Saves'),
(22621, 354, 'Saves'),
(22621, 355, 'Settings'),
(22622, 356, 'Saves'),
(22623, 358, 'MODs'),
(22623, 357, 'Saves'),
(22623, 359, 'Settings'),
(22624, 360, 'Saves'),
(22624, 361, 'Settings'),
(22625, 362, 'Saves'),
(22625, 363, 'Settings'),
(22626, 364, 'Saves'),
(22627, 365, 'Saves'),
(22628, 366, 'Saves'),
(22629, 367, 'Saves'),
(22630, 368, 'Saves'),
(22631, 369, 'Saves'),
(22632, 370, 'Saves'),
(22633, 371, 'Saves'),
(22633, 372, 'Scores'),
(22634, 373, 'Saves'),
(22635, 374, 'Saves'),
(22636, 375, 'Saves'),
(22637, 376, 'Saves'),
(22638, 377, 'Saves'),
(22639, 378, 'Saves'),
(22639, 379, 'Settings'),
(22640, 380, 'Saves'),
(22641, 381, 'Saves'),
(22642, 382, 'Saves'),
(22643, 383, 'Saves'),
(22644, 384, 'Saves'),
(22645, 385, 'Saves'),
(22646, 386, 'Saves'),
(22646, 387, 'Settings'),
(22647, 388, 'Saves'),
(22647, 389, 'Settings'),
(22648, 390, 'Saves'),
(22649, 391, 'Saves'),
(22650, 392, 'Saves'),
(22651, 394, 'Replays'),
(22651, 393, 'Saves'),
(22651, 395, 'Settings'),
(22652, 396, 'Saves'),
(22653, 397, 'Saves'),
(22653, 398, 'Settings'),
(22654, 399, 'Saves'),
(22655, 400, 'Saves'),
(22656, 402, 'Replays'),
(22656, 401, 'Saves'),
(22656, 403, 'Settings'),
(22657, 404, 'Saves'),
(22658, 405, 'Saves'),
(22658, 406, 'Settings'),
(22659, 407, 'Saves'),
(22660, 408, 'Saves'),
(22660, 409, 'Settings'),
(22661, 410, 'Saves'),
(22662, 411, 'Saves'),
(22663, 412, 'Saves'),
(22664, 413, 'Saves'),
(22664, 414, 'Statistics'),
(22665, 415, 'Saves'),
(22666, 416, 'Saves'),
(22667, 417, 'Saves'),
(22668, 418, 'Saves'),
(22668, 419, 'Settings'),
(22669, 420, 'Saves'),
(22669, 421, 'Settings'),
(22670, 423, 'Replays'),
(22670, 422, 'Saves'),
(22670, 424, 'Settings'),
(22671, 425, 'SkillSets'),
(22672, 426, 'Saves'),
(22673, 427, 'Saves'),
(22674, 428, 'Saves'),
(22675, 429, 'Saves'),
(22676, 430, 'Saves'),
(22677, 431, 'Saves'),
(22677, 432, 'Settings'),
(22678, 433, 'Saves'),
(22678, 434, 'Settings'),
(22678, 435, 'Statistics'),
(22679, 436, 'Saves'),
(22680, 437, 'Saves'),
(22681, 438, 'Saves'),
(22682, 439, 'Saves'),
(22683, 440, 'Saves'),
(22684, 441, 'Saves'),
(22685, 442, 'Saves'),
(22686, 443, 'Saves'),
(22687, 444, 'Saves'),
(22688, 445, 'Saves'),
(22689, 446, 'Saves'),
(22689, 447, 'Settings'),
(22690, 448, 'Saves'),
(22690, 449, 'Settings'),
(22691, 450, 'Saves'),
(22691, 451, 'Settings'),
(22692, 452, 'Saves'),
(22693, 453, 'Saves'),
(22693, 454, 'Settings'),
(22694, 455, 'Saves'),
(22695, 456, 'Saves'),
(22696, 457, 'Saves'),
(22696, 458, 'Settings'),
(22697, 459, 'Saves'),
(22698, 460, 'Saves'),
(22699, 461, 'Saves'),
(22699, 462, 'Settings'),
(22700, 464, 'Characters'),
(22700, 463, 'Saves'),
(22700, 465, 'Settings'),
(22701, 467, 'Characters'),
(22701, 466, 'Saves'),
(22701, 468, 'Settings'),
(22702, 470, 'Characters'),
(22702, 471, 'Replays'),
(22702, 469, 'Saves'),
(22703, 472, 'Saves'),
(22704, 473, 'Saves'),
(22705, 474, 'Saves'),
(22706, 475, 'Saves'),
(22707, 476, 'Saves'),
(22708, 477, 'Saves'),
(22709, 478, 'Saves'),
(22710, 479, 'Saves'),
(22711, 480, 'Saves'),
(22712, 481, 'Saves'),
(22713, 482, 'Saves'),
(22714, 483, 'Saves'),
(22714, 484, 'Settings'),
(22715, 485, 'Saves'),
(22716, 486, 'Saves'),
(22717, 487, 'Saves'),
(22718, 488, 'Saves'),
(22719, 489, 'Saves'),
(22720, 490, 'Saves'),
(22721, 491, 'Saves'),
(22722, 492, 'Saves'),
(22723, 493, 'Saves'),
(22723, 494, 'Settings'),
(22724, 495, 'Saves'),
(22725, 496, 'Saves'),
(22726, 497, 'Saves'),
(22727, 498, 'Saves'),
(22728, 499, 'Saves'),
(22728, 500, 'Settings'),
(22729, 501, 'Saves'),
(22730, 502, 'Saves'),
(22730, 503, 'Settings'),
(22731, 504, 'Saves'),
(22732, 505, 'Saves'),
(22733, 506, 'Saves'),
(22734, 507, 'Saves'),
(22735, 508, 'Saves'),
(22735, 509, 'Settings'),
(22736, 510, 'Saves'),
(22737, 511, 'Saves'),
(22738, 512, 'Saves'),
(22739, 513, 'Saves'),
(22740, 515, 'Replays'),
(22740, 514, 'Saves'),
(22740, 516, 'Settings'),
(22741, 517, 'Saves'),
(22742, 518, 'Saves'),
(22743, 519, 'Saves'),
(22744, 520, 'Saves'),
(22745, 521, 'Saves'),
(22745, 522, 'Settings'),
(22746, 523, 'Saves'),
(22747, 524, 'Saves'),
(22747, 525, 'Settings'),
(22748, 526, 'Saves'),
(22748, 527, 'Settings'),
(22749, 528, 'Saves'),
(22749, 529, 'Settings'),
(22750, 530, 'Saves'),
(22751, 531, 'Saves'),
(22752, 532, 'Saves'),
(22753, 533, 'Saves'),
(22754, 534, 'Saves'),
(22754, 535, 'Settings'),
(22755, 536, 'Saves'),
(22755, 537, 'Settings'),
(22756, 538, 'Saves'),
(22757, 539, 'Saves'),
(22757, 540, 'Settings'),
(22758, 542, 'Mechs'),
(22758, 541, 'Saves'),
(22758, 543, 'Settings'),
(22759, 545, 'Mechs'),
(22759, 544, 'Saves'),
(22759, 546, 'Settings'),
(22760, 548, 'Mechs'),
(22760, 547, 'Saves'),
(22760, 549, 'Settings'),
(22761, 551, 'Mechs'),
(22761, 550, 'Saves'),
(22761, 552, 'Settings'),
(22762, 554, 'Mechs'),
(22762, 553, 'Saves'),
(22762, 555, 'Settings'),
(22763, 557, 'Mechs'),
(22763, 556, 'Saves'),
(22764, 559, 'Mechs'),
(22764, 558, 'Saves'),
(22764, 560, 'Settings'),
(22765, 561, 'Saves'),
(22766, 562, 'Saves'),
(22766, 563, 'Settings'),
(22767, 564, 'Saves'),
(22768, 565, 'Saves'),
(22768, 566, 'Settings'),
(22769, 567, 'Saves'),
(22770, 568, 'Saves'),
(22771, 569, 'Saves'),
(22772, 570, 'Saves'),
(22772, 571, 'Settings'),
(22773, 572, 'Saves'),
(22774, 573, 'Saves'),
(22774, 574, 'Settings'),
(22775, 575, 'Saves'),
(22776, 576, 'Saves'),
(22777, 577, 'Saves'),
(22778, 578, 'Saves'),
(22779, 579, 'Saves'),
(22780, 580, 'Saves'),
(22781, 581, 'Saves'),
(22781, 582, 'Settings'),
(22782, 583, 'Saves'),
(22782, 584, 'Settings'),
(22783, 585, 'Saves'),
(22784, 586, 'Saves'),
(22785, 587, 'Saves'),
(22786, 588, 'Saves'),
(22787, 589, 'Saves'),
(22788, 590, 'Saves'),
(22789, 591, 'Saves'),
(22790, 592, 'Saves'),
(22791, 593, 'Saves'),
(22792, 594, 'Saves'),
(22793, 595, 'Saves'),
(22794, 597, 'Characters'),
(22794, 596, 'Saves'),
(22794, 598, 'Settings'),
(22795, 600, 'Characters'),
(22795, 599, 'Saves'),
(22796, 601, 'Saves'),
(22797, 602, 'Saves'),
(22798, 603, 'Saves'),
(22799, 604, 'Saves'),
(22799, 605, 'Settings'),
(22800, 606, 'Saves'),
(22800, 607, 'Settings'),
(22801, 608, 'Saves'),
(22802, 609, 'Saves'),
(22803, 610, 'Saves'),
(22804, 611, 'Saves'),
(22804, 612, 'Settings'),
(22805, 613, 'Saves'),
(22806, 614, 'Saves'),
(22806, 615, 'Settings'),
(22807, 616, 'Saves'),
(22808, 617, 'Saves'),
(22809, 618, 'Saves'),
(22810, 619, 'Saves'),
(22811, 620, 'Saves'),
(22812, 621, 'Saves'),
(22813, 622, 'Saves'),
(22814, 623, 'Saves'),
(22815, 624, 'Saves'),
(22816, 625, 'Saves'),
(22817, 626, 'Saves'),
(22818, 627, 'Saves'),
(22819, 628, 'Saves'),
(22820, 629, 'Saves'),
(22821, 630, 'Saves'),
(22822, 631, 'Saves'),
(22823, 632, 'Saves'),
(22823, 633, 'Settings'),
(22824, 634, 'Saves'),
(22824, 635, 'Settings'),
(22825, 636, 'Saves'),
(22825, 637, 'Settings'),
(22826, 638, 'Saves'),
(22826, 639, 'Settings'),
(22827, 640, 'Saves'),
(22828, 641, 'Saves'),
(22829, 642, 'Saves'),
(22830, 643, 'Saves'),
(22831, 644, 'Saves'),
(22832, 645, 'Saves'),
(22833, 646, 'Saves'),
(22834, 647, 'Saves'),
(22835, 648, 'Saves'),
(22836, 649, 'Saves'),
(22837, 650, 'Saves'),
(22838, 651, 'Saves'),
(22838, 652, 'Settings'),
(22839, 653, 'Saves'),
(22840, 654, 'Settings'),
(22840, 655, 'Trophies'),
(22841, 656, 'Saves'),
(22842, 657, 'Saves'),
(22843, 658, 'Saves'),
(22843, 659, 'Settings'),
(22844, 660, 'Saves'),
(22845, 661, 'Saves'),
(22846, 662, 'Saves'),
(22847, 663, 'Saves'),
(22848, 664, 'Saves'),
(22848, 665, 'Statistics'),
(22849, 666, 'Saves'),
(22849, 667, 'Statistics'),
(22850, 668, 'Saves'),
(22851, 669, 'Saves'),
(22852, 671, 'Replays'),
(22852, 670, 'Saves'),
(22852, 672, 'Settings'),
(22853, 673, 'Saves'),
(22854, 674, 'Saves'),
(22855, 675, 'Saves'),
(22855, 676, 'Settings'),
(22856, 677, 'Saves'),
(22857, 678, 'Saves'),
(22858, 679, 'Saves'),
(22859, 680, 'Saves'),
(22860, 681, 'Saves'),
(22861, 682, 'Saves'),
(22862, 683, 'Saves'),
(22862, 684, 'Settings'),
(22863, 685, 'Saves'),
(22864, 686, 'Saves'),
(22865, 687, 'Saves'),
(22865, 688, 'Settings'),
(22866, 689, 'Saves'),
(22867, 690, 'Saves'),
(22867, 691, 'Settings'),
(22868, 692, 'Saves'),
(22869, 693, 'Saves'),
(22869, 694, 'Settings'),
(22870, 695, 'Saves'),
(22871, 696, 'Saves'),
(22872, 697, 'Saves'),
(22872, 698, 'Settings'),
(22873, 699, 'Saves'),
(22874, 700, 'Saves'),
(22875, 701, 'Saves'),
(22876, 702, 'Saves'),
(22876, 703, 'Settings'),
(22877, 704, 'Saves'),
(22878, 705, 'Saves'),
(22878, 706, 'Settings'),
(22879, 707, 'Saves'),
(22880, 708, 'Saves'),
(22881, 709, 'Saves'),
(22882, 710, 'Saves'),
(22882, 711, 'Settings'),
(22883, 712, 'Saves'),
(22884, 713, 'Saves'),
(22885, 714, 'Saves'),
(22886, 715, 'Saves'),
(22887, 716, 'Saves'),
(22888, 717, 'Saves'),
(22889, 718, 'Saves'),
(22889, 719, 'Settings'),
(22890, 720, 'Saves'),
(22890, 721, 'Settings'),
(22891, 722, 'Saves'),
(22891, 723, 'Settings'),
(22892, 724, 'Saves'),
(22892, 725, 'Settings'),
(22893, 726, 'Saves'),
(22893, 727, 'Settings'),
(22894, 728, 'Saves'),
(22894, 729, 'Settings'),
(22895, 730, 'Saves'),
(22895, 731, 'Settings'),
(22896, 732, 'Saves'),
(22896, 733, 'Settings'),
(22897, 734, 'Saves'),
(22897, 735, 'Settings'),
(22898, 736, 'Saves'),
(22898, 737, 'Settings'),
(22899, 738, 'Saves'),
(22899, 739, 'Settings'),
(22900, 740, 'Saves'),
(22900, 741, 'Settings'),
(22901, 742, 'Saves'),
(22902, 743, 'Saves'),
(22903, 744, 'Saves'),
(22904, 745, 'Saves'),
(22905, 746, 'Saves'),
(22905, 747, 'Settings'),
(22906, 748, 'Saves'),
(22907, 749, 'Saves'),
(22908, 750, 'Saves'),
(22909, 751, 'Saves'),
(22910, 752, 'Saves'),
(22911, 753, 'Saves'),
(22911, 754, 'Settings'),
(22912, 755, 'Saves'),
(22913, 756, 'Saves'),
(22913, 757, 'Settings'),
(22914, 758, 'Saves'),
(22915, 759, 'Saves'),
(22916, 760, 'Saves'),
(22917, 761, 'Saves'),
(22918, 762, 'Saves'),
(22918, 763, 'Settings'),
(22919, 764, 'Saves'),
(22919, 765, 'Settings'),
(22920, 766, 'Saves'),
(22920, 767, 'Settings'),
(22921, 768, 'Settings'),
(22922, 769, 'Saves'),
(22922, 770, 'Settings'),
(22923, 771, 'Saves'),
(22923, 772, 'Settings'),
(22924, 773, 'Saves'),
(22925, 774, 'Saves'),
(22926, 775, 'Saves'),
(22927, 776, 'Saves'),
(22928, 777, 'Saves'),
(22929, 778, 'Saves'),
(22929, 779, 'Settings'),
(22930, 781, 'Characters'),
(22930, 782, 'Outfits'),
(22930, 780, 'Saves'),
(22930, 783, 'Settings'),
(22931, 784, 'Saves'),
(22932, 785, 'Saves'),
(22933, 786, 'Saves'),
(22934, 787, 'Saves'),
(22934, 788, 'Settings'),
(22935, 789, 'Saves'),
(22935, 790, 'Settings'),
(22936, 791, 'Saves'),
(22937, 792, 'Saves'),
(22938, 793, 'Saves'),
(22939, 794, 'Saves'),
(22940, 795, 'Saves'),
(22941, 796, 'Saves'),
(22942, 797, 'Saves'),
(22943, 798, 'Saves'),
(22944, 799, 'Saves'),
(22945, 800, 'Saves'),
(22946, 801, 'Saves'),
(22947, 802, 'Saves'),
(22948, 803, 'Saves'),
(22949, 804, 'Saves'),
(22950, 805, 'Saves'),
(22951, 806, 'Saves'),
(22952, 807, 'Saves'),
(22953, 808, 'Saves'),
(22954, 809, 'Saves'),
(22955, 810, 'Saves'),
(22956, 811, 'Saves'),
(22957, 812, 'Saves'),
(22958, 813, 'Saves'),
(22959, 814, 'Saves'),
(22960, 815, 'Saves'),
(22961, 816, 'Saves'),
(22962, 817, 'Saves'),
(22963, 818, 'Saves'),
(22964, 819, 'Saves'),
(22965, 820, 'Saves'),
(22966, 821, 'Saves'),
(22967, 822, 'Saves'),
(22968, 823, 'Saves'),
(22968, 824, 'Scores'),
(22968, 825, 'Settings'),
(22969, 826, 'Saves'),
(22970, 827, 'Saves'),
(22971, 828, 'Saves'),
(22971, 829, 'Settings'),
(22972, 830, 'Saves'),
(22973, 831, 'Saves'),
(22973, 832, 'Settings'),
(22974, 833, 'Saves'),
(22975, 834, 'Saves'),
(22976, 836, 'Replays'),
(22976, 835, 'Saves'),
(22976, 837, 'Settings'),
(22977, 838, 'Saves'),
(22978, 839, 'Saves'),
(22979, 840, 'Saves'),
(22980, 841, 'Saves'),
(22981, 842, 'Saves'),
(22982, 843, 'Saves'),
(22983, 844, 'Saves'),
(22983, 845, 'Settings'),
(22984, 846, 'Saves'),
(22984, 847, 'Settings'),
(22985, 848, 'Saves'),
(22985, 849, 'Settings'),
(22986, 850, 'Saves'),
(22986, 851, 'Settings'),
(22987, 852, 'Saves'),
(22987, 853, 'Settings'),
(22988, 854, 'Saves'),
(22988, 855, 'Settings'),
(22989, 856, 'Saves'),
(22990, 857, 'Saves'),
(22991, 858, 'Saves'),
(22992, 860, 'Characters'),
(22992, 859, 'Saves'),
(22992, 861, 'Settings'),
(22993, 862, 'Saves'),
(22994, 863, 'Saves'),
(22995, 864, 'Saves'),
(22996, 865, 'Saves'),
(22996, 866, 'Settings'),
(22997, 867, 'Saves'),
(22998, 868, 'Saves'),
(22999, 869, 'Saves'),
(23000, 870, 'Saves'),
(23001, 871, 'Saves'),
(23001, 872, 'Settings'),
(23002, 873, 'Saves'),
(23003, 874, 'Saves'),
(23004, 875, 'Saves'),
(23004, 876, 'Settings'),
(23005, 877, 'Saves'),
(23006, 878, 'Saves'),
(23007, 879, 'Saves'),
(23008, 880, 'Saves'),
(23009, 881, 'Saves'),
(23010, 882, 'Saves'),
(23011, 883, 'Saves'),
(23012, 884, 'Saves'),
(23013, 885, 'Saves'),
(23014, 886, 'Saves'),
(23015, 887, 'Saves'),
(23015, 888, 'Settings'),
(23016, 890, 'Replys'),
(23016, 889, 'Saves'),
(23016, 891, 'Settings'),
(23017, 893, 'Replays'),
(23017, 892, 'Saves'),
(23017, 894, 'Settings'),
(23018, 895, 'Saves'),
(23018, 896, 'Statistics'),
(23019, 897, 'Saves'),
(23020, 898, 'Saves'),
(23020, 899, 'Settings'),
(23021, 900, 'Saves'),
(23022, 901, 'Saves'),
(23022, 902, 'Settings'),
(23023, 903, 'Saves'),
(23024, 904, 'Saves'),
(23025, 905, 'Saves'),
(23026, 906, 'Saves'),
(23027, 907, 'Saves'),
(23027, 908, 'Settings'),
(23028, 909, 'Saves'),
(23029, 910, 'Saves'),
(23029, 911, 'Settings'),
(23030, 912, 'Saves'),
(23031, 913, 'Saves'),
(23032, 914, 'Saves'),
(23033, 915, 'Saves'),
(23033, 916, 'Settings'),
(23034, 917, 'Saves'),
(23035, 918, 'Saves'),
(23035, 919, 'Settings'),
(23036, 920, 'Saves'),
(23036, 921, 'Settings'),
(23037, 922, 'Saves'),
(23037, 923, 'Settings'),
(23038, 924, 'Saves'),
(23038, 925, 'Settings'),
(23039, 926, 'Saves'),
(23039, 927, 'Settings'),
(23040, 928, 'Saves'),
(23040, 929, 'Settings'),
(23041, 930, 'Saves'),
(23042, 931, 'Saves'),
(23043, 932, 'Saves'),
(23044, 933, 'Saves'),
(23044, 934, 'Settings'),
(23045, 935, 'Saves'),
(23046, 936, 'Saves'),
(23047, 937, 'Saves'),
(23047, 938, 'Settings'),
(23048, 939, 'Saves'),
(23049, 940, 'Saves'),
(23050, 941, 'Saves'),
(23051, 942, 'Saves'),
(23052, 943, 'Saves'),
(23053, 944, 'Saves'),
(23054, 945, 'Saves'),
(23055, 946, 'Saves'),
(23056, 948, 'Playbacks'),
(23056, 947, 'Saves'),
(23056, 949, 'Screenshots'),
(23056, 950, 'Settings'),
(23057, 952, 'Custom Badges'),
(23057, 953, 'Playbacks'),
(23057, 951, 'Saves'),
(23057, 954, 'Screenshots'),
(23057, 955, 'Settings'),
(23058, 956, 'Saves'),
(23059, 957, 'Saves'),
(23059, 958, 'Settings'),
(23060, 959, 'Saves'),
(23061, 960, 'Saves'),
(23062, 961, 'Saves'),
(23063, 962, 'Saves'),
(23064, 963, 'Saves'),
(23065, 964, 'Saves'),
(23066, 965, 'Saves'),
(23067, 967, 'DLC'),
(23067, 966, 'Saves'),
(23067, 968, 'Settings'),
(23068, 969, 'Saves'),
(23069, 970, 'Saves'),
(23070, 971, 'Saves'),
(23071, 972, 'Saves'),
(23072, 973, 'Saves'),
(23073, 974, 'Saves'),
(23073, 975, 'Teams'),
(23074, 976, 'Saves'),
(23075, 977, 'Saves'),
(23076, 978, 'Saves'),
(23077, 979, 'Saves'),
(23078, 980, 'Saves'),
(23078, 981, 'Settings'),
(23079, 982, 'Saves'),
(23080, 983, 'Saves'),
(23080, 984, 'Settings'),
(23081, 985, 'Saves'),
(23082, 987, 'Replays'),
(23082, 986, 'Saves'),
(23082, 988, 'Settings'),
(23083, 990, 'Replays'),
(23083, 989, 'Saves'),
(23083, 991, 'Settings'),
(23084, 992, 'Saves'),
(23085, 993, 'Saves'),
(23086, 994, 'Saves'),
(23087, 995, 'Saves'),
(23088, 996, 'Saves'),
(23089, 997, 'Saves'),
(23090, 998, 'Saves'),
(23091, 999, 'Saves'),
(23092, 1000, 'Saves'),
(23093, 1001, 'Saves'),
(23094, 1002, 'Saves'),
(23094, 1003, 'Settings'),
(23095, 1004, 'Saves'),
(23096, 1005, 'Saves'),
(23097, 1006, 'Saves'),
(23098, 1007, 'Saves'),
(23098, 1008, 'Settings'),
(23099, 1009, 'Saves'),
(23099, 1010, 'Settings'),
(23100, 1011, 'Saves'),
(23101, 1012, 'Saves'),
(23102, 1013, 'Saves'),
(23103, 1014, 'Saves'),
(23103, 1015, 'Statistics'),
(23104, 1016, 'Saves'),
(23105, 1017, 'Saves'),
(23106, 1019, 'Civs'),
(23106, 1020, 'Forces'),
(23106, 1021, 'Maps'),
(23106, 1018, 'Saves'),
(23106, 1022, 'Scenarios'),
(23107, 1024, 'Campaigns'),
(23107, 1025, 'Civilizations'),
(23107, 1023, 'Saves'),
(23107, 1026, 'Scenarios'),
(23108, 1027, 'Saves'),
(23108, 1028, 'Settings'),
(23109, 1029, 'Saves'),
(23110, 1031, 'Replays'),
(23110, 1030, 'Saves'),
(23111, 1033, 'Replays'),
(23111, 1032, 'Saves'),
(23112, 1034, 'Saves'),
(23113, 1035, 'Saves'),
(23114, 1036, 'Saves'),
(23115, 1037, 'Saves'),
(23115, 1038, 'Settings'),
(23116, 1039, 'Saves'),
(23117, 1040, 'Saves'),
(23118, 1042, 'Mechs'),
(23118, 1041, 'Saves'),
(23118, 1043, 'Settings'),
(23119, 1045, 'Mechs'),
(23119, 1044, 'Saves'),
(23119, 1046, 'Settings'),
(23120, 1048, 'Mechs'),
(23120, 1047, 'Saves'),
(23120, 1049, 'Settings'),
(23121, 1051, 'Mechs'),
(23121, 1050, 'Saves'),
(23121, 1052, 'Settings'),
(23122, 1053, 'Saves'),
(23122, 1054, 'Settings'),
(23123, 1055, 'Saves'),
(23123, 1056, 'Settings'),
(23124, 1057, 'Saves'),
(23124, 1058, 'Settings'),
(23125, 1059, 'Saves'),
(23125, 1060, 'Settings'),
(23126, 1061, 'Saves'),
(23126, 1062, 'Settings'),
(23127, 1063, 'Saves'),
(23128, 1064, 'Saves'),
(23129, 1065, 'Saves'),
(23129, 1066, 'Settings'),
(23130, 1067, 'Saves'),
(23130, 1068, 'Settings'),
(23131, 1069, 'Saves'),
(23132, 1070, 'Saves'),
(23133, 1071, 'Saves'),
(23134, 1072, 'Saves'),
(23135, 1073, 'Saves'),
(23136, 1074, 'Saves'),
(23137, 1075, 'AccountData'),
(23138, 1076, 'Saves'),
(23139, 1077, 'Data'),
(23140, 1078, 'Saves'),
(23141, 1079, 'Saves'),
(23141, 1080, 'Settings'),
(23142, 1081, 'Saves'),
(23143, 1082, 'Saves'),
(23144, 1083, 'Saves'),
(23145, 1084, 'Saves'),
(23146, 1085, 'Saves'),
(23147, 1086, 'Saves'),
(23148, 1087, 'Saves'),
(23149, 1088, 'Saves'),
(23150, 1089, 'Saves'),
(23151, 1090, 'Saves'),
(23152, 1091, 'Saves'),
(23153, 1092, 'Saves'),
(23154, 1093, 'Saves'),
(23155, 1094, 'Saves'),
(23156, 1095, 'Saves'),
(23157, 1096, 'Saves'),
(23158, 1097, 'Saves'),
(23159, 1098, 'Saves'),
(23160, 1099, 'Saves'),
(23161, 1100, 'Saves'),
(23162, 1101, 'Saves'),
(23163, 1102, 'Saves'),
(23164, 1103, 'Saves'),
(23165, 1104, 'Saves'),
(23166, 1105, 'Saves'),
(23167, 1106, 'Saves'),
(23168, 1107, 'Saves'),
(23169, 1108, 'Saves'),
(23170, 1109, 'Saves'),
(23171, 1110, 'Saves'),
(23172, 1111, 'Saves'),
(23173, 1112, 'Saves'),
(23174, 1113, 'Saves'),
(23175, 1114, 'Saves'),
(23176, 1115, 'Saves'),
(23177, 1116, 'Saves'),
(23178, 1117, 'Saves'),
(23179, 1118, 'Saves'),
(23180, 1119, 'Saves'),
(23181, 1120, 'Saves'),
(23182, 1121, 'Saves'),
(23183, 1122, 'Saves'),
(23184, 1123, 'Saves'),
(23185, 1124, 'Saves'),
(23186, 1125, 'Saves'),
(23187, 1126, 'Saves'),
(23188, 1127, 'Saves'),
(23189, 1128, 'Saves'),
(23190, 1129, 'Saves'),
(23191, 1130, 'Saves'),
(23192, 1131, 'Saves'),
(23193, 1132, 'Saves'),
(23194, 1133, 'Saves'),
(23195, 1134, 'Saves'),
(23196, 1135, 'Saves'),
(23197, 1136, 'Saves'),
(23198, 1137, 'Saves'),
(23199, 1138, 'Saves'),
(23200, 1139, 'Saves'),
(23201, 1140, 'Saves'),
(23202, 1141, 'Saves'),
(23203, 1142, 'Saves'),
(23204, 1143, 'Saves'),
(23205, 1144, 'Saves'),
(23206, 1145, 'Saves'),
(23207, 1146, 'Saves'),
(23208, 1147, 'Saves'),
(23209, 1148, 'Saves'),
(23210, 1149, 'Saves'),
(23210, 1150, 'Settings'),
(23211, 1151, 'Saves'),
(23211, 1152, 'Settings'),
(23212, 1153, 'Saves'),
(23213, 1154, 'Saves'),
(23214, 1155, 'Saves'),
(23215, 1156, 'Saves'),
(23216, 1157, 'Saves'),
(23396, 1158, 'Settings'),
(23397, 1159, 'Saves'),
(23398, 1160, 'Saves'),
(23399, 1161, 'Saves'),
(23400, 1162, 'Saves'),
(23400, 1163, 'Settings'),
(23401, 1164, 'Settings'),
(23402, 1165, 'Saves'),
(23403, 1166, 'Saves'),
(23404, 1167, 'Saves'),
(23405, 1168, 'Saves'),
(23406, 1169, 'Saves'),
(23407, 1170, 'Saves'),
(23408, 1171, 'Saves'),
(23409, 1172, 'Saves'),
(23410, 1173, 'Saves'),
(23411, 1175, 'Replays'),
(23411, 1174, 'Saves'),
(23411, 1176, 'Settings'),
(23412, 1177, 'Saves'),
(23413, 1178, 'Saves'),
(23414, 1179, 'Saves'),
(23415, 1180, 'Saves'),
(23416, 1181, 'Saves'),
(23417, 1182, 'Saves'),
(23418, 1183, 'Saves'),
(23419, 1184, 'Saves'),
(23420, 1185, 'Saves'),
(23421, 1186, 'Saves'),
(23422, 1187, 'Saves'),
(23423, 1188, 'Saves'),
(23424, 1189, 'Saves'),
(23425, 1190, 'Saves'),
(23426, 1191, 'Saves'),
(23427, 1192, 'Saves'),
(23428, 1193, 'Saves'),
(23429, 1194, 'Saves'),
(23430, 1195, 'Saves'),
(23431, 1196, 'Saves'),
(23432, 1197, 'Saves'),
(23432, 1198, 'Settings'),
(23433, 1199, 'Saves'),
(23434, 1200, 'Saves'),
(23435, 1201, 'Saves'),
(23435, 1202, 'Statistics'),
(23436, 1203, 'Saves'),
(23437, 1204, 'Saves'),
(23437, 1205, 'Settings'),
(23438, 1206, 'Saves'),
(23439, 1207, 'Saves'),
(23440, 1208, 'Saves'),
(23441, 1209, 'Saves'),
(23442, 1210, 'Saves'),
(23442, 1211, 'Settings'),
(23443, 1212, 'Saves'),
(23443, 1213, 'Settings'),
(23444, 1214, 'Saves'),
(23444, 1215, 'Settings'),
(23445, 1216, 'Saves'),
(23445, 1217, 'Settings'),
(23446, 1218, 'Saves'),
(23447, 1219, 'Saves'),
(23448, 1220, 'Saves'),
(23449, 1221, 'Saves'),
(23449, 1222, 'Settings'),
(23450, 1223, 'Saves'),
(23451, 1224, 'Saves'),
(23452, 1225, 'Saves'),
(23453, 1226, 'Saves'),
(23454, 1227, 'Saves'),
(23455, 1228, 'Saves'),
(23456, 1229, 'Saves'),
(23457, 1230, 'Saves'),
(23458, 1232, 'Fleets'),
(23458, 1231, 'Saves'),
(23458, 1233, 'Settings'),
(23459, 1234, 'Saves'),
(23460, 1235, 'Saves'),
(23461, 1236, 'Saves'),
(23462, 1237, 'Saves'),
(23463, 1238, 'Saves'),
(23463, 1239, 'Settings'),
(23464, 1240, 'Saves'),
(23465, 1241, 'Saves'),
(23466, 1242, 'Saves'),
(23467, 1243, 'Saves'),
(23468, 1244, 'Saves'),
(23469, 1245, 'Saves'),
(23470, 1246, 'Saves'),
(23471, 1247, 'Saves'),
(23472, 1248, 'Saves'),
(23473, 1249, 'Saves'),
(23474, 1250, 'Saves'),
(23474, 1251, 'Settings'),
(23475, 1252, 'Saves'),
(23476, 1253, 'Saves'),
(23476, 1254, 'Settings'),
(23477, 1255, 'Saves'),
(23478, 1256, 'Saves'),
(23479, 1257, 'Saves'),
(23480, 1258, 'Saves'),
(23481, 1259, 'Saves'),
(23482, 1260, 'Saves'),
(23483, 1261, 'Saves');

-- --------------------------------------------------------

--
-- Table structure for table `game_identifiers`
--

CREATE TABLE IF NOT EXISTS `game_identifiers` (
  `game_version` bigint(20) NOT NULL,
  `path` longtext,
  `filename` longtext,
  KEY `game_version` (`game_version`)
) ENGINE=InnoDB DEFAULT CHARSET=utf8;

--
-- Dumping data for table `game_identifiers`
--

INSERT INTO `game_identifiers` (`game_version`, `path`, `filename`) VALUES
(22443, 'users', NULL),
(22444, 'userdata', NULL),
(22466, 'users', NULL),
(22511, 'Save', NULL),
(22513, 'SAVE', NULL),
(22524, NULL, '*.cbs'),
(22525, NULL, '*.cbs'),
(22532, 'mm\\SAVE', NULL),
(22705, NULL, 'TIM*.SAV'),
(22711, 'userdata', NULL),
(22556, 'Save', NULL),
(22785, NULL, '*.mys'),
(22819, 'userdata', NULL),
(22820, 'userdata', NULL),
(22821, 'userdata', NULL),
(22822, 'userdata', NULL),
(22829, 'userdata', NULL),
(22877, NULL, '*.rvn'),
(22913, NULL, 'monkey1.bin'),
(23045, NULL, 'Data.rez'),
(23089, 'userdata', NULL),
(23099, 'Saves', NULL),
(23104, 'SAVE', NULL),
(23110, 'Mods\\Mp1', NULL),
(23111, 'Mods\\Mp2', NULL),
(23121, NULL, 'optionsx.ini'),
(23128, 'Mods', 'AthenaSword.mod'),
(23138, NULL, 'custom.xml'),
(23192, NULL, 'SKY-VM.*'),
(23196, NULL, 'ft.s*'),
(23201, NULL, 'kq1.*'),
(23202, NULL, 'kq2.*'),
(23203, NULL, 'kq3.*'),
(23204, NULL, 'kq4sci.*'),
(23205, NULL, 'kq5-cd.*'),
(23206, NULL, 'kq6-cd.*'),
(23208, NULL, 'rtz-cd.*'),
(23209, NULL, 'samnmax.s*'),
(23212, NULL, 'sq1.*'),
(23213, NULL, 'sq2.*'),
(23214, NULL, 'sq3.*'),
(23215, NULL, 'sq4-cd.*'),
(23216, NULL, 'sq5.*'),
(23399, NULL, 'fs2_open*'),
(23462, NULL, 'SAVEGAME.*'),
(23475, NULL, 'SAVEUB.*'),
(23479, 'files', 'SaveGameSinglePlayer0'),
(23480, 'files', 'SaveGameSinglePlayer1'),
(22735, 'Save', NULL);

-- --------------------------------------------------------

--
-- Table structure for table `game_locations`
--

CREATE TABLE IF NOT EXISTS `game_locations` (
  `id` bigint(20) NOT NULL AUTO_INCREMENT,
  `game_version` bigint(20) NOT NULL,
  `append` longtext,
  `detract` longtext,
  `platform_version` enum('XP','Vista') DEFAULT NULL,
  `deprecated` tinyint(1) DEFAULT NULL,
  PRIMARY KEY (`id`),
  KEY `game_version` (`game_version`)
) ENGINE=InnoDB  DEFAULT CHARSET=utf8 AUTO_INCREMENT=49033 ;

--
-- Dumping data for table `game_locations`
--

INSERT INTO `game_locations` (`id`, `game_version`, `append`, `detract`, `platform_version`, `deprecated`) VALUES
(47257, 22373, NULL, NULL, NULL, NULL),
(47258, 22374, NULL, NULL, NULL, NULL),
(47259, 22375, NULL, NULL, NULL, NULL),
(47260, 22376, NULL, NULL, NULL, NULL),
(47261, 22376, NULL, NULL, NULL, NULL),
(47262, 22376, NULL, NULL, NULL, NULL),
(47263, 22377, NULL, NULL, NULL, NULL),
(47264, 22378, NULL, NULL, NULL, NULL),
(47265, 22378, NULL, NULL, NULL, NULL),
(47266, 22378, NULL, NULL, NULL, NULL),
(47267, 22378, NULL, NULL, NULL, NULL),
(47268, 22378, NULL, 'System', NULL, NULL),
(47269, 22379, NULL, NULL, NULL, NULL),
(47270, 22380, NULL, NULL, NULL, NULL),
(47271, 22380, NULL, NULL, NULL, NULL),
(47272, 22380, NULL, NULL, NULL, NULL),
(47273, 22381, NULL, NULL, NULL, NULL),
(47274, 22382, NULL, NULL, NULL, NULL),
(47275, 22382, NULL, NULL, NULL, NULL),
(47276, 22382, NULL, NULL, NULL, NULL),
(47277, 22383, NULL, NULL, NULL, NULL),
(47278, 22383, NULL, NULL, NULL, NULL),
(47279, 22383, NULL, NULL, NULL, NULL),
(47280, 22383, NULL, NULL, NULL, NULL),
(47281, 22383, NULL, NULL, NULL, NULL),
(47282, 22383, NULL, NULL, NULL, NULL),
(47283, 22384, NULL, NULL, NULL, NULL),
(47284, 22385, NULL, NULL, NULL, NULL),
(47285, 22386, NULL, NULL, NULL, NULL),
(47286, 22387, NULL, NULL, NULL, NULL),
(47287, 22387, NULL, NULL, NULL, NULL),
(47288, 22388, NULL, NULL, NULL, NULL),
(47289, 22389, NULL, NULL, NULL, NULL),
(47290, 22390, NULL, NULL, NULL, NULL),
(47291, 22391, NULL, NULL, NULL, NULL),
(47292, 22392, NULL, NULL, NULL, NULL),
(47293, 22393, NULL, NULL, NULL, NULL),
(47294, 22394, NULL, NULL, NULL, NULL),
(47295, 22394, NULL, NULL, NULL, NULL),
(47296, 22394, NULL, NULL, NULL, NULL),
(47297, 22394, NULL, NULL, NULL, NULL),
(47298, 22395, NULL, NULL, NULL, NULL),
(47299, 22396, NULL, NULL, NULL, NULL),
(47300, 22396, NULL, NULL, NULL, NULL),
(47301, 22396, NULL, NULL, NULL, NULL),
(47302, 22397, NULL, NULL, NULL, NULL),
(47303, 22397, NULL, NULL, NULL, NULL),
(47304, 22397, NULL, NULL, NULL, NULL),
(47305, 22397, NULL, NULL, NULL, NULL),
(47306, 22397, NULL, NULL, NULL, NULL),
(47307, 22397, NULL, NULL, NULL, NULL),
(47308, 22398, NULL, NULL, NULL, NULL),
(47309, 22399, NULL, NULL, NULL, NULL),
(47310, 22399, NULL, NULL, NULL, NULL),
(47311, 22399, NULL, NULL, NULL, NULL),
(47312, 22399, NULL, NULL, NULL, NULL),
(47313, 22399, NULL, NULL, NULL, NULL),
(47314, 22399, NULL, NULL, NULL, NULL),
(47315, 22400, NULL, NULL, NULL, NULL),
(47316, 22401, NULL, NULL, NULL, NULL),
(47317, 22401, NULL, NULL, NULL, NULL),
(47318, 22401, NULL, NULL, NULL, NULL),
(47319, 22402, NULL, NULL, NULL, NULL),
(47320, 22402, NULL, NULL, NULL, NULL),
(47321, 22402, NULL, NULL, NULL, NULL),
(47322, 22403, NULL, NULL, NULL, NULL),
(47323, 22404, NULL, NULL, NULL, NULL),
(47324, 22405, NULL, NULL, NULL, NULL),
(47325, 22405, NULL, NULL, NULL, NULL),
(47326, 22405, NULL, NULL, NULL, NULL),
(47327, 22405, NULL, 'Launcher', NULL, NULL),
(47328, 22406, NULL, NULL, NULL, NULL),
(47329, 22407, NULL, NULL, NULL, NULL),
(47330, 22408, NULL, NULL, NULL, NULL),
(47331, 22408, NULL, NULL, NULL, NULL),
(47332, 22408, NULL, NULL, NULL, NULL),
(47333, 22408, NULL, NULL, NULL, NULL),
(47334, 22409, NULL, NULL, NULL, NULL),
(47335, 22410, NULL, NULL, NULL, NULL),
(47336, 22411, NULL, NULL, NULL, NULL),
(47337, 22411, NULL, NULL, NULL, NULL),
(47338, 22411, NULL, NULL, NULL, NULL),
(47339, 22411, NULL, NULL, NULL, NULL),
(47340, 22411, NULL, NULL, NULL, NULL),
(47341, 22412, NULL, NULL, NULL, NULL),
(47342, 22413, NULL, NULL, NULL, NULL),
(47343, 22414, NULL, NULL, NULL, NULL),
(47344, 22415, NULL, NULL, NULL, NULL),
(47345, 22416, NULL, NULL, NULL, NULL),
(47346, 22416, NULL, NULL, NULL, NULL),
(47347, 22416, NULL, NULL, NULL, NULL),
(47348, 22416, NULL, NULL, NULL, NULL),
(47349, 22417, NULL, NULL, NULL, NULL),
(47350, 22418, NULL, NULL, NULL, NULL),
(47351, 22419, NULL, NULL, NULL, NULL),
(47352, 22420, NULL, NULL, NULL, NULL),
(47353, 22421, NULL, NULL, NULL, NULL),
(47354, 22422, NULL, NULL, NULL, NULL),
(47355, 22423, NULL, NULL, NULL, NULL),
(47356, 22423, NULL, NULL, NULL, NULL),
(47357, 22423, NULL, NULL, NULL, NULL),
(47358, 22424, NULL, NULL, NULL, NULL),
(47359, 22424, NULL, NULL, NULL, NULL),
(47360, 22424, NULL, NULL, NULL, NULL),
(47361, 22425, NULL, NULL, NULL, NULL),
(47362, 22426, NULL, NULL, NULL, NULL),
(47363, 22427, NULL, NULL, NULL, NULL),
(47364, 22428, NULL, NULL, NULL, NULL),
(47365, 22429, NULL, NULL, NULL, NULL),
(47366, 22430, NULL, NULL, NULL, NULL),
(47367, 22430, NULL, NULL, NULL, NULL),
(47368, 22430, NULL, NULL, NULL, NULL),
(47369, 22430, NULL, NULL, NULL, NULL),
(47370, 22431, NULL, NULL, NULL, NULL),
(47371, 22431, NULL, NULL, NULL, NULL),
(47372, 22431, NULL, NULL, NULL, NULL),
(47373, 22431, NULL, NULL, NULL, NULL),
(47374, 22432, NULL, NULL, NULL, NULL),
(47375, 22433, NULL, NULL, NULL, NULL),
(47376, 22434, NULL, NULL, NULL, NULL),
(47377, 22435, NULL, NULL, NULL, NULL),
(47378, 22436, NULL, NULL, NULL, NULL),
(47379, 22437, NULL, NULL, NULL, NULL),
(47380, 22437, NULL, NULL, NULL, NULL),
(47381, 22438, NULL, NULL, NULL, NULL),
(47382, 22439, NULL, NULL, NULL, NULL),
(47383, 22440, NULL, NULL, NULL, NULL),
(47384, 22441, NULL, NULL, NULL, NULL),
(47385, 22442, NULL, NULL, NULL, NULL),
(47386, 22442, NULL, NULL, NULL, NULL),
(47387, 22442, NULL, NULL, NULL, NULL),
(47388, 22443, NULL, NULL, 'Vista', NULL),
(47389, 22443, NULL, NULL, 'XP', NULL),
(47390, 22444, NULL, NULL, 'Vista', NULL),
(47391, 22444, NULL, NULL, 'Vista', NULL),
(47392, 22444, NULL, NULL, 'XP', NULL),
(47393, 22444, NULL, NULL, 'XP', NULL),
(47394, 22445, NULL, NULL, NULL, NULL),
(47395, 22445, NULL, NULL, NULL, NULL),
(47396, 22445, NULL, NULL, NULL, NULL),
(47397, 22445, NULL, NULL, NULL, NULL),
(47398, 22446, NULL, NULL, NULL, NULL),
(47399, 22446, NULL, NULL, NULL, NULL),
(47400, 22446, NULL, NULL, NULL, NULL),
(47401, 22447, NULL, NULL, NULL, NULL),
(47402, 22447, NULL, NULL, NULL, NULL),
(47403, 22447, NULL, NULL, NULL, NULL),
(47404, 22447, NULL, NULL, NULL, NULL),
(47405, 22447, NULL, NULL, NULL, NULL),
(47406, 22447, NULL, NULL, NULL, NULL),
(47407, 22447, NULL, NULL, NULL, NULL),
(47408, 22448, NULL, NULL, NULL, NULL),
(47409, 22449, NULL, NULL, NULL, NULL),
(47410, 22450, NULL, NULL, NULL, NULL),
(47411, 22451, NULL, NULL, NULL, NULL),
(47412, 22451, NULL, NULL, NULL, NULL),
(47413, 22452, NULL, NULL, NULL, NULL),
(47414, 22453, NULL, NULL, NULL, NULL),
(47415, 22454, NULL, NULL, NULL, NULL),
(47416, 22455, NULL, NULL, NULL, NULL),
(47417, 22455, NULL, NULL, 'Vista', NULL),
(47418, 22455, NULL, NULL, 'XP', NULL),
(47419, 22456, NULL, NULL, 'Vista', NULL),
(47420, 22456, NULL, NULL, 'XP', NULL),
(47421, 22457, NULL, NULL, NULL, NULL),
(47422, 22457, NULL, NULL, 'Vista', NULL),
(47423, 22457, NULL, NULL, 'XP', NULL),
(47424, 22458, NULL, NULL, NULL, NULL),
(47425, 22458, NULL, NULL, 'Vista', NULL),
(47426, 22458, NULL, NULL, 'XP', NULL),
(47427, 22459, NULL, NULL, NULL, NULL),
(47428, 22459, NULL, NULL, NULL, NULL),
(47429, 22460, NULL, NULL, NULL, NULL),
(47430, 22460, NULL, NULL, NULL, NULL),
(47431, 22460, NULL, NULL, NULL, NULL),
(47432, 22460, NULL, NULL, NULL, NULL),
(47433, 22461, NULL, NULL, NULL, NULL),
(47434, 22462, NULL, NULL, NULL, NULL),
(47435, 22463, NULL, NULL, NULL, NULL),
(47436, 22463, NULL, NULL, NULL, NULL),
(47437, 22463, NULL, NULL, NULL, NULL),
(47438, 22463, NULL, NULL, NULL, NULL),
(47439, 22464, NULL, NULL, NULL, NULL),
(47440, 22464, NULL, NULL, NULL, NULL),
(47441, 22464, NULL, NULL, NULL, NULL),
(47442, 22465, NULL, NULL, NULL, NULL),
(47443, 22466, NULL, NULL, 'Vista', NULL),
(47444, 22466, NULL, NULL, 'XP', NULL),
(47445, 22467, NULL, NULL, NULL, NULL),
(47446, 22468, NULL, NULL, NULL, NULL),
(47447, 22469, NULL, NULL, NULL, NULL),
(47448, 22470, NULL, NULL, NULL, NULL),
(47449, 22471, NULL, NULL, NULL, NULL),
(47450, 22471, NULL, NULL, NULL, NULL),
(47451, 22471, NULL, NULL, NULL, NULL),
(47452, 22472, NULL, NULL, NULL, NULL),
(47453, 22473, NULL, NULL, NULL, NULL),
(47454, 22474, NULL, NULL, NULL, NULL),
(47455, 22475, NULL, NULL, NULL, NULL),
(47456, 22476, NULL, NULL, NULL, NULL),
(47457, 22477, NULL, NULL, NULL, NULL),
(47458, 22478, NULL, NULL, NULL, NULL),
(47459, 22479, NULL, NULL, NULL, NULL),
(47460, 22480, NULL, NULL, NULL, NULL),
(47461, 22480, NULL, NULL, NULL, NULL),
(47462, 22480, NULL, NULL, NULL, NULL),
(47463, 22480, NULL, NULL, NULL, NULL),
(47464, 22481, NULL, NULL, NULL, NULL),
(47465, 22481, NULL, NULL, NULL, NULL),
(47466, 22481, NULL, NULL, NULL, NULL),
(47467, 22481, NULL, NULL, NULL, NULL),
(47468, 22482, NULL, NULL, NULL, NULL),
(47469, 22483, NULL, NULL, NULL, NULL),
(47470, 22484, NULL, NULL, NULL, NULL),
(47471, 22485, NULL, NULL, NULL, NULL),
(47472, 22486, NULL, NULL, NULL, NULL),
(47473, 22487, NULL, NULL, NULL, NULL),
(47474, 22488, NULL, NULL, NULL, NULL),
(47475, 22488, NULL, NULL, NULL, NULL),
(47476, 22488, NULL, 'bin', NULL, NULL),
(47477, 22489, NULL, NULL, NULL, NULL),
(47478, 22490, NULL, NULL, NULL, NULL),
(47479, 22490, NULL, NULL, NULL, NULL),
(47480, 22490, NULL, NULL, NULL, NULL),
(47481, 22490, NULL, NULL, NULL, NULL),
(47482, 22490, NULL, NULL, NULL, NULL),
(47483, 22491, NULL, NULL, NULL, NULL),
(47484, 22492, NULL, NULL, NULL, NULL),
(47485, 22493, NULL, NULL, NULL, NULL),
(47486, 22494, NULL, NULL, NULL, NULL),
(47487, 22495, NULL, NULL, NULL, NULL),
(47488, 22496, NULL, NULL, NULL, NULL),
(47489, 22497, NULL, NULL, NULL, NULL),
(47490, 22497, NULL, NULL, NULL, NULL),
(47491, 22498, NULL, NULL, NULL, NULL),
(47492, 22498, NULL, NULL, NULL, NULL),
(47493, 22499, NULL, NULL, NULL, NULL),
(47494, 22499, NULL, NULL, NULL, NULL),
(47495, 22500, NULL, NULL, NULL, NULL),
(47496, 22500, NULL, NULL, NULL, NULL),
(47497, 22501, NULL, NULL, NULL, NULL),
(47498, 22502, NULL, NULL, NULL, NULL),
(47499, 22503, NULL, NULL, NULL, NULL),
(47500, 22504, NULL, NULL, NULL, NULL),
(47501, 22505, NULL, NULL, NULL, NULL),
(47502, 22506, NULL, NULL, NULL, NULL),
(47503, 22507, NULL, NULL, 'Vista', NULL),
(47504, 22508, NULL, NULL, 'Vista', NULL),
(47505, 22509, NULL, NULL, 'Vista', NULL),
(47506, 22510, NULL, NULL, NULL, NULL),
(47507, 22511, NULL, NULL, 'Vista', NULL),
(47508, 22511, NULL, NULL, 'XP', NULL),
(47509, 22512, NULL, NULL, NULL, NULL),
(47510, 22513, NULL, NULL, NULL, NULL),
(47511, 22513, 'czero', NULL, NULL, NULL),
(47512, 22514, NULL, NULL, NULL, NULL),
(47513, 22515, NULL, NULL, NULL, NULL),
(47514, 22515, NULL, NULL, NULL, NULL),
(47515, 22515, NULL, NULL, NULL, NULL),
(47516, 22515, NULL, NULL, NULL, NULL),
(47517, 22516, NULL, NULL, NULL, NULL),
(47518, 22517, NULL, NULL, 'Vista', NULL),
(47519, 22518, NULL, NULL, NULL, NULL),
(47520, 22519, NULL, NULL, NULL, NULL),
(47521, 22520, NULL, NULL, NULL, NULL),
(47522, 22520, NULL, NULL, NULL, NULL),
(47523, 22521, NULL, NULL, NULL, NULL),
(47524, 22522, NULL, NULL, NULL, NULL),
(47525, 22523, NULL, NULL, NULL, NULL),
(47526, 22524, NULL, NULL, NULL, NULL),
(47527, 22524, NULL, NULL, NULL, NULL),
(47528, 22525, NULL, NULL, NULL, NULL),
(47529, 22525, NULL, NULL, NULL, NULL),
(47530, 22526, NULL, NULL, NULL, NULL),
(47531, 22526, NULL, NULL, NULL, NULL),
(47532, 22527, NULL, NULL, NULL, NULL),
(47533, 22528, NULL, NULL, NULL, NULL),
(47534, 22528, NULL, NULL, NULL, NULL),
(47535, 22528, NULL, NULL, NULL, NULL),
(47536, 22529, NULL, NULL, NULL, NULL),
(47537, 22530, NULL, NULL, NULL, NULL),
(47538, 22531, NULL, NULL, NULL, NULL),
(47539, 22531, NULL, NULL, NULL, NULL),
(47540, 22531, NULL, NULL, NULL, NULL),
(47541, 22532, NULL, NULL, NULL, NULL),
(47542, 22532, NULL, NULL, NULL, NULL),
(47543, 22533, NULL, NULL, NULL, NULL),
(47544, 22534, NULL, NULL, NULL, NULL),
(47545, 22534, NULL, NULL, NULL, NULL),
(47546, 22534, NULL, NULL, NULL, NULL),
(47547, 22535, NULL, NULL, NULL, NULL),
(47548, 22535, NULL, NULL, NULL, NULL),
(47549, 22535, NULL, NULL, NULL, NULL),
(47550, 22536, NULL, NULL, NULL, NULL),
(47551, 22537, NULL, NULL, NULL, NULL),
(47552, 22538, NULL, NULL, NULL, NULL),
(47553, 22539, NULL, NULL, NULL, NULL),
(47554, 22540, NULL, NULL, NULL, NULL),
(47555, 22540, NULL, NULL, NULL, NULL),
(47556, 22540, NULL, NULL, NULL, NULL),
(47557, 22541, NULL, NULL, NULL, NULL),
(47558, 22542, NULL, NULL, NULL, NULL),
(47559, 22543, NULL, NULL, NULL, NULL),
(47560, 22544, NULL, NULL, NULL, NULL),
(47561, 22545, NULL, NULL, NULL, NULL),
(47562, 22546, NULL, NULL, NULL, NULL),
(47563, 22547, NULL, NULL, NULL, NULL),
(47564, 22548, NULL, NULL, NULL, NULL),
(47565, 22549, NULL, NULL, NULL, NULL),
(47566, 22549, NULL, NULL, NULL, NULL),
(47567, 22549, NULL, NULL, NULL, NULL),
(47568, 22550, NULL, NULL, NULL, NULL),
(47569, 22551, NULL, NULL, NULL, NULL),
(47570, 22551, NULL, NULL, NULL, NULL),
(47571, 22551, NULL, NULL, NULL, NULL),
(47572, 22551, NULL, NULL, NULL, NULL),
(47573, 22551, NULL, NULL, NULL, NULL),
(47574, 22551, NULL, NULL, NULL, NULL),
(47575, 22552, NULL, NULL, NULL, NULL),
(47576, 22552, NULL, NULL, NULL, NULL),
(47577, 22552, NULL, NULL, NULL, NULL),
(47578, 22552, NULL, NULL, NULL, NULL),
(47579, 22553, NULL, NULL, NULL, NULL),
(47580, 22553, NULL, NULL, NULL, NULL),
(47581, 22553, NULL, NULL, NULL, NULL),
(47582, 22553, NULL, NULL, NULL, NULL),
(47583, 22554, NULL, NULL, NULL, NULL),
(47584, 22554, NULL, NULL, NULL, NULL),
(47585, 22555, NULL, NULL, NULL, NULL),
(47586, 22556, NULL, NULL, NULL, NULL),
(47587, 22556, NULL, NULL, NULL, NULL),
(47588, 22556, NULL, NULL, NULL, NULL),
(47589, 22556, NULL, NULL, NULL, NULL),
(47590, 22556, NULL, NULL, NULL, NULL),
(47591, 22556, NULL, 'System', NULL, NULL),
(47592, 22556, NULL, 'System', NULL, NULL),
(47593, 22557, NULL, NULL, NULL, NULL),
(47594, 22558, NULL, NULL, NULL, NULL),
(47595, 22558, NULL, NULL, NULL, NULL),
(47596, 22558, NULL, NULL, NULL, NULL),
(47597, 22558, NULL, NULL, NULL, NULL),
(47598, 22559, NULL, NULL, NULL, NULL),
(47599, 22559, NULL, NULL, NULL, NULL),
(47600, 22560, NULL, NULL, NULL, NULL),
(47601, 22561, NULL, NULL, NULL, NULL),
(47602, 22562, NULL, NULL, NULL, NULL),
(47603, 22563, NULL, NULL, NULL, NULL),
(47604, 22564, NULL, NULL, NULL, NULL),
(47605, 22565, NULL, NULL, NULL, NULL),
(47606, 22566, NULL, NULL, NULL, NULL),
(47607, 22567, NULL, NULL, NULL, NULL),
(47608, 22568, NULL, NULL, NULL, NULL),
(47609, 22569, NULL, NULL, NULL, NULL),
(47610, 22569, NULL, NULL, NULL, NULL),
(47611, 22570, NULL, NULL, NULL, NULL),
(47612, 22571, NULL, NULL, NULL, NULL),
(47613, 22572, NULL, NULL, NULL, NULL),
(47614, 22573, NULL, NULL, NULL, NULL),
(47615, 22573, NULL, NULL, NULL, NULL),
(47616, 22573, NULL, NULL, NULL, NULL),
(47617, 22574, NULL, NULL, NULL, NULL),
(47618, 22574, NULL, NULL, NULL, NULL),
(47619, 22574, NULL, NULL, NULL, NULL),
(47620, 22574, NULL, NULL, NULL, NULL),
(47621, 22574, NULL, NULL, NULL, NULL),
(47622, 22574, NULL, NULL, NULL, NULL),
(47623, 22574, NULL, NULL, NULL, NULL),
(47624, 22575, NULL, NULL, NULL, NULL),
(47625, 22576, NULL, NULL, NULL, NULL),
(47626, 22577, NULL, NULL, NULL, NULL),
(47627, 22578, NULL, NULL, NULL, NULL),
(47628, 22579, NULL, NULL, NULL, NULL),
(47629, 22580, NULL, NULL, NULL, NULL),
(47630, 22580, NULL, NULL, NULL, NULL),
(47631, 22580, NULL, NULL, NULL, NULL),
(47632, 22580, NULL, NULL, NULL, NULL),
(47633, 22580, NULL, 'DOSBOX', NULL, NULL),
(47634, 22580, NULL, NULL, NULL, NULL),
(47635, 22581, NULL, NULL, NULL, NULL),
(47636, 22582, NULL, NULL, NULL, NULL),
(47637, 22583, NULL, NULL, NULL, NULL),
(47638, 22584, NULL, NULL, NULL, NULL),
(47639, 22585, NULL, NULL, NULL, NULL),
(47640, 22585, NULL, NULL, NULL, NULL),
(47641, 22585, NULL, NULL, NULL, NULL),
(47642, 22585, NULL, NULL, NULL, NULL),
(47643, 22586, NULL, NULL, NULL, NULL),
(47644, 22586, NULL, NULL, NULL, NULL),
(47645, 22586, NULL, NULL, NULL, NULL),
(47646, 22586, NULL, NULL, NULL, NULL),
(47647, 22587, NULL, NULL, NULL, NULL),
(47648, 22587, NULL, NULL, NULL, NULL),
(47649, 22587, NULL, NULL, NULL, NULL),
(47650, 22587, NULL, NULL, NULL, NULL),
(47651, 22588, NULL, NULL, NULL, NULL),
(47652, 22588, NULL, NULL, NULL, NULL),
(47653, 22588, NULL, NULL, NULL, NULL),
(47654, 22588, NULL, NULL, NULL, NULL),
(47655, 22589, NULL, NULL, NULL, NULL),
(47656, 22590, NULL, NULL, NULL, NULL),
(47657, 22590, NULL, NULL, NULL, NULL),
(47658, 22590, NULL, NULL, NULL, NULL),
(47659, 22590, NULL, NULL, NULL, NULL),
(47660, 22591, NULL, NULL, NULL, NULL),
(47661, 22592, NULL, NULL, NULL, NULL),
(47662, 22592, NULL, NULL, NULL, NULL),
(47663, 22592, NULL, NULL, NULL, NULL),
(47664, 22592, NULL, NULL, NULL, NULL),
(47665, 22593, NULL, NULL, NULL, NULL),
(47666, 22594, NULL, NULL, NULL, NULL),
(47667, 22595, NULL, NULL, NULL, NULL),
(47668, 22595, NULL, NULL, NULL, NULL),
(47669, 22595, NULL, NULL, NULL, NULL),
(47670, 22596, NULL, NULL, NULL, NULL),
(47671, 22596, NULL, NULL, NULL, NULL),
(47672, 22596, NULL, NULL, NULL, NULL),
(47673, 22596, NULL, NULL, NULL, NULL),
(47674, 22597, NULL, NULL, NULL, NULL),
(47675, 22598, NULL, NULL, NULL, NULL),
(47676, 22599, NULL, NULL, NULL, NULL),
(47677, 22600, NULL, NULL, NULL, NULL),
(47678, 22601, NULL, NULL, NULL, NULL),
(47679, 22602, NULL, NULL, NULL, NULL),
(47680, 22603, NULL, NULL, NULL, NULL),
(47681, 22603, NULL, NULL, NULL, NULL),
(47682, 22603, NULL, NULL, NULL, NULL),
(47683, 22603, NULL, NULL, NULL, NULL),
(47684, 22603, NULL, NULL, NULL, NULL),
(47685, 22603, NULL, 'ReleaseExe', NULL, NULL),
(47686, 22603, NULL, 'ReleaseExe', NULL, NULL),
(47687, 22604, NULL, NULL, NULL, NULL),
(47688, 22604, NULL, NULL, NULL, NULL),
(47689, 22604, NULL, NULL, NULL, NULL),
(47690, 22604, NULL, NULL, NULL, NULL),
(47691, 22605, NULL, NULL, NULL, NULL),
(47692, 22606, NULL, NULL, NULL, NULL),
(47693, 22607, NULL, NULL, NULL, NULL),
(47694, 22608, NULL, NULL, NULL, NULL),
(47695, 22608, NULL, NULL, NULL, NULL),
(47696, 22609, NULL, NULL, NULL, NULL),
(47697, 22610, NULL, NULL, NULL, NULL),
(47698, 22611, NULL, NULL, NULL, NULL),
(47699, 22612, NULL, NULL, NULL, NULL),
(47700, 22613, NULL, NULL, NULL, NULL),
(47701, 22613, NULL, NULL, NULL, NULL),
(47702, 22613, NULL, NULL, NULL, NULL),
(47703, 22613, NULL, NULL, NULL, NULL),
(47704, 22613, NULL, NULL, NULL, NULL),
(47705, 22614, NULL, NULL, NULL, NULL),
(47706, 22614, NULL, NULL, NULL, NULL),
(47707, 22614, NULL, NULL, NULL, NULL),
(47708, 22614, NULL, NULL, NULL, NULL),
(47709, 22614, NULL, NULL, NULL, NULL),
(47710, 22615, NULL, NULL, NULL, NULL),
(47711, 22616, NULL, NULL, NULL, NULL),
(47712, 22617, NULL, NULL, NULL, NULL),
(47713, 22617, NULL, NULL, NULL, NULL),
(47714, 22617, NULL, NULL, NULL, NULL),
(47715, 22618, NULL, NULL, NULL, NULL),
(47716, 22618, NULL, NULL, NULL, NULL),
(47717, 22618, NULL, NULL, NULL, NULL),
(47718, 22619, NULL, NULL, NULL, NULL),
(47719, 22620, NULL, NULL, NULL, NULL),
(47720, 22621, NULL, NULL, NULL, NULL),
(47721, 22622, NULL, NULL, NULL, NULL),
(47722, 22623, NULL, NULL, 'Vista', NULL),
(47723, 22623, NULL, NULL, 'XP', NULL),
(47724, 22624, NULL, NULL, 'Vista', NULL),
(47725, 22624, NULL, NULL, 'XP', NULL),
(47726, 22625, NULL, NULL, 'Vista', NULL),
(47727, 22625, NULL, NULL, 'XP', NULL),
(47728, 22626, NULL, NULL, NULL, NULL),
(47729, 22627, NULL, NULL, NULL, NULL),
(47730, 22628, NULL, NULL, NULL, NULL),
(47731, 22628, NULL, NULL, NULL, NULL),
(47732, 22628, NULL, NULL, NULL, NULL),
(47733, 22629, NULL, NULL, NULL, NULL),
(47734, 22630, NULL, NULL, NULL, NULL),
(47735, 22631, NULL, NULL, NULL, NULL),
(47736, 22632, NULL, NULL, NULL, NULL),
(47737, 22633, NULL, NULL, NULL, NULL),
(47738, 22634, NULL, NULL, NULL, NULL),
(47739, 22635, NULL, NULL, NULL, NULL),
(47740, 22636, NULL, NULL, NULL, NULL),
(47741, 22637, NULL, NULL, NULL, NULL),
(47742, 22637, NULL, NULL, NULL, NULL),
(47743, 22637, NULL, NULL, NULL, NULL),
(47744, 22637, NULL, NULL, NULL, NULL),
(47745, 22638, NULL, NULL, NULL, NULL),
(47746, 22638, NULL, NULL, NULL, NULL),
(47747, 22638, NULL, NULL, NULL, NULL),
(47748, 22639, NULL, NULL, NULL, NULL),
(47749, 22640, NULL, NULL, NULL, NULL),
(47750, 22641, NULL, NULL, NULL, NULL),
(47751, 22642, NULL, NULL, NULL, NULL),
(47752, 22642, NULL, NULL, NULL, NULL),
(47753, 22642, NULL, 'DOSBOX', NULL, NULL),
(47754, 22643, NULL, NULL, NULL, NULL),
(47755, 22643, NULL, NULL, NULL, NULL),
(47756, 22643, NULL, NULL, NULL, NULL),
(47757, 22644, NULL, NULL, NULL, NULL),
(47758, 22645, NULL, NULL, NULL, NULL),
(47759, 22646, NULL, NULL, NULL, NULL),
(47760, 22647, NULL, NULL, NULL, NULL),
(47761, 22648, NULL, NULL, NULL, NULL),
(47762, 22649, NULL, NULL, NULL, NULL),
(47763, 22650, NULL, NULL, NULL, NULL),
(47764, 22650, NULL, NULL, NULL, NULL),
(47765, 22651, NULL, NULL, NULL, NULL),
(47766, 22652, NULL, NULL, NULL, NULL),
(47767, 22652, NULL, NULL, NULL, NULL),
(47768, 22653, NULL, NULL, NULL, NULL),
(47769, 22654, NULL, NULL, NULL, NULL),
(47770, 22654, NULL, NULL, NULL, NULL),
(47771, 22654, NULL, NULL, NULL, NULL),
(47772, 22654, NULL, NULL, NULL, NULL),
(47773, 22654, NULL, NULL, NULL, NULL),
(47774, 22654, NULL, NULL, NULL, NULL),
(47775, 22655, NULL, NULL, NULL, NULL),
(47776, 22656, NULL, NULL, NULL, NULL),
(47777, 22657, NULL, NULL, NULL, NULL),
(47778, 22658, NULL, NULL, NULL, NULL),
(47779, 22659, NULL, NULL, NULL, NULL),
(47780, 22660, NULL, NULL, NULL, NULL),
(47781, 22661, NULL, NULL, NULL, NULL),
(47782, 22662, NULL, NULL, NULL, NULL),
(47783, 22663, NULL, NULL, NULL, NULL),
(47784, 22664, NULL, NULL, NULL, NULL),
(47785, 22665, NULL, NULL, NULL, NULL),
(47786, 22666, NULL, NULL, NULL, NULL),
(47787, 22667, NULL, NULL, NULL, NULL),
(47788, 22667, NULL, NULL, NULL, NULL),
(47789, 22668, NULL, NULL, NULL, NULL),
(47790, 22669, NULL, NULL, NULL, NULL),
(47791, 22670, NULL, NULL, NULL, NULL),
(47792, 22671, NULL, NULL, 'XP', NULL),
(47793, 22671, NULL, NULL, 'Vista', NULL),
(47794, 22671, NULL, NULL, 'XP', NULL),
(47795, 22671, NULL, NULL, 'XP', NULL),
(47796, 22672, NULL, NULL, NULL, NULL),
(47797, 22673, NULL, NULL, NULL, NULL),
(47798, 22674, NULL, NULL, NULL, NULL),
(47799, 22675, NULL, NULL, NULL, NULL),
(47800, 22675, NULL, NULL, NULL, NULL),
(47801, 22675, NULL, NULL, NULL, NULL),
(47802, 22676, NULL, NULL, NULL, NULL),
(47803, 22677, NULL, NULL, NULL, NULL),
(47804, 22677, NULL, NULL, NULL, NULL),
(47805, 22677, NULL, NULL, NULL, NULL),
(47806, 22678, NULL, NULL, NULL, NULL),
(47807, 22679, NULL, NULL, NULL, NULL),
(47808, 22679, NULL, NULL, NULL, NULL),
(47809, 22679, NULL, NULL, NULL, NULL),
(47810, 22679, NULL, NULL, NULL, NULL),
(47811, 22680, NULL, NULL, NULL, NULL),
(47812, 22680, NULL, NULL, NULL, NULL),
(47813, 22680, 'valve', NULL, NULL, NULL),
(47814, 22681, NULL, NULL, NULL, NULL),
(47815, 22682, NULL, NULL, NULL, NULL),
(47816, 22683, NULL, NULL, NULL, NULL),
(47817, 22684, NULL, NULL, NULL, NULL),
(47818, 22685, NULL, NULL, NULL, NULL),
(47819, 22686, NULL, NULL, NULL, NULL),
(47820, 22687, NULL, NULL, NULL, NULL),
(47821, 22688, NULL, NULL, NULL, NULL),
(47822, 22688, NULL, NULL, NULL, NULL),
(47823, 22688, NULL, NULL, NULL, NULL),
(47824, 22689, NULL, NULL, NULL, NULL),
(47825, 22689, NULL, NULL, NULL, NULL),
(47826, 22689, NULL, NULL, NULL, NULL),
(47827, 22690, NULL, NULL, NULL, NULL),
(47828, 22691, NULL, NULL, NULL, NULL),
(47829, 22691, NULL, 'hell.exe', NULL, NULL),
(47830, 22691, NULL, NULL, NULL, NULL),
(47831, 22692, NULL, NULL, NULL, NULL),
(47832, 22692, NULL, NULL, NULL, NULL),
(47833, 22692, NULL, NULL, NULL, NULL),
(47834, 22692, NULL, NULL, NULL, NULL),
(47835, 22693, NULL, NULL, NULL, NULL),
(47836, 22693, NULL, NULL, NULL, NULL),
(47837, 22694, NULL, NULL, NULL, NULL),
(47838, 22695, NULL, NULL, NULL, NULL),
(47839, 22695, NULL, NULL, NULL, NULL),
(47840, 22696, NULL, NULL, NULL, NULL),
(47841, 22696, NULL, NULL, NULL, NULL),
(47842, 22697, NULL, NULL, NULL, NULL),
(47843, 22697, NULL, NULL, NULL, NULL),
(47844, 22697, NULL, NULL, NULL, NULL),
(47845, 22697, NULL, NULL, NULL, NULL),
(47846, 22698, NULL, NULL, NULL, NULL),
(47847, 22698, NULL, 'uninstall.exe', NULL, NULL),
(47848, 22698, NULL, '\\Bin\\Release', NULL, NULL),
(47849, 22698, NULL, '\\Bin\\Release', NULL, NULL),
(47850, 22699, NULL, NULL, NULL, NULL),
(47851, 22700, NULL, NULL, NULL, NULL),
(47852, 22700, NULL, NULL, NULL, NULL),
(47853, 22700, NULL, NULL, NULL, NULL),
(47854, 22700, NULL, NULL, NULL, NULL),
(47855, 22701, NULL, NULL, NULL, NULL),
(47856, 22701, NULL, NULL, NULL, NULL),
(47857, 22701, NULL, NULL, NULL, NULL),
(47858, 22702, NULL, NULL, NULL, NULL),
(47859, 22702, NULL, '\\icytower15.exe', NULL, NULL),
(47860, 22703, NULL, NULL, NULL, NULL),
(47861, 22704, NULL, NULL, NULL, NULL),
(47862, 22704, NULL, NULL, NULL, NULL),
(47863, 22704, NULL, NULL, NULL, NULL),
(47864, 22705, NULL, NULL, NULL, NULL),
(47865, 22706, NULL, NULL, NULL, NULL),
(47866, 22706, NULL, NULL, NULL, NULL),
(47867, 22706, NULL, NULL, NULL, NULL),
(47868, 22707, NULL, NULL, NULL, NULL),
(47869, 22707, NULL, NULL, NULL, NULL),
(47870, 22707, NULL, NULL, NULL, NULL),
(47871, 22707, NULL, NULL, NULL, NULL),
(47872, 22707, NULL, NULL, NULL, NULL),
(47873, 22707, NULL, NULL, NULL, NULL),
(47874, 22708, NULL, NULL, NULL, NULL),
(47875, 22708, NULL, NULL, NULL, NULL),
(47876, 22708, NULL, NULL, NULL, NULL),
(47877, 22708, NULL, NULL, NULL, NULL),
(47878, 22708, NULL, 'bin\\release', NULL, NULL),
(47879, 22708, NULL, 'bin\\release', NULL, NULL),
(47880, 22709, NULL, NULL, NULL, NULL),
(47881, 22710, NULL, NULL, NULL, NULL),
(47882, 22711, NULL, NULL, 'Vista', NULL),
(47883, 22711, NULL, NULL, 'XP', NULL),
(47884, 22712, NULL, NULL, NULL, NULL),
(47885, 22712, NULL, NULL, NULL, NULL),
(47886, 22712, NULL, NULL, NULL, NULL),
(47887, 22713, NULL, NULL, NULL, NULL),
(47888, 22714, NULL, NULL, NULL, NULL),
(47889, 22714, NULL, NULL, NULL, NULL),
(47890, 22715, NULL, NULL, NULL, NULL),
(47891, 22716, NULL, NULL, NULL, NULL),
(47892, 22717, NULL, NULL, NULL, NULL),
(47893, 22717, NULL, NULL, NULL, NULL),
(47894, 22717, NULL, NULL, NULL, NULL),
(47895, 22718, NULL, NULL, NULL, NULL),
(47896, 22718, NULL, NULL, NULL, NULL),
(47897, 22718, NULL, NULL, NULL, NULL),
(47898, 22718, NULL, NULL, NULL, NULL),
(47899, 22718, NULL, NULL, NULL, NULL),
(47900, 22719, NULL, NULL, NULL, NULL),
(47901, 22720, NULL, NULL, NULL, NULL),
(47902, 22721, NULL, NULL, NULL, NULL),
(47903, 22722, NULL, NULL, NULL, NULL),
(47904, 22723, NULL, NULL, NULL, NULL),
(47905, 22724, NULL, NULL, NULL, NULL),
(47906, 22725, NULL, NULL, NULL, NULL),
(47907, 22726, NULL, NULL, NULL, NULL),
(47908, 22727, NULL, NULL, NULL, NULL),
(47909, 22727, NULL, NULL, NULL, NULL),
(47910, 22727, NULL, NULL, NULL, NULL),
(47911, 22728, NULL, NULL, NULL, NULL),
(47912, 22729, NULL, NULL, NULL, NULL),
(47913, 22730, NULL, NULL, NULL, NULL),
(47914, 22731, NULL, NULL, NULL, NULL),
(47915, 22732, NULL, NULL, NULL, NULL),
(47916, 22732, NULL, NULL, NULL, NULL),
(47917, 22732, NULL, NULL, NULL, NULL),
(47918, 22733, NULL, NULL, NULL, NULL),
(47919, 22734, NULL, NULL, NULL, NULL),
(47920, 22735, NULL, NULL, NULL, NULL),
(47921, 22735, NULL, NULL, NULL, NULL),
(47922, 22735, NULL, NULL, NULL, NULL),
(47923, 22736, NULL, NULL, NULL, NULL),
(47924, 22737, NULL, NULL, NULL, NULL),
(47925, 22738, NULL, NULL, NULL, NULL),
(47926, 22739, NULL, NULL, NULL, NULL),
(47927, 22740, NULL, NULL, NULL, NULL),
(47928, 22741, NULL, NULL, NULL, NULL),
(47929, 22741, NULL, NULL, NULL, NULL),
(47930, 22742, NULL, NULL, NULL, NULL),
(47931, 22743, NULL, NULL, NULL, NULL),
(47932, 22744, NULL, NULL, NULL, NULL),
(47933, 22745, NULL, NULL, NULL, NULL),
(47934, 22746, NULL, NULL, NULL, NULL),
(47935, 22746, NULL, NULL, NULL, NULL),
(47936, 22746, NULL, NULL, NULL, NULL),
(47937, 22747, NULL, NULL, NULL, NULL),
(47938, 22748, NULL, NULL, NULL, NULL),
(47939, 22749, NULL, NULL, NULL, NULL),
(47940, 22750, NULL, NULL, NULL, NULL),
(47941, 22750, NULL, NULL, NULL, NULL),
(47942, 22750, NULL, NULL, NULL, NULL),
(47943, 22750, NULL, NULL, NULL, NULL),
(47944, 22750, NULL, NULL, NULL, NULL),
(47945, 22751, NULL, NULL, NULL, NULL),
(47946, 22751, NULL, NULL, NULL, NULL),
(47947, 22751, NULL, NULL, NULL, NULL),
(47948, 22752, NULL, NULL, NULL, NULL),
(47949, 22753, NULL, NULL, NULL, NULL),
(47950, 22754, NULL, NULL, NULL, NULL),
(47951, 22754, NULL, NULL, NULL, NULL),
(47952, 22754, NULL, NULL, NULL, NULL),
(47953, 22755, NULL, NULL, NULL, NULL),
(47954, 22755, NULL, NULL, NULL, NULL),
(47955, 22755, NULL, NULL, NULL, NULL),
(47956, 22756, NULL, NULL, NULL, NULL),
(47957, 22756, NULL, NULL, NULL, NULL),
(47958, 22756, NULL, NULL, NULL, NULL),
(47959, 22757, NULL, NULL, NULL, NULL),
(47960, 22757, NULL, NULL, NULL, NULL),
(47961, 22757, NULL, NULL, NULL, NULL),
(47962, 22758, NULL, NULL, NULL, NULL),
(47963, 22758, NULL, NULL, NULL, NULL),
(47964, 22759, NULL, NULL, NULL, NULL),
(47965, 22759, NULL, NULL, NULL, NULL),
(47966, 22760, NULL, NULL, NULL, NULL),
(47967, 22760, NULL, NULL, NULL, NULL),
(47968, 22760, NULL, NULL, NULL, NULL),
(47969, 22760, NULL, 'splash', NULL, NULL),
(47970, 22761, NULL, NULL, NULL, NULL),
(47971, 22761, NULL, NULL, NULL, NULL),
(47972, 22761, NULL, NULL, NULL, NULL),
(47973, 22761, NULL, 'splash', NULL, NULL),
(47974, 22762, NULL, NULL, NULL, NULL),
(47975, 22762, NULL, NULL, NULL, NULL),
(47976, 22763, NULL, NULL, NULL, NULL),
(47977, 22763, NULL, NULL, NULL, NULL),
(47978, 22764, NULL, NULL, NULL, NULL),
(47979, 22764, NULL, NULL, NULL, NULL),
(47980, 22765, NULL, NULL, NULL, NULL),
(47981, 22766, NULL, NULL, NULL, NULL),
(47982, 22766, NULL, NULL, NULL, NULL),
(47983, 22766, NULL, NULL, NULL, NULL),
(47984, 22766, NULL, NULL, NULL, NULL),
(47985, 22767, NULL, NULL, NULL, NULL),
(47986, 22767, NULL, NULL, NULL, NULL),
(47987, 22767, NULL, NULL, NULL, NULL),
(47988, 22768, NULL, NULL, NULL, NULL),
(47989, 22768, NULL, NULL, NULL, NULL),
(47990, 22768, NULL, NULL, NULL, NULL),
(47991, 22769, NULL, NULL, NULL, NULL),
(47992, 22770, NULL, NULL, NULL, NULL),
(47993, 22770, NULL, NULL, NULL, NULL),
(47994, 22770, NULL, NULL, NULL, NULL),
(47995, 22771, NULL, NULL, 'Vista', NULL),
(47996, 22772, NULL, NULL, NULL, NULL),
(47997, 22773, NULL, NULL, NULL, NULL),
(47998, 22774, NULL, NULL, NULL, NULL),
(47999, 22775, NULL, NULL, NULL, NULL),
(48000, 22776, NULL, NULL, NULL, NULL),
(48001, 22777, NULL, NULL, NULL, NULL),
(48002, 22777, NULL, NULL, NULL, NULL),
(48003, 22777, NULL, NULL, NULL, NULL),
(48004, 22778, NULL, NULL, NULL, NULL),
(48005, 22778, NULL, NULL, NULL, NULL),
(48006, 22778, NULL, NULL, NULL, NULL),
(48007, 22779, NULL, NULL, NULL, NULL),
(48008, 22780, NULL, NULL, NULL, NULL),
(48009, 22781, NULL, NULL, NULL, NULL),
(48010, 22782, NULL, NULL, NULL, NULL),
(48011, 22782, NULL, NULL, NULL, NULL),
(48012, 22783, NULL, NULL, NULL, NULL),
(48013, 22783, NULL, NULL, NULL, NULL),
(48014, 22784, NULL, NULL, NULL, NULL),
(48015, 22785, NULL, NULL, NULL, NULL),
(48016, 22785, NULL, NULL, NULL, NULL),
(48017, 22786, NULL, NULL, NULL, NULL),
(48018, 22786, NULL, NULL, NULL, NULL),
(48019, 22786, NULL, NULL, NULL, NULL),
(48020, 22786, NULL, NULL, NULL, NULL),
(48021, 22787, NULL, NULL, NULL, NULL),
(48022, 22788, NULL, NULL, NULL, NULL),
(48023, 22789, NULL, NULL, NULL, NULL),
(48024, 22790, NULL, NULL, NULL, NULL),
(48025, 22791, NULL, NULL, NULL, NULL),
(48026, 22792, NULL, NULL, NULL, NULL),
(48027, 22793, NULL, NULL, NULL, NULL),
(48028, 22793, NULL, NULL, NULL, NULL),
(48029, 22793, NULL, NULL, NULL, NULL),
(48030, 22794, NULL, NULL, NULL, NULL),
(48031, 22794, NULL, NULL, NULL, NULL),
(48032, 22794, NULL, NULL, NULL, NULL),
(48033, 22794, NULL, NULL, NULL, NULL),
(48034, 22794, NULL, NULL, NULL, NULL),
(48035, 22795, NULL, NULL, NULL, NULL),
(48036, 22796, NULL, NULL, NULL, NULL),
(48037, 22797, NULL, NULL, NULL, NULL),
(48038, 22798, NULL, NULL, NULL, NULL),
(48039, 22799, NULL, NULL, NULL, NULL),
(48040, 22799, NULL, NULL, NULL, NULL),
(48041, 22799, NULL, NULL, NULL, NULL),
(48042, 22799, NULL, NULL, NULL, NULL),
(48043, 22800, NULL, NULL, NULL, NULL),
(48044, 22800, NULL, NULL, NULL, NULL),
(48045, 22800, NULL, NULL, NULL, NULL),
(48046, 22801, NULL, NULL, NULL, NULL),
(48047, 22801, NULL, NULL, NULL, NULL),
(48048, 22801, NULL, NULL, NULL, NULL),
(48049, 22801, NULL, NULL, NULL, NULL),
(48050, 22802, NULL, NULL, NULL, NULL),
(48051, 22802, NULL, NULL, NULL, NULL),
(48052, 22802, NULL, NULL, NULL, NULL),
(48053, 22802, NULL, NULL, NULL, NULL),
(48054, 22803, NULL, NULL, NULL, NULL),
(48055, 22804, NULL, NULL, NULL, 1),
(48056, 22804, NULL, NULL, NULL, NULL),
(48057, 22805, NULL, NULL, NULL, NULL),
(48058, 22805, NULL, NULL, NULL, NULL),
(48059, 22806, NULL, NULL, NULL, NULL),
(48060, 22807, NULL, NULL, NULL, NULL),
(48061, 22808, NULL, NULL, NULL, NULL),
(48062, 22809, NULL, NULL, NULL, NULL),
(48063, 22810, NULL, NULL, NULL, NULL),
(48064, 22811, NULL, NULL, NULL, NULL),
(48065, 22811, NULL, NULL, NULL, NULL),
(48066, 22811, NULL, NULL, NULL, NULL),
(48067, 22812, NULL, NULL, NULL, NULL),
(48068, 22812, NULL, NULL, NULL, NULL),
(48069, 22812, NULL, NULL, NULL, NULL),
(48070, 22813, NULL, NULL, NULL, NULL),
(48071, 22814, NULL, NULL, NULL, NULL),
(48072, 22815, NULL, NULL, NULL, NULL),
(48073, 22815, NULL, NULL, NULL, NULL),
(48074, 22815, NULL, NULL, NULL, NULL),
(48075, 22815, NULL, NULL, NULL, NULL),
(48076, 22815, NULL, 'Bin\\Painkiller.exe', NULL, NULL),
(48077, 22815, NULL, NULL, NULL, NULL),
(48078, 22815, NULL, 'Bin', NULL, NULL),
(48079, 22815, NULL, 'Bin', NULL, NULL),
(48080, 22816, NULL, NULL, NULL, NULL),
(48081, 22817, NULL, NULL, NULL, NULL),
(48082, 22818, NULL, NULL, NULL, NULL),
(48083, 22818, NULL, 'bin\\Final\\Game.exe', NULL, NULL),
(48084, 22818, NULL, 'bin\\Final', NULL, NULL),
(48085, 22819, NULL, NULL, 'Vista', NULL),
(48086, 22819, NULL, NULL, 'Vista', NULL),
(48087, 22819, NULL, NULL, 'XP', NULL),
(48088, 22820, NULL, NULL, 'Vista', NULL),
(48089, 22820, NULL, NULL, 'XP', NULL),
(48090, 22821, NULL, NULL, 'XP', NULL),
(48091, 22821, NULL, NULL, 'Vista', NULL),
(48092, 22821, NULL, NULL, 'Vista', NULL),
(48093, 22821, NULL, NULL, 'XP', NULL),
(48094, 22822, NULL, NULL, 'Vista', NULL),
(48095, 22822, NULL, NULL, 'XP', NULL),
(48096, 22822, NULL, NULL, 'XP', NULL),
(48097, 22822, NULL, NULL, 'XP', NULL),
(48098, 22823, NULL, NULL, NULL, NULL),
(48099, 22824, NULL, NULL, NULL, NULL),
(48100, 22825, NULL, NULL, NULL, NULL),
(48101, 22826, NULL, NULL, NULL, NULL),
(48102, 22827, NULL, NULL, NULL, NULL),
(48103, 22828, NULL, NULL, NULL, NULL),
(48104, 22828, NULL, NULL, NULL, NULL),
(48105, 22828, NULL, NULL, NULL, NULL),
(48106, 22828, NULL, NULL, NULL, NULL),
(48107, 22828, NULL, NULL, NULL, NULL),
(48108, 22829, NULL, NULL, 'Vista', NULL),
(48109, 22829, NULL, NULL, 'XP', NULL),
(48110, 22830, NULL, NULL, NULL, NULL),
(48111, 22831, NULL, NULL, NULL, NULL),
(48112, 22832, NULL, NULL, NULL, NULL),
(48113, 22833, NULL, NULL, NULL, NULL),
(48114, 22834, NULL, NULL, NULL, NULL),
(48115, 22834, NULL, NULL, NULL, NULL),
(48116, 22834, NULL, NULL, NULL, NULL),
(48117, 22834, NULL, NULL, NULL, NULL),
(48118, 22835, NULL, NULL, NULL, NULL),
(48119, 22835, NULL, NULL, NULL, NULL),
(48120, 22835, NULL, NULL, NULL, NULL),
(48121, 22835, NULL, NULL, NULL, NULL),
(48122, 22836, NULL, NULL, NULL, NULL),
(48123, 22836, NULL, NULL, NULL, NULL),
(48124, 22836, NULL, NULL, NULL, NULL),
(48125, 22836, NULL, NULL, NULL, NULL),
(48126, 22836, NULL, 'System', NULL, NULL),
(48127, 22837, NULL, NULL, NULL, NULL),
(48128, 22838, NULL, NULL, 'Vista', NULL),
(48129, 22838, NULL, NULL, 'XP', NULL),
(48130, 22839, NULL, NULL, NULL, NULL),
(48131, 22840, NULL, NULL, NULL, NULL),
(48132, 22840, NULL, 'PrimalPrey.exe', NULL, NULL),
(48133, 22840, NULL, NULL, NULL, NULL),
(48134, 22841, NULL, NULL, NULL, NULL),
(48135, 22842, NULL, NULL, NULL, NULL),
(48136, 22842, NULL, NULL, NULL, NULL),
(48137, 22842, NULL, NULL, NULL, NULL),
(48138, 22842, NULL, NULL, NULL, NULL),
(48139, 22842, NULL, NULL, NULL, NULL),
(48140, 22842, NULL, NULL, NULL, NULL),
(48141, 22842, NULL, NULL, NULL, NULL),
(48142, 22843, NULL, NULL, NULL, NULL),
(48143, 22844, NULL, NULL, NULL, NULL),
(48144, 22845, NULL, NULL, NULL, NULL),
(48145, 22846, NULL, NULL, NULL, NULL),
(48146, 22846, NULL, NULL, NULL, NULL),
(48147, 22846, NULL, NULL, NULL, NULL),
(48148, 22846, NULL, NULL, NULL, NULL),
(48149, 22846, NULL, NULL, NULL, NULL),
(48150, 22846, NULL, NULL, NULL, NULL),
(48151, 22847, NULL, NULL, NULL, NULL),
(48152, 22848, NULL, NULL, NULL, NULL),
(48153, 22849, NULL, NULL, NULL, NULL),
(48154, 22850, NULL, NULL, NULL, NULL),
(48155, 22850, NULL, NULL, NULL, NULL),
(48156, 22851, NULL, NULL, NULL, NULL),
(48157, 22851, NULL, NULL, NULL, NULL),
(48158, 22851, NULL, NULL, NULL, NULL),
(48159, 22851, NULL, NULL, NULL, NULL),
(48160, 22852, NULL, NULL, NULL, NULL),
(48161, 22853, NULL, NULL, NULL, NULL),
(48162, 22854, NULL, NULL, NULL, NULL),
(48163, 22855, NULL, NULL, NULL, NULL),
(48164, 22856, NULL, NULL, NULL, NULL),
(48165, 22857, NULL, NULL, NULL, NULL),
(48166, 22858, NULL, NULL, NULL, NULL),
(48167, 22859, NULL, NULL, NULL, NULL),
(48168, 22860, NULL, NULL, NULL, NULL),
(48169, 22860, NULL, NULL, NULL, NULL),
(48170, 22860, NULL, NULL, NULL, NULL),
(48171, 22861, NULL, NULL, NULL, NULL),
(48172, 22861, NULL, NULL, NULL, NULL),
(48173, 22861, NULL, 'bin', NULL, NULL),
(48174, 22862, NULL, NULL, NULL, NULL),
(48175, 22862, NULL, NULL, NULL, NULL),
(48176, 22862, NULL, NULL, NULL, NULL),
(48177, 22863, NULL, NULL, NULL, NULL),
(48178, 22863, NULL, NULL, NULL, NULL),
(48179, 22863, NULL, NULL, NULL, NULL),
(48180, 22863, NULL, NULL, NULL, NULL),
(48181, 22864, NULL, NULL, NULL, NULL),
(48182, 22864, NULL, NULL, NULL, NULL),
(48183, 22864, NULL, NULL, NULL, NULL),
(48184, 22865, NULL, NULL, NULL, NULL),
(48185, 22866, NULL, NULL, NULL, NULL),
(48186, 22866, NULL, NULL, NULL, NULL),
(48187, 22867, NULL, NULL, NULL, NULL),
(48188, 22867, NULL, NULL, NULL, NULL),
(48189, 22868, NULL, NULL, NULL, NULL),
(48190, 22869, NULL, NULL, NULL, NULL),
(48191, 22870, NULL, NULL, NULL, NULL),
(48192, 22871, NULL, NULL, NULL, NULL),
(48193, 22871, NULL, NULL, NULL, NULL),
(48194, 22871, NULL, NULL, NULL, NULL),
(48195, 22871, NULL, NULL, NULL, NULL),
(48196, 22872, NULL, NULL, NULL, NULL),
(48197, 22872, NULL, NULL, NULL, NULL),
(48198, 22872, NULL, NULL, NULL, NULL),
(48199, 22872, NULL, NULL, NULL, NULL),
(48200, 22872, NULL, NULL, NULL, NULL),
(48201, 22873, NULL, NULL, NULL, NULL),
(48202, 22874, NULL, NULL, NULL, NULL),
(48203, 22875, NULL, NULL, NULL, NULL),
(48204, 22876, NULL, NULL, NULL, NULL),
(48205, 22877, NULL, NULL, NULL, NULL),
(48206, 22877, NULL, NULL, NULL, NULL),
(48207, 22878, NULL, NULL, NULL, NULL),
(48208, 22879, NULL, NULL, NULL, NULL),
(48209, 22880, NULL, NULL, NULL, NULL),
(48210, 22880, NULL, NULL, NULL, NULL),
(48211, 22880, NULL, NULL, NULL, NULL),
(48212, 22881, NULL, NULL, NULL, NULL),
(48213, 22882, NULL, NULL, NULL, NULL),
(48214, 22882, NULL, NULL, NULL, NULL),
(48215, 22883, NULL, NULL, NULL, NULL),
(48216, 22884, NULL, NULL, NULL, NULL),
(48217, 22884, NULL, NULL, NULL, NULL),
(48218, 22884, NULL, NULL, NULL, NULL),
(48219, 22884, NULL, NULL, NULL, NULL),
(48220, 22884, NULL, NULL, NULL, NULL),
(48221, 22884, NULL, NULL, NULL, NULL),
(48222, 22884, NULL, NULL, NULL, NULL),
(48223, 22885, NULL, NULL, NULL, NULL),
(48224, 22886, NULL, NULL, NULL, NULL),
(48225, 22887, NULL, NULL, NULL, NULL),
(48226, 22888, NULL, NULL, NULL, NULL),
(48227, 22889, NULL, NULL, NULL, NULL),
(48228, 22889, NULL, NULL, NULL, NULL),
(48229, 22889, NULL, NULL, NULL, NULL),
(48230, 22889, NULL, NULL, NULL, NULL),
(48231, 22889, NULL, NULL, NULL, NULL),
(48232, 22890, NULL, NULL, NULL, NULL),
(48233, 22890, NULL, NULL, NULL, NULL),
(48234, 22890, NULL, NULL, NULL, NULL),
(48235, 22890, NULL, NULL, NULL, NULL),
(48236, 22890, NULL, NULL, NULL, NULL),
(48237, 22891, NULL, NULL, NULL, NULL),
(48238, 22891, NULL, NULL, NULL, NULL),
(48239, 22891, NULL, NULL, NULL, NULL),
(48240, 22891, NULL, NULL, NULL, NULL),
(48241, 22891, NULL, NULL, NULL, NULL),
(48242, 22892, NULL, NULL, NULL, NULL),
(48243, 22892, NULL, NULL, NULL, NULL),
(48244, 22892, NULL, NULL, NULL, NULL),
(48245, 22892, NULL, NULL, NULL, NULL),
(48246, 22892, NULL, NULL, NULL, NULL),
(48247, 22893, NULL, NULL, NULL, NULL),
(48248, 22893, NULL, NULL, NULL, NULL),
(48249, 22893, NULL, NULL, NULL, NULL),
(48250, 22893, NULL, NULL, NULL, NULL),
(48251, 22893, NULL, NULL, NULL, NULL),
(48252, 22894, NULL, NULL, NULL, NULL),
(48253, 22894, NULL, NULL, NULL, NULL),
(48254, 22894, NULL, NULL, NULL, NULL),
(48255, 22894, NULL, NULL, NULL, NULL),
(48256, 22894, NULL, NULL, NULL, NULL),
(48257, 22895, NULL, NULL, NULL, NULL),
(48258, 22895, NULL, NULL, NULL, NULL),
(48259, 22895, NULL, NULL, NULL, NULL),
(48260, 22895, NULL, NULL, NULL, NULL),
(48261, 22895, 'Episode 201 - Ice Station Santa', 'autorun', NULL, NULL),
(48262, 22896, NULL, NULL, NULL, NULL),
(48263, 22896, NULL, NULL, NULL, NULL),
(48264, 22896, NULL, NULL, NULL, NULL),
(48265, 22896, NULL, NULL, NULL, NULL),
(48266, 22896, 'Episode 202 - Moai Better Blues', 'autorun', NULL, NULL),
(48267, 22897, NULL, NULL, NULL, NULL),
(48268, 22897, NULL, NULL, NULL, NULL),
(48269, 22897, NULL, NULL, NULL, NULL),
(48270, 22897, NULL, NULL, NULL, NULL),
(48271, 22897, 'Episode 203 - Night of the Raving Dead', 'autorun', NULL, NULL),
(48272, 22898, NULL, NULL, NULL, NULL),
(48273, 22898, NULL, NULL, NULL, NULL),
(48274, 22898, NULL, NULL, NULL, NULL),
(48275, 22898, NULL, NULL, NULL, NULL),
(48276, 22898, 'Episode 204 - Chariots of the Dogs', 'autorun', NULL, NULL),
(48277, 22899, NULL, NULL, NULL, NULL),
(48278, 22899, NULL, NULL, NULL, NULL),
(48279, 22899, NULL, NULL, NULL, NULL),
(48280, 22899, NULL, NULL, NULL, NULL),
(48281, 22899, 'Episode 205 - What''s New, Beelzebub', 'autorun', NULL, NULL),
(48282, 22900, NULL, NULL, NULL, NULL),
(48283, 22901, NULL, NULL, NULL, NULL),
(48284, 22902, NULL, NULL, NULL, NULL),
(48285, 22903, NULL, NULL, NULL, NULL),
(48286, 22904, NULL, NULL, NULL, NULL),
(48287, 22905, NULL, NULL, NULL, NULL),
(48288, 22906, NULL, NULL, NULL, NULL),
(48289, 22906, NULL, NULL, NULL, NULL),
(48290, 22906, NULL, NULL, NULL, NULL),
(48291, 22906, NULL, NULL, NULL, NULL),
(48292, 22906, NULL, NULL, NULL, NULL),
(48293, 22906, NULL, NULL, NULL, NULL),
(48294, 22907, NULL, NULL, NULL, NULL),
(48295, 22908, NULL, NULL, NULL, NULL),
(48296, 22909, NULL, NULL, NULL, NULL),
(48297, 22910, NULL, NULL, NULL, NULL),
(48298, 22911, NULL, NULL, NULL, NULL),
(48299, 22912, NULL, NULL, NULL, NULL),
(48300, 22912, NULL, NULL, NULL, NULL),
(48301, 22912, NULL, NULL, NULL, NULL),
(48302, 22912, NULL, NULL, NULL, NULL),
(48303, 22913, NULL, NULL, NULL, NULL),
(48304, 22914, NULL, NULL, NULL, NULL),
(48305, 22915, NULL, NULL, NULL, NULL),
(48306, 22916, NULL, NULL, NULL, NULL),
(48307, 22916, NULL, NULL, NULL, NULL),
(48308, 22916, NULL, NULL, NULL, NULL),
(48309, 22916, NULL, NULL, NULL, NULL),
(48310, 22916, NULL, NULL, NULL, NULL),
(48311, 22916, NULL, NULL, NULL, NULL),
(48312, 22917, NULL, NULL, NULL, NULL),
(48313, 22918, NULL, NULL, NULL, NULL),
(48314, 22918, NULL, NULL, NULL, NULL),
(48315, 22918, NULL, NULL, NULL, NULL),
(48316, 22919, NULL, NULL, NULL, NULL),
(48317, 22920, NULL, NULL, NULL, NULL),
(48318, 22921, NULL, NULL, NULL, NULL),
(48319, 22921, NULL, NULL, NULL, NULL),
(48320, 22922, NULL, NULL, NULL, NULL),
(48321, 22923, NULL, NULL, NULL, NULL),
(48322, 22924, NULL, NULL, NULL, NULL),
(48323, 22924, NULL, NULL, NULL, NULL),
(48324, 22924, NULL, NULL, NULL, NULL),
(48325, 22924, NULL, NULL, NULL, NULL),
(48326, 22925, NULL, NULL, NULL, NULL),
(48327, 22925, NULL, NULL, NULL, NULL),
(48328, 22926, NULL, NULL, 'Vista', NULL),
(48329, 22927, NULL, NULL, NULL, NULL),
(48330, 22927, NULL, NULL, NULL, NULL),
(48331, 22927, NULL, NULL, NULL, NULL),
(48332, 22928, NULL, NULL, NULL, NULL),
(48333, 22928, NULL, NULL, NULL, NULL),
(48334, 22928, NULL, NULL, NULL, NULL),
(48335, 22929, NULL, NULL, NULL, NULL),
(48336, 22930, NULL, NULL, NULL, NULL),
(48337, 22931, NULL, NULL, NULL, NULL),
(48338, 22932, NULL, NULL, NULL, NULL),
(48339, 22933, NULL, NULL, NULL, NULL),
(48340, 22934, NULL, NULL, NULL, NULL),
(48341, 22935, NULL, NULL, NULL, NULL),
(48342, 22935, NULL, NULL, NULL, NULL),
(48343, 22936, NULL, NULL, NULL, NULL),
(48344, 22937, NULL, NULL, NULL, NULL),
(48345, 22938, NULL, NULL, NULL, NULL),
(48346, 22939, NULL, NULL, NULL, NULL),
(48347, 22939, NULL, NULL, NULL, NULL),
(48348, 22939, NULL, NULL, NULL, NULL),
(48349, 22939, NULL, NULL, NULL, NULL),
(48350, 22940, NULL, NULL, NULL, NULL),
(48351, 22940, NULL, NULL, NULL, NULL),
(48352, 22940, NULL, NULL, NULL, NULL),
(48353, 22941, NULL, NULL, NULL, NULL),
(48354, 22941, NULL, NULL, NULL, NULL),
(48355, 22941, NULL, NULL, NULL, NULL),
(48356, 22942, NULL, NULL, NULL, NULL),
(48357, 22943, NULL, NULL, NULL, NULL),
(48358, 22944, NULL, NULL, NULL, NULL),
(48359, 22945, NULL, NULL, NULL, NULL),
(48360, 22946, NULL, NULL, NULL, NULL),
(48361, 22947, NULL, NULL, NULL, NULL),
(48362, 22948, NULL, NULL, NULL, NULL),
(48363, 22949, NULL, NULL, NULL, NULL),
(48364, 22950, NULL, NULL, NULL, NULL),
(48365, 22951, NULL, NULL, NULL, NULL),
(48366, 22952, NULL, NULL, 'Vista', NULL),
(48367, 22952, NULL, NULL, 'XP', NULL),
(48368, 22952, NULL, NULL, NULL, NULL),
(48369, 22953, NULL, NULL, NULL, NULL),
(48370, 22954, NULL, NULL, 'Vista', NULL),
(48371, 22954, NULL, NULL, 'XP', NULL),
(48372, 22955, NULL, NULL, NULL, NULL),
(48373, 22955, NULL, NULL, NULL, NULL),
(48374, 22956, NULL, NULL, NULL, NULL),
(48375, 22957, NULL, NULL, NULL, NULL),
(48376, 22957, NULL, NULL, NULL, NULL),
(48377, 22957, NULL, NULL, NULL, NULL),
(48378, 22957, NULL, NULL, NULL, NULL),
(48379, 22958, NULL, NULL, NULL, NULL),
(48380, 22958, NULL, NULL, NULL, NULL),
(48381, 22958, NULL, NULL, NULL, NULL),
(48382, 22959, NULL, NULL, NULL, NULL),
(48383, 22960, NULL, NULL, NULL, NULL),
(48384, 22961, NULL, NULL, NULL, NULL),
(48385, 22961, NULL, NULL, NULL, NULL),
(48386, 22961, NULL, NULL, NULL, NULL),
(48387, 22961, NULL, NULL, NULL, NULL),
(48388, 22962, NULL, NULL, NULL, NULL),
(48389, 22963, NULL, NULL, NULL, NULL),
(48390, 22963, NULL, NULL, NULL, NULL),
(48391, 22963, NULL, NULL, NULL, NULL),
(48392, 22963, NULL, NULL, NULL, NULL),
(48393, 22964, NULL, NULL, NULL, NULL),
(48394, 22964, NULL, NULL, NULL, NULL),
(48395, 22964, NULL, NULL, NULL, NULL),
(48396, 22965, NULL, NULL, NULL, NULL),
(48397, 22966, NULL, NULL, NULL, NULL),
(48398, 22967, NULL, NULL, NULL, NULL),
(48399, 22967, NULL, NULL, NULL, NULL),
(48400, 22967, NULL, NULL, NULL, NULL),
(48401, 22967, NULL, NULL, NULL, NULL),
(48402, 22968, NULL, NULL, NULL, NULL),
(48403, 22969, NULL, NULL, NULL, NULL),
(48404, 22969, NULL, NULL, NULL, NULL),
(48405, 22969, NULL, NULL, NULL, NULL),
(48406, 22969, NULL, NULL, NULL, NULL),
(48407, 22970, NULL, NULL, NULL, NULL),
(48408, 22971, NULL, NULL, NULL, NULL),
(48409, 22972, NULL, NULL, NULL, NULL),
(48410, 22973, NULL, NULL, NULL, NULL),
(48411, 22974, NULL, NULL, NULL, NULL),
(48412, 22975, NULL, NULL, NULL, NULL),
(48413, 22975, NULL, NULL, NULL, NULL),
(48414, 22975, NULL, NULL, NULL, NULL),
(48415, 22975, NULL, NULL, NULL, NULL),
(48416, 22976, NULL, NULL, NULL, NULL),
(48417, 22977, NULL, NULL, NULL, NULL),
(48418, 22978, NULL, NULL, NULL, NULL),
(48419, 22979, NULL, NULL, NULL, NULL),
(48420, 22980, NULL, NULL, NULL, NULL),
(48421, 22981, NULL, NULL, NULL, NULL),
(48422, 22982, NULL, NULL, NULL, NULL),
(48423, 22983, NULL, NULL, NULL, NULL),
(48424, 22983, NULL, NULL, NULL, NULL),
(48425, 22983, NULL, NULL, NULL, NULL),
(48426, 22983, NULL, NULL, NULL, NULL),
(48427, 22984, NULL, NULL, NULL, NULL),
(48428, 22984, NULL, NULL, NULL, NULL),
(48429, 22985, NULL, NULL, NULL, NULL),
(48430, 22985, NULL, NULL, NULL, NULL),
(48431, 22986, NULL, NULL, NULL, NULL),
(48432, 22987, NULL, NULL, NULL, NULL),
(48433, 22988, NULL, NULL, NULL, NULL),
(48434, 22989, NULL, NULL, NULL, NULL),
(48435, 22990, NULL, NULL, NULL, NULL),
(48436, 22990, NULL, NULL, NULL, NULL),
(48437, 22990, NULL, NULL, NULL, NULL),
(48438, 22990, NULL, NULL, NULL, NULL),
(48439, 22991, NULL, NULL, NULL, NULL),
(48440, 22991, NULL, NULL, NULL, NULL),
(48441, 22991, NULL, NULL, NULL, NULL),
(48442, 22992, NULL, NULL, NULL, NULL),
(48443, 22992, NULL, NULL, NULL, NULL),
(48444, 22992, NULL, NULL, NULL, NULL),
(48445, 22993, NULL, NULL, NULL, NULL),
(48446, 22994, NULL, NULL, NULL, NULL),
(48447, 22995, NULL, NULL, NULL, NULL),
(48448, 22996, NULL, NULL, NULL, NULL),
(48449, 22997, NULL, NULL, NULL, NULL),
(48450, 22997, NULL, NULL, NULL, NULL),
(48451, 22997, NULL, NULL, NULL, NULL),
(48452, 22998, NULL, NULL, NULL, NULL),
(48453, 22999, NULL, NULL, NULL, NULL),
(48454, 22999, NULL, NULL, NULL, NULL),
(48455, 22999, NULL, NULL, NULL, NULL),
(48456, 23000, NULL, NULL, NULL, NULL),
(48457, 23000, NULL, NULL, NULL, NULL),
(48458, 23000, NULL, NULL, NULL, NULL),
(48459, 23001, NULL, NULL, NULL, NULL),
(48460, 23001, NULL, NULL, NULL, NULL),
(48461, 23002, NULL, NULL, 'Vista', NULL),
(48462, 23002, NULL, NULL, 'XP', NULL),
(48463, 23002, NULL, NULL, NULL, NULL),
(48464, 23003, NULL, NULL, NULL, NULL),
(48465, 23003, NULL, NULL, NULL, NULL),
(48466, 23004, NULL, NULL, NULL, NULL),
(48467, 23005, NULL, NULL, 'Vista', NULL),
(48468, 23005, NULL, NULL, 'XP', NULL),
(48469, 23006, NULL, NULL, NULL, NULL),
(48470, 23007, NULL, NULL, NULL, NULL),
(48471, 23007, NULL, NULL, NULL, NULL),
(48472, 23007, NULL, NULL, NULL, NULL),
(48473, 23008, NULL, NULL, NULL, NULL),
(48474, 23009, NULL, NULL, NULL, NULL),
(48475, 23010, NULL, NULL, NULL, NULL),
(48476, 23011, NULL, NULL, NULL, NULL),
(48477, 23012, NULL, NULL, NULL, NULL),
(48478, 23013, NULL, NULL, NULL, NULL),
(48479, 23014, NULL, NULL, NULL, NULL),
(48480, 23015, NULL, NULL, NULL, NULL),
(48481, 23016, NULL, NULL, NULL, NULL),
(48482, 23017, NULL, NULL, NULL, NULL),
(48483, 23018, NULL, NULL, NULL, NULL),
(48484, 23019, NULL, NULL, NULL, NULL),
(48485, 23020, NULL, NULL, NULL, NULL),
(48486, 23021, NULL, NULL, NULL, NULL),
(48487, 23022, NULL, NULL, NULL, NULL),
(48488, 23022, NULL, NULL, NULL, NULL),
(48489, 23023, NULL, NULL, NULL, NULL),
(48490, 23024, NULL, NULL, NULL, NULL),
(48491, 23024, NULL, NULL, NULL, NULL),
(48492, 23024, NULL, NULL, NULL, NULL),
(48493, 23024, NULL, NULL, NULL, NULL),
(48494, 23025, NULL, NULL, NULL, NULL),
(48495, 23025, NULL, NULL, NULL, NULL),
(48496, 23025, NULL, NULL, NULL, NULL),
(48497, 23025, NULL, NULL, NULL, NULL),
(48498, 23026, NULL, NULL, NULL, NULL),
(48499, 23027, NULL, NULL, NULL, NULL),
(48500, 23027, NULL, NULL, NULL, NULL),
(48501, 23027, NULL, NULL, NULL, NULL),
(48502, 23028, NULL, NULL, NULL, NULL),
(48503, 23029, NULL, NULL, NULL, NULL),
(48504, 23030, NULL, NULL, NULL, NULL),
(48505, 23031, NULL, NULL, NULL, NULL),
(48506, 23031, NULL, NULL, NULL, NULL),
(48507, 23032, NULL, NULL, NULL, NULL),
(48508, 23033, NULL, NULL, NULL, NULL),
(48509, 23033, NULL, 'System', NULL, NULL),
(48510, 23033, NULL, 'System', NULL, NULL),
(48511, 23034, NULL, NULL, NULL, NULL),
(48512, 23035, NULL, NULL, NULL, NULL),
(48513, 23035, NULL, NULL, NULL, NULL),
(48514, 23035, NULL, NULL, NULL, NULL),
(48515, 23035, NULL, NULL, NULL, NULL),
(48516, 23035, NULL, NULL, NULL, NULL),
(48517, 23035, NULL, 'System', NULL, NULL),
(48518, 23035, NULL, 'System', NULL, NULL),
(48519, 23036, NULL, NULL, NULL, NULL),
(48520, 23036, NULL, NULL, NULL, NULL),
(48521, 23036, NULL, NULL, NULL, NULL),
(48522, 23036, NULL, NULL, NULL, NULL),
(48523, 23036, NULL, NULL, NULL, NULL),
(48524, 23036, NULL, NULL, NULL, NULL),
(48525, 23036, NULL, NULL, NULL, NULL),
(48526, 23037, NULL, NULL, NULL, NULL),
(48527, 23037, NULL, NULL, NULL, NULL),
(48528, 23037, NULL, NULL, NULL, NULL),
(48529, 23037, NULL, NULL, NULL, NULL),
(48530, 23037, NULL, NULL, NULL, NULL),
(48531, 23038, NULL, NULL, NULL, NULL),
(48532, 23038, NULL, NULL, NULL, NULL),
(48533, 23038, NULL, NULL, NULL, NULL),
(48534, 23038, NULL, NULL, NULL, NULL),
(48535, 23038, NULL, NULL, NULL, NULL),
(48536, 23038, NULL, 'System', NULL, NULL),
(48537, 23039, NULL, NULL, NULL, NULL),
(48538, 23040, NULL, NULL, NULL, NULL),
(48539, 23041, NULL, NULL, NULL, NULL),
(48540, 23041, NULL, NULL, NULL, NULL),
(48541, 23041, NULL, NULL, NULL, NULL),
(48542, 23041, NULL, NULL, NULL, NULL),
(48543, 23042, NULL, NULL, NULL, NULL),
(48544, 23042, NULL, NULL, NULL, NULL),
(48545, 23042, NULL, NULL, NULL, NULL),
(48546, 23043, NULL, NULL, NULL, NULL),
(48547, 23044, NULL, NULL, NULL, NULL),
(48548, 23045, NULL, NULL, NULL, NULL),
(48549, 23045, NULL, NULL, NULL, NULL),
(48550, 23046, NULL, NULL, NULL, NULL),
(48551, 23046, NULL, NULL, NULL, NULL),
(48552, 23046, NULL, NULL, NULL, NULL),
(48553, 23047, NULL, NULL, NULL, NULL),
(48554, 23047, NULL, NULL, NULL, NULL),
(48555, 23047, NULL, NULL, NULL, NULL);
INSERT INTO `game_locations` (`id`, `game_version`, `append`, `detract`, `platform_version`, `deprecated`) VALUES
(48556, 23048, NULL, NULL, NULL, NULL),
(48557, 23049, NULL, NULL, NULL, NULL),
(48558, 23050, NULL, NULL, NULL, NULL),
(48559, 23051, NULL, NULL, NULL, NULL),
(48560, 23052, NULL, NULL, NULL, NULL),
(48561, 23053, NULL, NULL, NULL, NULL),
(48562, 23054, NULL, NULL, NULL, NULL),
(48563, 23055, NULL, NULL, NULL, NULL),
(48564, 23055, NULL, NULL, NULL, NULL),
(48565, 23055, NULL, NULL, NULL, NULL),
(48566, 23056, NULL, NULL, NULL, NULL),
(48567, 23057, NULL, NULL, NULL, NULL),
(48568, 23058, NULL, NULL, NULL, NULL),
(48569, 23058, NULL, NULL, NULL, NULL),
(48570, 23058, NULL, NULL, NULL, NULL),
(48571, 23059, NULL, NULL, NULL, NULL),
(48572, 23060, NULL, NULL, NULL, NULL),
(48573, 23061, NULL, NULL, NULL, NULL),
(48574, 23062, NULL, NULL, NULL, NULL),
(48575, 23063, NULL, NULL, NULL, NULL),
(48576, 23064, NULL, NULL, NULL, NULL),
(48577, 23064, NULL, NULL, NULL, NULL),
(48578, 23064, NULL, NULL, NULL, NULL),
(48579, 23065, NULL, NULL, NULL, NULL),
(48580, 23066, NULL, NULL, NULL, NULL),
(48581, 23067, NULL, NULL, NULL, NULL),
(48582, 23068, NULL, NULL, NULL, NULL),
(48583, 23069, NULL, NULL, NULL, NULL),
(48584, 23070, NULL, NULL, NULL, NULL),
(48585, 23071, NULL, NULL, NULL, NULL),
(48586, 23072, NULL, NULL, NULL, NULL),
(48587, 23072, NULL, NULL, NULL, NULL),
(48588, 23072, NULL, NULL, NULL, NULL),
(48589, 23073, NULL, NULL, NULL, NULL),
(48590, 23073, NULL, NULL, NULL, NULL),
(48591, 23073, NULL, NULL, NULL, NULL),
(48592, 23074, NULL, NULL, NULL, NULL),
(48593, 23074, NULL, NULL, NULL, NULL),
(48594, 23075, NULL, NULL, NULL, NULL),
(48595, 23076, NULL, NULL, NULL, NULL),
(48596, 23077, NULL, NULL, NULL, NULL),
(48597, 23078, NULL, NULL, 'Vista', NULL),
(48598, 23078, NULL, NULL, 'XP', NULL),
(48599, 23079, NULL, NULL, NULL, NULL),
(48600, 23080, NULL, NULL, NULL, NULL),
(48601, 23080, NULL, NULL, NULL, NULL),
(48602, 23080, NULL, 'system', NULL, NULL),
(48603, 23081, NULL, NULL, NULL, NULL),
(48604, 23082, NULL, NULL, NULL, NULL),
(48605, 23082, NULL, NULL, NULL, NULL),
(48606, 23083, NULL, NULL, NULL, NULL),
(48607, 23083, NULL, NULL, NULL, NULL),
(48608, 23084, NULL, NULL, NULL, NULL),
(48609, 23085, NULL, NULL, NULL, NULL),
(48610, 23086, NULL, NULL, NULL, NULL),
(48611, 23087, NULL, NULL, NULL, NULL),
(48612, 23088, NULL, NULL, NULL, NULL),
(48613, 23088, NULL, NULL, NULL, NULL),
(48614, 23088, NULL, NULL, NULL, NULL),
(48615, 23089, NULL, NULL, 'Vista', NULL),
(48616, 23089, NULL, NULL, 'XP', NULL),
(48617, 23090, NULL, NULL, NULL, NULL),
(48618, 23091, NULL, NULL, NULL, NULL),
(48619, 23092, NULL, NULL, NULL, NULL),
(48620, 23093, NULL, NULL, NULL, NULL),
(48621, 23094, 'TNM', 'System', NULL, NULL),
(48622, 23094, 'TNM', NULL, NULL, NULL),
(48623, 23095, NULL, NULL, NULL, NULL),
(48624, 23096, NULL, NULL, NULL, NULL),
(48625, 23097, NULL, NULL, NULL, NULL),
(48626, 23097, NULL, NULL, NULL, NULL),
(48627, 23097, NULL, NULL, NULL, NULL),
(48628, 23097, NULL, NULL, NULL, NULL),
(48629, 23098, NULL, NULL, NULL, NULL),
(48630, 23098, NULL, NULL, NULL, NULL),
(48631, 23098, NULL, NULL, NULL, NULL),
(48632, 23099, NULL, NULL, NULL, NULL),
(48633, 23099, NULL, NULL, NULL, NULL),
(48634, 23100, NULL, NULL, NULL, NULL),
(48635, 23101, NULL, NULL, NULL, NULL),
(48636, 23102, NULL, NULL, 'Vista', NULL),
(48637, 23103, NULL, NULL, NULL, NULL),
(48638, 23104, NULL, NULL, NULL, NULL),
(48639, 23105, NULL, NULL, NULL, NULL),
(48640, 23105, NULL, NULL, NULL, NULL),
(48641, 23105, NULL, NULL, NULL, NULL),
(48642, 23106, NULL, NULL, NULL, NULL),
(48643, 23107, NULL, NULL, NULL, NULL),
(48644, 23107, NULL, NULL, NULL, NULL),
(48645, 23107, NULL, NULL, NULL, NULL),
(48646, 23107, NULL, NULL, NULL, NULL),
(48647, 23108, NULL, NULL, 'Vista', NULL),
(48648, 23108, NULL, NULL, 'XP', NULL),
(48649, 23109, NULL, NULL, NULL, NULL),
(48650, 23110, NULL, NULL, NULL, NULL),
(48651, 23111, NULL, NULL, NULL, NULL),
(48652, 23112, NULL, NULL, NULL, NULL),
(48653, 23112, NULL, NULL, NULL, NULL),
(48654, 23112, NULL, NULL, NULL, NULL),
(48655, 23112, NULL, NULL, NULL, NULL),
(48656, 23113, NULL, NULL, NULL, NULL),
(48657, 23113, NULL, NULL, NULL, NULL),
(48658, 23113, 'bshift', NULL, NULL, NULL),
(48659, 23114, NULL, NULL, NULL, NULL),
(48660, 23114, NULL, NULL, NULL, NULL),
(48661, 23114, 'gearbox', NULL, NULL, NULL),
(48662, 23115, NULL, NULL, NULL, NULL),
(48663, 23115, NULL, NULL, NULL, NULL),
(48664, 23115, NULL, NULL, NULL, NULL),
(48665, 23116, NULL, NULL, NULL, NULL),
(48666, 23116, NULL, NULL, NULL, NULL),
(48667, 23116, NULL, NULL, NULL, NULL),
(48668, 23116, NULL, NULL, NULL, NULL),
(48669, 23117, 'Defiance', NULL, NULL, NULL),
(48670, 23118, NULL, NULL, NULL, NULL),
(48671, 23118, NULL, NULL, NULL, NULL),
(48672, 23119, NULL, NULL, NULL, NULL),
(48673, 23119, NULL, NULL, NULL, NULL),
(48674, 23119, NULL, 'splash', NULL, NULL),
(48675, 23120, NULL, NULL, NULL, NULL),
(48676, 23121, NULL, NULL, NULL, NULL),
(48677, 23121, NULL, NULL, NULL, NULL),
(48678, 23122, 'mods\\americas', NULL, NULL, NULL),
(48679, 23123, 'mods\\british_isles', NULL, NULL, NULL),
(48680, 23124, 'mods\\crusades', NULL, NULL, NULL),
(48681, 23125, 'mods\\teutonic', NULL, NULL, NULL),
(48682, 23126, NULL, NULL, NULL, NULL),
(48683, 23127, NULL, NULL, NULL, NULL),
(48684, 23127, NULL, 'System', NULL, NULL),
(48685, 23127, 'ApocalypseWeekend', NULL, NULL, NULL),
(48686, 23128, NULL, NULL, NULL, NULL),
(48687, 23129, 'alexander', NULL, NULL, NULL),
(48688, 23129, 'alexander', NULL, NULL, NULL),
(48689, 23130, 'bi', NULL, NULL, NULL),
(48690, 23131, NULL, NULL, NULL, NULL),
(48691, 23132, NULL, NULL, NULL, NULL),
(48692, 23133, NULL, NULL, NULL, NULL),
(48693, 23133, NULL, NULL, NULL, NULL),
(48694, 23134, NULL, NULL, NULL, NULL),
(48695, 23135, NULL, NULL, NULL, NULL),
(48696, 23135, NULL, NULL, NULL, NULL),
(48697, 23135, NULL, NULL, NULL, NULL),
(48698, 23135, NULL, NULL, NULL, NULL),
(48699, 23136, NULL, NULL, NULL, NULL),
(48700, 23137, NULL, NULL, NULL, NULL),
(48701, 23138, NULL, NULL, NULL, NULL),
(48702, 23138, NULL, NULL, NULL, NULL),
(48703, 23139, NULL, NULL, NULL, NULL),
(48704, 23140, NULL, NULL, NULL, NULL),
(48705, 23141, NULL, NULL, NULL, NULL),
(48706, 23142, NULL, NULL, NULL, NULL),
(48707, 23142, NULL, NULL, NULL, NULL),
(48708, 23143, NULL, NULL, NULL, NULL),
(48709, 23144, NULL, NULL, NULL, NULL),
(48710, 23145, NULL, NULL, NULL, NULL),
(48711, 23146, NULL, NULL, NULL, NULL),
(48712, 23147, NULL, NULL, NULL, NULL),
(48713, 23148, NULL, NULL, NULL, NULL),
(48714, 23149, NULL, NULL, NULL, NULL),
(48715, 23150, NULL, NULL, NULL, NULL),
(48716, 23151, NULL, NULL, NULL, NULL),
(48717, 23152, NULL, NULL, NULL, NULL),
(48718, 23153, NULL, NULL, NULL, NULL),
(48719, 23154, NULL, NULL, NULL, NULL),
(48720, 23155, NULL, NULL, NULL, NULL),
(48721, 23156, NULL, NULL, NULL, NULL),
(48722, 23157, NULL, NULL, NULL, NULL),
(48723, 23158, NULL, NULL, NULL, NULL),
(48724, 23159, NULL, NULL, NULL, NULL),
(48725, 23160, NULL, NULL, NULL, NULL),
(48726, 23161, NULL, NULL, NULL, NULL),
(48727, 23162, NULL, NULL, NULL, NULL),
(48728, 23163, NULL, NULL, NULL, NULL),
(48729, 23164, NULL, NULL, NULL, NULL),
(48730, 23165, NULL, NULL, NULL, NULL),
(48731, 23166, NULL, NULL, NULL, 1),
(48732, 23166, NULL, NULL, NULL, NULL),
(48733, 23167, NULL, NULL, NULL, NULL),
(48734, 23168, NULL, NULL, NULL, NULL),
(48735, 23169, NULL, NULL, NULL, NULL),
(48736, 23170, NULL, NULL, NULL, NULL),
(48737, 23171, NULL, NULL, NULL, NULL),
(48738, 23172, NULL, NULL, NULL, NULL),
(48739, 23173, NULL, NULL, NULL, NULL),
(48740, 23174, NULL, NULL, NULL, NULL),
(48741, 23175, NULL, NULL, NULL, NULL),
(48742, 23176, NULL, NULL, NULL, NULL),
(48743, 23177, NULL, NULL, NULL, NULL),
(48744, 23178, NULL, NULL, NULL, NULL),
(48745, 23179, NULL, NULL, NULL, NULL),
(48746, 23180, NULL, NULL, NULL, NULL),
(48747, 23181, NULL, NULL, NULL, NULL),
(48748, 23182, NULL, NULL, NULL, NULL),
(48749, 23183, NULL, NULL, NULL, NULL),
(48750, 23184, NULL, NULL, NULL, NULL),
(48751, 23185, NULL, NULL, NULL, NULL),
(48752, 23186, NULL, NULL, NULL, NULL),
(48753, 23187, NULL, NULL, NULL, NULL),
(48754, 23188, NULL, NULL, NULL, NULL),
(48755, 23189, NULL, NULL, NULL, NULL),
(48756, 23190, NULL, NULL, NULL, NULL),
(48757, 23191, NULL, NULL, NULL, NULL),
(48758, 23192, NULL, NULL, NULL, NULL),
(48759, 23192, NULL, NULL, NULL, NULL),
(48760, 23192, NULL, 'ScummVM', NULL, NULL),
(48761, 23192, NULL, NULL, NULL, NULL),
(48762, 23193, NULL, NULL, NULL, NULL),
(48763, 23193, NULL, NULL, NULL, NULL),
(48764, 23193, NULL, 'ScummVM', NULL, NULL),
(48765, 23193, NULL, NULL, NULL, NULL),
(48766, 23194, NULL, NULL, NULL, NULL),
(48767, 23194, NULL, NULL, NULL, NULL),
(48768, 23194, NULL, 'ScummVM', NULL, NULL),
(48769, 23194, NULL, NULL, NULL, NULL),
(48770, 23195, NULL, NULL, NULL, NULL),
(48771, 23195, NULL, NULL, NULL, NULL),
(48772, 23195, NULL, 'ScummVM', NULL, NULL),
(48773, 23195, NULL, NULL, NULL, NULL),
(48774, 23196, NULL, NULL, NULL, NULL),
(48775, 23197, NULL, NULL, NULL, NULL),
(48776, 23197, NULL, NULL, NULL, NULL),
(48777, 23197, 'Gobliins2', 'ScummVM', NULL, NULL),
(48778, 23198, NULL, NULL, NULL, NULL),
(48779, 23198, NULL, NULL, NULL, NULL),
(48780, 23198, 'Gobliins2 Floppy', 'ScummVM', NULL, NULL),
(48781, 23199, NULL, NULL, NULL, NULL),
(48782, 23199, NULL, NULL, NULL, NULL),
(48783, 23199, 'Goblins3', 'ScummVM', NULL, NULL),
(48784, 23200, NULL, NULL, NULL, NULL),
(48785, 23200, NULL, NULL, NULL, NULL),
(48786, 23200, 'Goblins3 Floppy', 'ScummVM', NULL, NULL),
(48787, 23201, NULL, NULL, NULL, NULL),
(48788, 23202, NULL, NULL, NULL, NULL),
(48789, 23203, NULL, NULL, NULL, NULL),
(48790, 23204, NULL, NULL, NULL, NULL),
(48791, 23205, NULL, NULL, NULL, NULL),
(48792, 23206, NULL, NULL, NULL, NULL),
(48793, 23207, NULL, NULL, NULL, NULL),
(48794, 23207, NULL, NULL, NULL, NULL),
(48795, 23207, NULL, NULL, NULL, NULL),
(48796, 23207, NULL, NULL, NULL, NULL),
(48797, 23208, NULL, NULL, NULL, NULL),
(48798, 23209, NULL, NULL, NULL, NULL),
(48799, 23210, NULL, NULL, NULL, NULL),
(48800, 23210, NULL, NULL, NULL, NULL),
(48801, 23210, NULL, 'ScummVM', NULL, NULL),
(48802, 23210, NULL, NULL, NULL, NULL),
(48803, 23211, NULL, NULL, NULL, NULL),
(48804, 23211, NULL, NULL, NULL, NULL),
(48805, 23211, NULL, 'ScummVM', NULL, NULL),
(48806, 23211, NULL, NULL, NULL, NULL),
(48807, 23212, NULL, NULL, NULL, NULL),
(48808, 23213, NULL, NULL, NULL, NULL),
(48809, 23214, NULL, NULL, NULL, NULL),
(48810, 23215, NULL, NULL, NULL, NULL),
(48811, 23216, NULL, NULL, NULL, NULL),
(48812, 23396, NULL, NULL, NULL, NULL),
(48813, 23397, NULL, NULL, NULL, NULL),
(48814, 23398, NULL, NULL, NULL, NULL),
(48815, 23399, NULL, NULL, NULL, NULL),
(48816, 23399, NULL, NULL, NULL, NULL),
(48817, 23400, NULL, NULL, NULL, NULL),
(48818, 23400, NULL, NULL, NULL, NULL),
(48819, 23401, NULL, NULL, NULL, NULL),
(48820, 23402, NULL, NULL, NULL, NULL),
(48821, 23403, NULL, NULL, NULL, NULL),
(48822, 23403, NULL, NULL, NULL, NULL),
(48823, 23404, NULL, NULL, NULL, NULL),
(48824, 23405, NULL, NULL, NULL, NULL),
(48825, 23405, 'INDARK', NULL, NULL, NULL),
(48826, 23405, 'INDARK', 'DOSBOX', NULL, NULL),
(48827, 23406, NULL, NULL, NULL, NULL),
(48828, 23406, 'INDARK2', NULL, NULL, NULL),
(48829, 23406, 'INDARK2', 'DOSBOX', NULL, NULL),
(48830, 23407, NULL, NULL, NULL, NULL),
(48831, 23407, 'INDARK3', NULL, NULL, NULL),
(48832, 23407, 'INDARK3', 'DOSBOX', NULL, NULL),
(48833, 23408, NULL, NULL, NULL, NULL),
(48834, 23408, NULL, NULL, NULL, NULL),
(48835, 23408, 'Beyond Zork', 'DOSBOX', NULL, NULL),
(48836, 23409, NULL, NULL, NULL, NULL),
(48837, 23409, NULL, NULL, NULL, NULL),
(48838, 23410, NULL, NULL, NULL, NULL),
(48839, 23410, NULL, NULL, NULL, NULL),
(48840, 23410, 'Crystals of Arborea', 'DOSBOX', NULL, NULL),
(48841, 23411, NULL, NULL, NULL, NULL),
(48842, 23411, NULL, NULL, NULL, NULL),
(48843, 23411, NULL, NULL, NULL, NULL),
(48844, 23411, NULL, NULL, NULL, NULL),
(48845, 23412, NULL, NULL, NULL, NULL),
(48846, 23412, NULL, NULL, NULL, NULL),
(48847, 23412, 'Deus', 'DOSBOX', NULL, NULL),
(48848, 23413, NULL, NULL, NULL, NULL),
(48849, 23413, 'DRAGON', NULL, NULL, NULL),
(48850, 23413, 'DRAGON', 'DOSBOX', NULL, NULL),
(48851, 23414, NULL, NULL, NULL, NULL),
(48852, 23415, NULL, NULL, NULL, NULL),
(48853, 23416, NULL, NULL, NULL, NULL),
(48854, 23416, NULL, NULL, NULL, NULL),
(48855, 23416, 'Ishar - Legend of the Fortress', 'DOSBOX', NULL, NULL),
(48856, 23417, NULL, NULL, NULL, NULL),
(48857, 23417, NULL, NULL, NULL, NULL),
(48858, 23417, 'Ishar 2 - Messengers of Doom', 'DOSBOX', NULL, NULL),
(48859, 23418, NULL, NULL, NULL, NULL),
(48860, 23418, NULL, NULL, NULL, NULL),
(48861, 23418, 'Ishar 3 - The Seven Gates of Infinity', 'DOSBOX', NULL, NULL),
(48862, 23419, NULL, NULL, NULL, NULL),
(48863, 23419, 'JACK', NULL, NULL, NULL),
(48864, 23419, 'JACK', 'DOSBOX', NULL, NULL),
(48865, 23420, NULL, NULL, NULL, NULL),
(48866, 23420, NULL, NULL, NULL, NULL),
(48867, 23420, 'Kings Quest 1', 'DOSBOX', NULL, NULL),
(48868, 23421, NULL, NULL, NULL, NULL),
(48869, 23421, NULL, NULL, NULL, NULL),
(48870, 23421, 'Kings Quest 2', 'DOSBOX', NULL, NULL),
(48871, 23422, NULL, NULL, NULL, NULL),
(48872, 23422, NULL, NULL, NULL, NULL),
(48873, 23422, 'Kings Quest 3', 'DOSBOX', NULL, NULL),
(48874, 23423, NULL, NULL, NULL, NULL),
(48875, 23423, NULL, NULL, NULL, NULL),
(48876, 23423, 'Kings Quest 4', 'DOSBOX', NULL, NULL),
(48877, 23424, NULL, NULL, NULL, NULL),
(48878, 23424, NULL, NULL, NULL, NULL),
(48879, 23424, 'Kings Quest 5', 'DOSBOX', NULL, NULL),
(48880, 23425, NULL, NULL, NULL, NULL),
(48881, 23425, NULL, NULL, NULL, NULL),
(48882, 23425, 'Kings Quest 6', 'DOSBOX', NULL, NULL),
(48883, 23426, NULL, NULL, NULL, NULL),
(48884, 23426, NULL, NULL, NULL, NULL),
(48885, 23426, 'KQ7', 'DOSBOX', NULL, NULL),
(48886, 23427, NULL, NULL, NULL, NULL),
(48887, 23427, NULL, NULL, NULL, NULL),
(48888, 23427, NULL, 'DOSBOX', NULL, NULL),
(48889, 23428, NULL, NULL, NULL, NULL),
(48890, 23428, NULL, NULL, NULL, NULL),
(48891, 23428, NULL, 'DOSBOX', NULL, NULL),
(48892, 23429, NULL, NULL, NULL, NULL),
(48893, 23429, NULL, NULL, NULL, NULL),
(48894, 23429, NULL, 'DOSBOX', NULL, NULL),
(48895, 23430, NULL, NULL, NULL, NULL),
(48896, 23430, NULL, NULL, NULL, NULL),
(48897, 23430, 'Martian Memorandum', 'DOSBOX', NULL, NULL),
(48898, 23431, NULL, NULL, NULL, NULL),
(48899, 23431, NULL, NULL, NULL, NULL),
(48900, 23431, NULL, 'DOSBOX', NULL, NULL),
(48901, 23432, NULL, NULL, NULL, NULL),
(48902, 23432, NULL, NULL, NULL, NULL),
(48903, 23432, NULL, NULL, NULL, NULL),
(48904, 23433, NULL, NULL, NULL, NULL),
(48905, 23433, NULL, NULL, NULL, NULL),
(48906, 23433, 'Mean Streets', 'DOSBOX', NULL, NULL),
(48907, 23434, NULL, NULL, NULL, NULL),
(48908, 23434, NULL, NULL, NULL, NULL),
(48909, 23434, 'Megarace', 'DOSBOX', NULL, NULL),
(48910, 23435, NULL, NULL, NULL, NULL),
(48911, 23435, NULL, NULL, NULL, NULL),
(48912, 23435, 'Megarace 2', 'DOSBOX', NULL, NULL),
(48913, 23436, NULL, NULL, NULL, NULL),
(48914, 23436, NULL, NULL, NULL, NULL),
(48915, 23436, 'Normality', 'DOSBOX', NULL, NULL),
(48916, 23437, NULL, NULL, NULL, NULL),
(48917, 23437, NULL, NULL, NULL, NULL),
(48918, 23437, NULL, 'DOSBOX', NULL, NULL),
(48919, 23438, NULL, NULL, NULL, NULL),
(48920, 23438, NULL, NULL, NULL, NULL),
(48921, 23438, NULL, 'DOSBOX', NULL, NULL),
(48922, 23439, NULL, NULL, NULL, NULL),
(48923, 23439, NULL, NULL, NULL, NULL),
(48924, 23439, NULL, 'DOSBOX', NULL, NULL),
(48925, 23440, NULL, NULL, NULL, NULL),
(48926, 23440, NULL, NULL, NULL, NULL),
(48927, 23440, NULL, 'DOSBOX', NULL, NULL),
(48928, 23441, NULL, NULL, NULL, NULL),
(48929, 23441, NULL, NULL, NULL, NULL),
(48930, 23441, 'Planetfall', 'DOSBOX', NULL, NULL),
(48931, 23442, NULL, NULL, NULL, NULL),
(48932, 23442, NULL, NULL, NULL, NULL),
(48933, 23442, 'RayFan', 'DOSBOX', NULL, NULL),
(48934, 23443, NULL, NULL, NULL, NULL),
(48935, 23443, NULL, NULL, NULL, NULL),
(48936, 23443, 'Rayman', 'DOSBOX', NULL, NULL),
(48937, 23444, NULL, NULL, NULL, NULL),
(48938, 23444, 'ROTH', NULL, NULL, NULL),
(48939, 23444, 'ROTH', 'DOSBOX', NULL, NULL),
(48940, 23445, NULL, NULL, NULL, NULL),
(48941, 23445, NULL, NULL, NULL, NULL),
(48942, 23445, 'Redneck Rampage', 'DOSBOX', NULL, NULL),
(48943, 23446, NULL, NULL, NULL, NULL),
(48944, 23446, NULL, NULL, NULL, NULL),
(48945, 23446, NULL, 'DOSBOX', NULL, NULL),
(48946, 23447, NULL, NULL, NULL, NULL),
(48947, 23447, NULL, NULL, NULL, NULL),
(48948, 23447, 'Robinsons Requiem', 'DOSBOX', NULL, NULL),
(48949, 23448, NULL, NULL, NULL, NULL),
(48950, 23449, NULL, NULL, NULL, NULL),
(48951, 23449, NULL, NULL, NULL, NULL),
(48952, 23449, NULL, 'DOSBOX', NULL, NULL),
(48953, 23450, NULL, NULL, NULL, NULL),
(48954, 23450, NULL, NULL, NULL, NULL),
(48955, 23450, NULL, NULL, NULL, NULL),
(48956, 23451, NULL, NULL, NULL, NULL),
(48957, 23451, NULL, NULL, NULL, NULL),
(48958, 23451, NULL, NULL, NULL, NULL),
(48959, 23452, NULL, NULL, NULL, NULL),
(48960, 23452, NULL, NULL, NULL, NULL),
(48961, 23452, NULL, NULL, NULL, NULL),
(48962, 23453, NULL, NULL, NULL, NULL),
(48963, 23453, NULL, NULL, NULL, NULL),
(48964, 23453, 'Space Quest 4', 'DOSBOX', NULL, NULL),
(48965, 23454, NULL, NULL, NULL, NULL),
(48966, 23454, NULL, NULL, NULL, NULL),
(48967, 23454, 'Space Quest 5', 'DOSBOX', NULL, NULL),
(48968, 23455, NULL, NULL, NULL, NULL),
(48969, 23455, NULL, NULL, NULL, NULL),
(48970, 23455, 'Space Quest 6', 'DOSBOX', NULL, NULL),
(48971, 23456, NULL, NULL, NULL, NULL),
(48972, 23456, NULL, NULL, NULL, NULL),
(48973, 23456, 'Star Control 1', 'DOSBOX', NULL, NULL),
(48974, 23457, NULL, NULL, NULL, NULL),
(48975, 23457, NULL, NULL, NULL, NULL),
(48976, 23457, 'Star Control 2', 'DOSBOX', NULL, NULL),
(48977, 23458, NULL, NULL, NULL, NULL),
(48978, 23458, 'STARCON3', NULL, NULL, NULL),
(48979, 23458, 'STARCON3', 'DOSBOX', NULL, NULL),
(48980, 23459, NULL, NULL, NULL, NULL),
(48981, 23459, 'STARFLT', NULL, NULL, NULL),
(48982, 23459, 'Starflight 1\\STARFLT', 'DOSBOX', NULL, NULL),
(48983, 23460, NULL, NULL, NULL, NULL),
(48984, 23460, NULL, NULL, NULL, NULL),
(48985, 23460, 'Starflight 2', 'DOSBOX', NULL, NULL),
(48986, 23461, NULL, NULL, NULL, NULL),
(48987, 23462, NULL, NULL, NULL, NULL),
(48988, 23463, NULL, NULL, NULL, NULL),
(48989, 23463, NULL, NULL, NULL, NULL),
(48990, 23463, NULL, 'DOSBOX', NULL, NULL),
(48991, 23464, NULL, NULL, NULL, NULL),
(48992, 23464, NULL, NULL, NULL, NULL),
(48993, 23464, NULL, 'DOSBOX', NULL, NULL),
(48994, 23465, NULL, NULL, NULL, NULL),
(48995, 23465, NULL, NULL, NULL, NULL),
(48996, 23465, 'WC', 'DOSBOX', NULL, NULL),
(48997, 23466, NULL, NULL, NULL, NULL),
(48998, 23466, NULL, NULL, NULL, NULL),
(48999, 23466, 'WC2', 'DOSBOX', NULL, NULL),
(49000, 23467, NULL, NULL, NULL, NULL),
(49001, 23467, NULL, NULL, NULL, NULL),
(49002, 23467, NULL, 'DOSBOX', NULL, NULL),
(49003, 23468, NULL, NULL, NULL, NULL),
(49004, 23468, NULL, NULL, NULL, NULL),
(49005, 23468, NULL, 'DOSBOX', NULL, NULL),
(49006, 23469, NULL, NULL, NULL, NULL),
(49007, 23469, NULL, NULL, NULL, NULL),
(49008, 23469, 'Zero Zork', 'DOSBOX', NULL, NULL),
(49009, 23470, NULL, NULL, NULL, NULL),
(49010, 23470, NULL, NULL, NULL, NULL),
(49011, 23470, 'Zork', 'DOSBOX', NULL, NULL),
(49012, 23471, NULL, NULL, NULL, NULL),
(49013, 23471, NULL, NULL, NULL, NULL),
(49014, 23471, 'Zork 2', 'DOSBOX', NULL, NULL),
(49015, 23472, NULL, NULL, NULL, NULL),
(49016, 23472, NULL, NULL, NULL, NULL),
(49017, 23472, 'Zork 3', 'DOSBOX', NULL, NULL),
(49018, 23473, NULL, NULL, NULL, NULL),
(49019, 23473, NULL, NULL, NULL, NULL),
(49020, 23473, NULL, 'DOSBOX', NULL, NULL),
(49021, 23474, NULL, NULL, NULL, NULL),
(49022, 23474, NULL, NULL, NULL, NULL),
(49023, 23474, 'Redneck Rides Again', 'DOSBOX', NULL, NULL),
(49024, 23475, NULL, NULL, NULL, NULL),
(49025, 23476, NULL, NULL, NULL, NULL),
(49026, 23477, NULL, NULL, NULL, NULL),
(49027, 23478, NULL, NULL, NULL, NULL),
(49028, 23479, NULL, NULL, NULL, NULL),
(49029, 23480, NULL, NULL, NULL, NULL),
(49030, 23481, NULL, NULL, NULL, NULL),
(49031, 23482, NULL, NULL, NULL, NULL),
(49032, 23483, NULL, NULL, NULL, NULL);

-- --------------------------------------------------------

--
-- Table structure for table `game_location_parents`
--

CREATE TABLE IF NOT EXISTS `game_location_parents` (
  `id` bigint(20) NOT NULL,
  `parent_game_version` bigint(20) NOT NULL,
  PRIMARY KEY (`id`),
  KEY `parent_game_version` (`parent_game_version`)
) ENGINE=InnoDB DEFAULT CHARSET=utf8;

--
-- Dumping data for table `game_location_parents`
--

INSERT INTO `game_location_parents` (`id`, `parent_game_version`) VALUES
(48622, 22556),
(48816, 22637),
(48650, 22651),
(48651, 22651),
(48669, 22707),
(48677, 22764),
(48678, 22766),
(48679, 22766),
(48680, 22766),
(48681, 22766),
(48685, 22836),
(48686, 22856),
(48688, 22882),
(48689, 22882),
(49024, 23462);

-- --------------------------------------------------------

--
-- Table structure for table `game_location_paths`
--

CREATE TABLE IF NOT EXISTS `game_location_paths` (
  `id` bigint(20) NOT NULL,
  `ev` varchar(50) NOT NULL,
  `path` longtext NOT NULL,
  PRIMARY KEY (`id`),
  KEY `ev` (`ev`)
) ENGINE=InnoDB DEFAULT CHARSET=utf8;

--
-- Dumping data for table `game_location_paths`
--

INSERT INTO `game_location_paths` (`id`, `ev`, `path`) VALUES
(47257, 'userdocuments', '18 WoS Extreme Trucker'),
(47258, 'userdocuments', '25 to Life'),
(47259, 'steamcommon', '4x4 hummer'),
(47260, 'installlocation', '7554'),
(47263, 'localappdata', 'AaaaaRecklessDisregard'),
(47264, 'steamcommon', 'advent rising'),
(47265, 'installlocation', 'GOG.com\\Advent Rising'),
(47269, 'userdocuments', 'My Games\\Afterfall InSanity'),
(47270, 'installlocation', 'Microsoft Games\\Age of Empires II'),
(47273, 'userdocuments', 'My Games\\Age of Empires 3'),
(47274, 'installlocation', 'Microsoft Games\\Age of Mythology'),
(47277, 'installlocation', 'Triumph Studios\\Age of Wonders'),
(47278, 'installlocation', 'GOG.com\\Age of Wonders'),
(47283, 'userdocuments', 'My Games\\A.I.M. Racing'),
(47284, 'userdocuments', 'Remedy\\AlanWake_GOG_Version'),
(47285, 'userdocuments', 'Remedy\\AmericanNightmare_GOG_Version'),
(47286, 'installlocation', 'EA GAMES\\American McGee''s Alice'),
(47288, 'userdocuments', 'My Games\\Alice Madness Returns'),
(47289, 'userdocuments', 'My Games\\UnrealEngine3\\AlienBreed2AssaultGame'),
(47290, 'userdocuments', 'My Games\\UnrealEngine3\\AlienBreed3DescentGame'),
(47291, 'userdocuments', 'My Games\\UnrealEngine3\\AlienBreedEp1Game'),
(47292, 'userdocuments', 'AlienShooter2 Reloaded Saves'),
(47293, 'userdocuments', 'AlienShooter2 Saves'),
(47294, 'installlocation', 'Fox\\Aliens vs. Predator 2'),
(47298, 'localappdata', 'AliensVsPredator'),
(47299, 'installlocation', 'GOG.com\\Alone in the Dark - The New Nightmare'),
(47302, 'installlocation', 'Firaxis Games\\Sid Meier''s Alpha Centauri'),
(47303, 'installlocation', 'GOGcom\\Sid Meiers Alpha Centauri'),
(47304, 'installlocation', 'GOG.com\\Sid Meiers Alpha Centauri'),
(47308, 'userdocuments', 'Alpha Protocol'),
(47309, 'installlocation', 'GOG.com\\AmerZone'),
(47315, 'userdocuments', 'Amnesia'),
(47316, 'installlocation', 'Anachronox'),
(47319, 'installlocation', 'Angels Online'),
(47322, 'appdata', 'Rovio\\Angry Birds Space'),
(47323, 'userdocuments', 'Anno 1404'),
(47324, 'steamcommon', 'apb reloaded'),
(47325, 'installlocation', 'GamersFirst\\APB Reloaded'),
(47328, 'appdata', 'AquaNox'),
(47329, 'userdocuments', 'AquaNox2'),
(47330, 'installlocation', 'Aquaria'),
(47331, 'steamcommon', 'aquaria'),
(47334, 'userdocuments', 'ArcaniA - AddOn'),
(47335, 'userdocuments', 'ArcaniA - Gothic 4'),
(47336, 'installlocation', 'GOG.com\\Arcanum'),
(47341, 'userdocuments', 'ARES'),
(47342, 'userdocuments', 'ArmA 2'),
(47343, 'userdocuments', 'ArmA'),
(47344, 'public', 'Documents\\City Interactive\\Armed Forces Corps'),
(47345, 'installlocation', 'GOG.com\\Arx Fatalis'),
(47349, 'appdata', 'Ubisoft\\Assassin''s Creed'),
(47350, 'savedgames', 'Assassin''s Creed Brotherhood'),
(47351, 'appdata', 'AtomZombieData'),
(47352, 'steamcommon', 'audiosurf'),
(47353, 'userdocuments', 'Spiderweb Software'),
(47354, 'userdocuments', 'My Games\\Avatar'),
(47355, 'installlocation', 'Avencast'),
(47358, 'installlocation', 'Hasbro Interactive\\Axis and Allies'),
(47361, 'userdocuments', 'Telltale Games\\Episode 1'),
(47362, 'userdocuments', 'Telltale Games\\Episode 2'),
(47363, 'userdocuments', 'Telltale Games\\Episode 3'),
(47364, 'userdocuments', 'Telltale Games\\back to the future 104'),
(47365, 'userdocuments', 'Telltale Games\\Episode 5'),
(47366, 'installlocation', 'GOG.com\\Baldurs Gate'),
(47370, 'installlocation', 'GOG.com\\Baldurs Gate II'),
(47374, 'userdocuments', 'My Games\\The Ball'),
(47375, 'savedgames', 'Bastion'),
(47376, 'userdocuments', 'Eidos\\Batman Arkham Asylum'),
(47377, 'userdocuments', 'Square Enix\\Batman Arkham Asylum GOTY'),
(47378, 'userdocuments', 'WB Games\\Batman Arkham City'),
(47379, 'installlocation', 'B.A.D Battle Armor Division'),
(47381, 'userdocuments', 'Battlefield 3'),
(47382, 'userdocuments', 'BFBC2'),
(47383, 'appdata', 'My Battle for Middle-earth(tm) II Files'),
(47384, 'userdocuments', 'BattleLA Saves'),
(47385, 'installlocation', 'Beach Life'),
(47388, 'allusersprofile', 'Steam\\Bejeweled2'),
(47389, 'steamcommon', 'bejeweled 2 deluxe'),
(47390, 'allusersprofile', 'Steam\\Bejeweled'),
(47391, 'allusersprofile', 'PopCapGames\\Bejeweled'),
(47392, 'steamcommon', 'bejeweled deluxe'),
(47394, 'installlocation', 'Ben There Dan That'),
(47395, 'steamcommon', 'ben there, dan that!'),
(47398, 'installlocation', 'Bet on Soldier'),
(47401, 'installlocation', 'GOG.com\\Beyond Good and Evil'),
(47402, 'installlocation', 'Ubisoft\\Beyond Good & Evil'),
(47403, 'steamcommon', 'beyond good and evil'),
(47408, 'steamcommon', 'bionic commando rearmed'),
(47409, 'userdocuments', 'Bioshock'),
(47410, 'userdocuments', 'Bioshock2'),
(47411, 'installlocation', 'Games\\Black And White'),
(47413, 'userdocuments', 'My Games\\Blacklight-Tango Down'),
(47415, 'userdocuments', 'BlackMirror2'),
(47416, 'steamcommon', 'blackwell convergence\\Saves'),
(47417, 'savedgames', 'Blackwell Convergence'),
(47418, 'userdocuments', 'My Saved Games\\Blackwell Convergence'),
(47419, 'savedgames', 'Blackwell Deception'),
(47420, 'userdocuments', 'My Saved Games\\Blackwell Deception'),
(47421, 'steamcommon', 'blackwell legacy\\Saves'),
(47422, 'savedgames', 'Blackwell Legacy v1.7'),
(47423, 'userdocuments', 'My Saved Games\\Blackwell Legacy v1.7'),
(47424, 'steamcommon', 'blackwell unbound\\Saves'),
(47425, 'savedgames', 'Blackwell Unbound'),
(47426, 'userdocuments', 'My Saved Games\\Blackwell Unbound'),
(47427, 'installlocation', 'WESTWOOD\\BLADE'),
(47429, 'installlocation', 'GOG.com\\Blood II'),
(47433, 'userdocuments', 'BloodBowl'),
(47434, 'userdocuments', 'BloodBowlLegendary'),
(47435, 'installlocation', 'GOG.com\\BloodRayne 1'),
(47439, 'installlocation', 'GOG.com\\BloodRayne 2'),
(47442, 'localappdata', 'bizarre creations\\blood stone'),
(47443, 'allusersprofile', 'Steam\\WinBAD'),
(47444, 'steamcommon', 'bookworm adventures deluxe'),
(47445, 'userdocuments', 'My Games\\Borderlands'),
(47446, 'appdata', 'Braid'),
(47447, 'userdocuments', 'SavedGames\\BoDVIIPC\\Breath of Death VII'),
(47448, 'userdocuments', 'Broken Sword II - Remastered'),
(47449, 'installlocation', 'GOG.com\\Broken Sword - The Sleeping Dragon'),
(47452, 'userdocuments', 'Broken Sword - The Angel of Death'),
(47453, 'userdocuments', 'Broken Sword - Director''s Cut'),
(47454, 'userdocuments', 'My Games\\BulletStorm\\StormGame'),
(47455, 'userdocuments', 'Bully Scholarship Edition'),
(47456, 'localappdata', 'Criterion Games\\Burnout Paradise'),
(47457, 'userdocuments', 'Bethesda\\Call of Cthulhu'),
(47458, 'steamcommon', 'call of duty'),
(47459, 'steamcommon', 'call of duty 2'),
(47460, 'installlocation', 'Activision\\Call of Duty 4 - Modern Warfare'),
(47461, 'steamcommon', 'call of duty 4'),
(47464, 'steamcommon', 'call of duty black ops'),
(47465, 'installlocation', 'Call of Duty - Black Ops'),
(47468, 'steamcommon', 'call of duty modern warfare 2'),
(47469, 'steamcommon', 'call of duty modern warfare 3'),
(47470, 'steamcommon', 'call of duty\\uo'),
(47471, 'localappdata', 'Activision\\CoDWaW'),
(47472, 'userdocuments', 'Call of Juarez - Bound in Blood'),
(47473, 'steamcommon', 'capsized'),
(47474, 'installlocation', 'Infogrames\\Carnivores Cityscape'),
(47477, 'userdocuments', 'Ceville'),
(47478, 'steamcommon', 'chaser'),
(47479, 'installlocation', 'GOG.com\\Chaser'),
(47483, 'appdata', 'Chime'),
(47484, 'steamcommon', 'chrome'),
(47485, 'steamcommon', 'chrome specforce'),
(47486, 'appdata', 'Atari\\The Chronicles of Riddick - Assault on Dark Athena'),
(47487, 'appdata', 'Starbreeze\\Riddick'),
(47488, 'userdocuments', 'Cities In Motion'),
(47489, 'installlocation', 'Sid Meier''s Civilization Chronicles\\Sid Meier''s Civilization'),
(47491, 'installlocation', 'Sid Meier''s Civilization Chronicles\\Sid Meier''s Civilization II Multiplayer Gold'),
(47493, 'installlocation', 'Sid Meier''s Civilization Chronicles\\Civilization II Test of Time'),
(47495, 'installlocation', 'Firaxis Games\\Civilization III Complete'),
(47497, 'userdocuments', 'My Games\\Sid Meier''s Civilization 4'),
(47498, 'userdocuments', 'My Games\\Sid Meier''s Civilization IV Colonization'),
(47499, 'userdocuments', 'My Games\\Sid Meier''s Civilization 5'),
(47500, 'steamcommon', 'classic car racing'),
(47501, 'userdocuments', 'My Games\\Clutch'),
(47502, 'installlocation', 'COLWIN'),
(47503, 'savedgames', 'Command & Conquer 3 Tiberium Wars'),
(47504, 'savedgames', 'Command and Conquer 4'),
(47505, 'savedgames', 'Red Alert 3'),
(47506, 'userdocuments', 'My Games\\Company of Heroes'),
(47507, 'public', 'Documents\\Monolith Productions\\Condemned'),
(47508, 'allusersprofile', 'Documents\\Monolith Productions\\Condemned'),
(47509, 'appdata', 'CorsixTH'),
(47510, 'steamuser', 'condition zero\\czero'),
(47512, 'appdata', 'Crayon Physics Deluxe'),
(47513, 'steamcommon', 'cryostasis'),
(47514, 'installlocation', 'GOG.com\\Cryostasis'),
(47517, 'userdocuments', 'My Games\\Crysis'),
(47518, 'savedgames', 'Crysis2'),
(47519, 'userdocuments', 'My Games\\Crysis_WARHEAD'),
(47520, 'userdocuments', 'My Games\\Crysis Wars'),
(47521, 'steamcommon', 'csi hard evidence'),
(47523, 'appdata', 'Ubisoft\\Legacy\\CSI'),
(47524, 'userdocuments', 'SavedGames\\CSTW\\Cthulhu Saves the World'),
(47525, 'localappdata', 'Deep Silver\\Cursed Mountain'),
(47526, 'userdocuments', 'Cyberstorm'),
(47527, 'altsavepaths', ''),
(47528, 'userdocuments', 'Cyberstorm 2'),
(47529, 'altsavepaths', ''),
(47530, 'installlocation', 'Eidos Interactive\\Daikatana'),
(47532, 'steamcommon', 'dangerous high school girls in trouble'),
(47533, 'installlocation', 'Darkest of Days'),
(47536, 'userdocuments', 'Dark Fall 2'),
(47537, 'userdocuments', 'Dark Fall'),
(47538, 'installlocation', 'Paradox Interactive\\Dark Horizon'),
(47541, 'steamuser', 'dark messiah might and magic single player'),
(47543, 'appdata', 'DarknessII'),
(47544, 'installlocation', 'Iceberg Interactive\\Darkness Within'),
(47547, 'installlocation', 'Iceberg Interactive\\Darkness Within 2'),
(47550, 'appdata', 'Dark Sector'),
(47551, 'userdocuments', 'My Games\\Darksiders'),
(47552, 'appdata', 'DarksporeData'),
(47553, 'userdocuments', 'Ascaron Entertainment\\Darkstar One'),
(47554, 'installlocation', 'Delphine Software\\Darkstone'),
(47557, 'userdocuments', 'My Games\\Airtight\\Dark Void'),
(47558, 'savedgames', 'Darwinia'),
(47559, 'userdocuments', 'My Games\\Dead Rising 2'),
(47560, 'userdocuments', 'Electronic Arts\\Dead Space'),
(47561, 'userdocuments', 'EA Games\\Dead Space 2'),
(47562, 'userdocuments', 'My Games\\Smersh_MT'),
(47563, 'userdocuments', 'Skyfallen Entertaiment\\DeathTrack'),
(47564, 'userdocuments', 'DeepBlackReloaded'),
(47565, 'installlocation', 'GOG.com\\Demon Stone'),
(47568, 'userdocuments', 'DepthHunter'),
(47569, 'installlocation', 'GAMES\\DESCENT2'),
(47570, 'installlocation', 'GOG.com\\Descent and Descent 2\\Descent 2'),
(47575, 'installlocation', 'Games\\Descent3'),
(47576, 'installlocation', 'GOG.com\\Descent 3'),
(47579, 'installlocation', 'Games\\FreeSpace'),
(47580, 'installlocation', 'GOG.com\\Freespace'),
(47583, 'installlocation', 'Infogrames\\Desperados'),
(47585, 'userdocuments', 'Cooper''s Revenge'),
(47586, 'installlocation', 'DeusEx'),
(47587, 'installlocation', 'GOG.com\\Deus Ex'),
(47588, 'steamcommon', 'deus ex'),
(47593, 'userdocuments', 'Deus Ex - Invisible War'),
(47594, 'installlocation', 'Diablo'),
(47598, 'installlocation', 'Diablo II'),
(47600, 'steamcommon', 'dinner date'),
(47601, 'steamcommon', 'dirt'),
(47602, 'userdocuments', 'My Games\\DiRT2'),
(47603, 'userdocuments', 'My Games\\DiRT3'),
(47604, 'userdocuments', 'My Games\\DisciplesIII'),
(47605, 'localappdata', 'Divinity 2'),
(47606, 'appdata', 'DocClockGame'),
(47607, 'installlocation', 'DOOM Collector''s Edition\\Ultimate Doom'),
(47608, 'installlocation', 'DOOM Collector''s Edition\\Doom2'),
(47609, 'installlocation', 'DOOM 3'),
(47611, 'savedgames', 'Downfall'),
(47612, 'userdocuments', 'BioWare\\Dragon Age 2'),
(47613, 'userdocuments', 'BioWare\\Dragon Age'),
(47614, 'installlocation', 'GOG.com\\Dragonshard'),
(47617, 'installlocation', 'Micro Application\\Dreamfall'),
(47618, 'installlocation', 'Dreamfall the Longest Journey'),
(47619, 'steamcommon', 'dreamfall the longest journey'),
(47624, 'userdocuments', 'Aspyr\\Dreamkiller'),
(47625, 'installlocation', 'Atari\\DRIV3R'),
(47626, 'userdocuments', 'My Games\\Driver Parallel Lines'),
(47627, 'userdocuments', 'Ubisoft\\Driver San Francisco'),
(47628, 'userdocuments', 'My Games\\MOB'),
(47629, 'installlocation', 'Bullfrog\\Keeper'),
(47630, 'installlocation', 'GOG.com\\Dungeon Keeper'),
(47635, 'installlocation', 'Bullfrog\\Dungeon Keeper II'),
(47636, 'userdocuments', 'My Games\\Daggerdale\\DnDGame'),
(47637, 'userdocuments', 'My Games\\Dungeon Siege III'),
(47638, 'userdocuments', 'Gaslamp Games\\Dungeons of Dredmor'),
(47639, 'installlocation', 'GOG.com\\Earth 2140'),
(47643, 'installlocation', 'GOG.com\\Earth 2150 Trilogy\\Escape from the Blue Planet'),
(47647, 'installlocation', 'GOG.com\\Earth 2150 Trilogy\\Lost Souls'),
(47651, 'installlocation', 'GOG.com\\Earth 2150 Trilogy\\The Moon Project'),
(47655, 'userdocuments', 'Earth 2160'),
(47656, 'installlocation', 'GOG.com\\Earthworm Jim 3D'),
(47660, 'steamcommon', 'eets'),
(47661, 'installlocation', 'Bethesda Softworks\\Morrowind'),
(47662, 'steamcommon', 'morrowind'),
(47665, 'userdocuments', 'My Games\\Oblivion'),
(47666, 'userdocuments', 'My Games\\Skyrim'),
(47667, 'installlocation', 'Games\\IwoJima'),
(47670, 'installlocation', 'GOG.com\\Empire Earth Gold Edition\\Empire Earth'),
(47674, 'userdocuments', 'Empire Earth II'),
(47675, 'userdocuments', 'Empire Earth III'),
(47676, 'userdocuments', 'Eschalon Book 1 Saved Games'),
(47677, 'appdata', 'Basilisk Games\\Book 2 Saved Games'),
(47678, 'steamcommon', 'eufloria'),
(47679, 'appdata', 'everlight'),
(47680, 'steamcommon', 'evil genius'),
(47681, 'installlocation', 'GOG.com\\Evil Genius'),
(47682, 'installlocation', 'Evil Genius'),
(47687, 'installlocation', 'GOG.com\\Evolva'),
(47691, 'userdocuments', 'My Games\\Exodus'),
(47692, 'userdocuments', 'EXPLODEMON!'),
(47693, 'steamcommon', 'eye'),
(47694, 'installlocation', 'NovaLogic\\F-22 Lightning 3'),
(47696, 'userdocuments', 'My Games\\Fable'),
(47697, 'savedgames', 'Lionhead Studios\\Fable 3'),
(47698, 'userdocuments', 'Faery - Legends of Avalon'),
(47699, 'userdocuments', 'atari\\Fahrenheit Profile'),
(47700, 'installlocation', 'Interplay\\Fallout'),
(47701, 'installlocation', 'GOG.com\\Fallout'),
(47705, 'installlocation', 'BlackIsle\\Fallout2'),
(47706, 'installlocation', 'GOG.com\\Fallout 2'),
(47710, 'userdocuments', 'My Games\\Fallout3'),
(47711, 'userdocuments', 'My Games\\FalloutNV'),
(47712, 'installlocation', 'GOG.com\\Fallout Tactics'),
(47715, 'installlocation', 'Ubisoft\\Crytek\\Far Cry'),
(47716, 'steamcommon', 'farcry'),
(47718, 'userdocuments', 'My Games\\Far Cry 2'),
(47719, 'steamcommon', 'farm frenzy'),
(47720, 'installlocation', 'Farscape The Game'),
(47721, 'userdocuments', 'WBGames\\FEAR2'),
(47722, 'public', 'Documents\\Monolith Productions\\FEARCombat'),
(47723, 'allusersprofile', 'Documents\\Monolith Productions\\FEARCombat'),
(47724, 'public', 'Documents\\Monolith Productions\\FEAR'),
(47725, 'allusersprofile', 'Documents\\Monolith Productions\\FEAR'),
(47726, 'public', 'Documents\\TimeGate Studios\\FEARXP2'),
(47727, 'allusersprofile', 'Documents\\TimeGate Studios\\FEARXP2'),
(47728, 'userdocuments', 'FIFA 11'),
(47729, 'installlocation', 'DOOM Collector''s Edition\\Final Doom'),
(47730, 'installlocation', 'Final Fantasy VII'),
(47733, 'steamcommon', 'Fish Tycoon'),
(47734, 'steamcommon', 'flatout'),
(47735, 'steamcommon', 'flatout2'),
(47736, 'localappdata', 'FlatOut Ultimate Carnage'),
(47737, 'steamcommon', 'flight_control_hd'),
(47738, 'steamcommon', 'freedom force'),
(47739, 'localappdata', 'Irrational Games\\Freedom Force vs the 3rd Reich'),
(47740, 'userdocuments', 'My Games\\Freelancer'),
(47741, 'installlocation', 'Games\\FreeSpace2'),
(47742, 'installlocation', 'GOG.com\\Freespace 2'),
(47745, 'installlocation', 'Hasbro Interactive\\Frogger2'),
(47748, 'userdocuments', 'My Games\\Frontlines - Fuel of War'),
(47749, 'steamcommon', 'frozen synapse'),
(47750, 'userdocuments', 'My Games\\FUEL'),
(47751, 'installlocation', 'GOG.com\\Gabriel Knight'),
(47754, 'installlocation', 'GOG.com\\Gabriel Knight 3'),
(47757, 'userdocuments', 'My Games\\GalCiv2'),
(47758, 'steamuser', 'garrysmod\\garrysmod'),
(47759, 'appdata', 'DeadMage\\Garshasp'),
(47760, 'userdocuments', 'My Games\\Gears of War for Windows'),
(47761, 'steamcommon', 'gemini rue'),
(47762, 'userdocuments', 'GHOSTBUSTERS (tm)'),
(47763, 'allusersprofile', 'Documents\\Ghost Master'),
(47764, 'public', 'Documents\\Ghost Master'),
(47765, 'steamcommon', 'ghost recon'),
(47766, 'steamcommon', 'ghost recon advanced warfighter'),
(47768, 'localappdata', 'GRAW2'),
(47769, 'installlocation', 'Giants'),
(47770, 'installlocation', 'GOG.com\\Giants – Citizen Kabuto'),
(47775, 'steamcommon', 'gish'),
(47776, 'steamcommon', 'gm rally'),
(47777, 'userdocuments', 'corleone'),
(47778, 'userdocuments', 'gothic3'),
(47779, 'userdocuments', 'GTA3 User Files'),
(47780, 'localappdata', 'Rockstar Games\\GTA IV'),
(47781, 'userdocuments', 'GTA San Andreas User Files'),
(47782, 'userdocuments', 'GTA Vice City User Files'),
(47783, 'userdocuments', 'GratuitousSpaceBattles'),
(47784, 'steamcommon', 'gravitron2'),
(47785, 'userdocuments', 'GrayMatter'),
(47786, 'steamcommon', 'greed black border'),
(47787, 'installlocation', 'Lucasarts\\Grim'),
(47789, 'userdocuments', 'Grotesque-Tactics2'),
(47790, 'userdocuments', 'Grotesque-Tactics'),
(47791, 'steamcommon', 'gti racing'),
(47792, 'installlocation', 'Guild Wars'),
(47793, 'userdocuments', 'Guild Wars'),
(47796, 'steamcommon', 'gumboy crazy adventures'),
(47797, 'steamcommon', 'gumboy crazy features'),
(47798, 'userdocuments', 'Activision\\Gun'),
(47799, 'installlocation', 'Yeti Studios\\Gun Metal'),
(47802, 'steamcommon', 'gyromancer'),
(47803, 'installlocation', 'Hacker Evolution'),
(47806, 'steamcommon', 'hacker evolution duality'),
(47807, 'installlocation', 'GOG.com\\Haegemonia Gold Edition\\Haegemonia - Legions of Iron'),
(47811, 'installlocation', 'Sierra\\Half-Life\\valve'),
(47812, 'steamuser', 'half-life\\valve'),
(47814, 'steamuser', 'half-life 2\\hl2'),
(47815, 'steamuser', 'half-life 2 episode one\\episodic'),
(47816, 'steamuser', 'half-life 2 episode two\\ep2'),
(47817, 'steamuser', 'half-life 2 lostcoast\\lostcoast'),
(47818, 'steamuser', 'half-life source\\hl1'),
(47819, 'userdocuments', 'My Games\\Halo'),
(47820, 'userdocuments', 'Hard Reset'),
(47821, 'installlocation', 'Interplay\\Hardwar'),
(47824, 'installlocation', 'Paradox Interactive\\Hearts of Iron 2'),
(47827, 'installlocation', 'Ritual Entertainment\\Heavy Metal - FAKK2'),
(47828, 'installlocation', 'Buka\\Hellforces'),
(47831, 'installlocation', 'GOG.com\\Heroes of Might and Magic 3 Complete'),
(47835, 'installlocation', 'Eidos Interactive\\Hitman 2 Silent Assassin'),
(47837, 'userdocuments', 'Hitman Blood Money'),
(47838, 'installlocation', 'Eidos Interactive\\IO Interactive\\Hitman - Codename 47'),
(47840, 'installlocation', 'Eidos\\Hitman Contracts'),
(47842, 'installlocation', 'SIERRA\\Homeworld'),
(47846, 'installlocation', 'Sierra\\Homeworld2'),
(47850, 'userdocuments', 'My Games\\Hunted'),
(47851, 'installlocation', 'GOG.com\\Icewind Dale Complete'),
(47855, 'installlocation', 'GOG.com\\Icewind Dale II'),
(47858, 'installlocation', 'games\\icytower1.5'),
(47860, 'steamcommon', 'i-fluid'),
(47861, 'installlocation', 'GOG.com\\Incoming and Incoming Forces\\Incoming'),
(47864, 'drive', ''),
(47865, 'installlocation', 'GOG.com\\The Incredible Machine Series\\The Incredible Machine - Even More Contraptions'),
(47868, 'installlocation', 'Particle Systems\\Independence War'),
(47869, 'installlocation', 'GOG.com\\Independence War Deluxe'),
(47874, 'installlocation', 'Infogrames\\Independence War 2 - Edge of Chaos'),
(47875, 'installlocation', 'GOG.com\\Independence War 2 - Edge of Chaos'),
(47880, 'userdocuments', 'Atari\\Indigo Prophecy Profile'),
(47881, 'steamcommon', 'infernal'),
(47882, 'allusersprofile', 'Steam\\Insaniquarium'),
(47883, 'steamcommon', 'insaniquarium deluxe'),
(47884, 'installlocation', 'Crackpot Entertainment\\Insecticide Part 1'),
(47887, 'userdocuments', 'Jack Keane'),
(47888, 'steamcommon', 'jade empire'),
(47890, 'userdocuments', 'Saved Games\\Jamestown'),
(47891, 'userdocuments', 'Codemasters\\Clive Barker''s Jericho'),
(47892, 'installlocation', 'HD Publishing\\Joint Task Force'),
(47895, 'steamcommon', 'dreddvsdeath'),
(47896, 'installlocation', 'GOG.com\\Judge Dredd - Dredd vs Death'),
(47900, 'userdocuments', 'Telltale Games\\jurassicpark'),
(47901, 'userdocuments', 'JustCause'),
(47902, 'userdocuments', 'Square Enix\\Kane & Lynch 2 - Dog Days'),
(47903, 'localappdata', 'kaneandlynch'),
(47904, 'allusersprofile', 'Cateia Games\\Kaptain Brawe'),
(47905, 'userdocuments', 'NeocoreGames\\King Arthur'),
(47906, 'userdocuments', 'NeocoreGames\\King Arthur II'),
(47907, 'userdocuments', 'My Games\\Kings Bounty'),
(47908, 'installlocation', 'GOG.com\\KQ78\\KQ8'),
(47911, 'userdocuments', 'Rockstar Games\\L.A. Noire'),
(47912, 'userdocuments', 'My Games\\The last remnant'),
(47913, 'userdocuments', 'My Games\\Legendary'),
(47914, 'userdocuments', 'Almost Human\\Legend of Grimrock'),
(47915, 'installlocation', 'LIMBO'),
(47918, 'steamcommon', 'loki'),
(47919, 'appdata', 'LoneSurvivor'),
(47920, 'installlocation', 'Funcom\\The Longest Journey'),
(47921, 'appdata', 'The Longest Journey'),
(47923, 'userdocuments', 'LOTR The Return of the King (tm) Data'),
(47924, 'userdocuments', 'Lost Horizon'),
(47925, 'userdocuments', 'CAPCOM\\LOST PLANET 2'),
(47926, 'localappdata', 'CAPCOM\\LOSTPLANETCOLONIES'),
(47927, 'steamcommon', 'lugaru hd'),
(47928, 'installlocation', 'Mafia'),
(47929, 'steamcommon', 'mafia'),
(47930, 'localappdata', '2K Games\\Mafia II'),
(47931, 'steamcommon', 'Magicka'),
(47932, 'userdocuments', 'Manhunt User Files'),
(47933, 'localappdata', 'Rockstar Games\\Manhunt 2'),
(47934, 'installlocation', 'Uglysoft\\MarkLeung'),
(47937, 'userdocuments', 'BioWare\\Mass Effect'),
(47938, 'userdocuments', 'BioWare\\Mass Effect 2'),
(47939, 'userdocuments', 'BioWare\\Mass Effect 3'),
(47940, 'installlocation', 'Microprose\\Orion2'),
(47941, 'installlocation', 'GOG.com\\Master of Orion 1 and 2\\Master of Orion 2'),
(47945, 'installlocation', 'Atari\\The Matrix - Path of Neo'),
(47948, 'userdocuments', 'Max Payne Savegames'),
(47949, 'userdocuments', 'Max Payne 2 Savegames'),
(47950, 'installlocation', 'GOG.com\\MDK'),
(47953, 'installlocation', 'GOG.com\\MDK2'),
(47956, 'installlocation', 'FasaInteractive\\MechCmdr'),
(47959, 'installlocation', 'Microsoft Games\\MechCommander2'),
(47962, 'installlocation', 'Activision\\BattlePack\\MW2'),
(47964, 'installlocation', 'Activision\\Mercenaries'),
(47966, 'installlocation', 'Activision\\Titanium\\Mercenaries'),
(47967, 'installlocation', 'MechVM\\games\\mw2-mercs-tt'),
(47970, 'installlocation', 'Activision\\Titanium\\Mechwarrior2'),
(47971, 'installlocation', 'MechVM\\games\\mw2-31stcc-tt'),
(47974, 'installlocation', 'MicroProse\\MechWarrior3'),
(47976, 'installlocation', 'Microsoft Games\\Mechwarrior Mercenaries'),
(47978, 'installlocation', 'Microsoft Games\\MechWarrior Vengeance'),
(47980, 'userdocuments', 'EA Games\\Medal of Honor'),
(47981, 'installlocation', 'SEGA\\Medieval II Total War'),
(47982, 'steamcommon', 'medieval ii total war'),
(47985, 'installlocation', 'GOG.com\\Megarace 3'),
(47988, 'installlocation', 'GOG.com\\Messiah'),
(47991, 'userdocuments', '4A Games\\Metro 2033'),
(47992, 'installlocation', 'NovaLogic\\MiG-29 Fulcrum'),
(47995, 'savedgames', 'Eidos\\Mini Ninjas'),
(47996, 'userdocuments', 'EA Games\\Mirror''s Edge'),
(47997, 'userdocuments', '2K Play\\The Misadventures of P.B. Winterbottom'),
(47998, 'appdata', 'Virtual Prophecy\\Mishap'),
(47999, 'appdata', ' LucasArts\\Monkey Island 2 Special Edition '),
(48000, 'userdocuments', 'My Games\\Moonbase Alpha'),
(48001, 'installlocation', 'Mortyr'),
(48004, 'installlocation', 'Microsoft Games\\Motocross Madness'),
(48007, 'userdocuments', 'Mount&Blade Savegames'),
(48008, 'userdocuments', 'Mount&Blade Warband Savegames'),
(48009, 'appdata', 'MudTV'),
(48010, 'installlocation', 'Ubi Soft\\Myst III Exile'),
(48012, 'installlocation', 'Ubisoft\\Myst IV - Revelation'),
(48014, 'localappdata', 'Myst V End of Ages'),
(48015, 'userdocuments', 'Myst'),
(48016, 'altsavepaths', ''),
(48017, 'installlocation', 'Ubi Soft\\Cyan Worlds\\Myst Uru Complete Chronicles'),
(48018, 'installlocation', 'GOG.com\\Myst Uru Complete Chronicles'),
(48021, 'appdata', 'NationRed'),
(48022, 'appdata', 'Naval Warfare'),
(48023, 'steamcommon', 'necrovision lost company'),
(48024, 'userdocuments', 'Criterion Games\\Need for Speed(TM) Hot Pursuit'),
(48025, 'userdocuments', 'NFS SHIFT'),
(48026, 'userdocuments', 'NFS Undercover'),
(48027, 'installlocation', 'Deep Silver\\Neuro Hunter'),
(48030, 'installlocation', 'NeverwinterNights\\NWN'),
(48031, 'installlocation', 'GOG.com\\Neverwinter Nights Diamond Edition'),
(48035, 'userdocuments', 'Neverwinter Nights 2'),
(48036, 'userdocuments', 'Nikopol'),
(48037, 'userdocuments', 'NinjaBlade'),
(48038, 'userdocuments', 'No Gravity Savegames'),
(48039, 'installlocation', 'Fox\\No One Lives Forever'),
(48043, 'installlocation', 'Fox\\No One Lives Forever 2'),
(48046, 'steamcommon', 'oddworld abes exoddus'),
(48047, 'installlocation', 'GOG.com\\Abe''s Exoddus'),
(48050, 'steamcommon', 'oddworld abes oddysee'),
(48051, 'installlocation', 'GOG.com\\Abe''s Oddysee'),
(48054, 'steamcommon', 'oddworld munchs oddysee'),
(48055, 'steamcommon', 'stranger''s wrath'),
(48056, 'userdocuments', 'Oddworld\\Stranger''s Wrath'),
(48057, 'installlocation', 'Eidos Interactive\\Quantic Dream\\Omikron The Nomad Soul'),
(48059, 'installlocation', 'Oni'),
(48060, 'userdocuments', 'My Games\\OFDR'),
(48061, 'userdocuments', 'My Games\\OFRR'),
(48062, 'userdocuments', 'Orcs Must Die'),
(48063, 'userdocuments', 'Osmos'),
(48064, 'installlocation', 'GOG.com\\Outcast'),
(48067, 'installlocation', 'SIERRA\\Outpost2'),
(48070, 'userdocuments', 'Overlord'),
(48071, 'userdocuments', 'My Games\\Overlord II'),
(48072, 'steamcommon', 'painkiller gold edition'),
(48073, 'installlocation', 'DreamCatcher\\Painkiller Gold Edition'),
(48074, 'installlocation', 'GOG.com\\Painkiller Black'),
(48080, 'localappdata', 'Painkiller Redemption'),
(48081, 'steamcommon', 'the path'),
(48082, 'installlocation', 'Pathologic'),
(48085, 'allusersprofile', 'Steam\\Peggle'),
(48086, 'allusersprofile', 'PopCap Games\\Peggle'),
(48087, 'steamcommon', 'peggle deluxe'),
(48088, 'allusersprofile', 'Steam\\PeggleExtreme'),
(48089, 'steamcommon', 'peggle extreme'),
(48090, 'steamcommon', 'peggle nights'),
(48091, 'allusersprofile', 'Steam\\PeggleNights'),
(48092, 'allusersprofile', 'PopCap Games\\PeggleNights'),
(48094, 'allusersprofile', 'PopCap Games\\PeggleWoW'),
(48095, 'installlocation', 'PopCap Games\\Peggle World of Warcraft Edition'),
(48098, 'localappdata', 'HotheadGames\\RainSlickEp1'),
(48099, 'localappdata', 'HotheadGames\\RainSlickEp2'),
(48100, 'userdocuments', 'Penumbra\\Black Plague'),
(48101, 'userdocuments', 'Penumbra Overture\\Episode1'),
(48102, 'userdocuments', 'My Games\\Sid Meier''s Pirates!'),
(48103, 'installlocation', 'Black Isle\\Planescape - Torment'),
(48104, 'installlocation', 'GOG.com\\Planescape Torment'),
(48108, 'allusersprofile', 'Steam\\PlantsVsZombies'),
(48109, 'steamcommon', 'plants vs zombies'),
(48110, 'userdocuments', 'LDW\\plant tycoon'),
(48111, 'userdocuments', 'Telltale Games\\Poker Night at the Inventory'),
(48112, 'steamuser', 'portal'),
(48113, 'steamcommon', 'portal 2'),
(48114, 'installlocation', 'GOG.com\\Port Royale'),
(48118, 'installlocation', 'GOG.com\\Postal Classic and Uncut'),
(48122, 'installlocation', 'Postal2STP'),
(48123, 'installlocation', 'GOG.com\\Postal 2 Share The Pain'),
(48127, 'userdocuments', 'Post_Mortem Saves'),
(48128, 'public', 'Documents\\Precursors'),
(48129, 'allusersprofile', 'Documents\\Precursors'),
(48130, 'userdocuments', 'My Games\\PREY'),
(48131, 'installlocation', 'Primal Prey'),
(48134, 'userdocuments', 'Prince of Persia'),
(48135, 'installlocation', 'Ubisoft\\Prince of Persia The Sands of Time'),
(48136, 'installlocation', 'GOG.com\\Prince of Persia The Sands of Time'),
(48137, 'steamcommon', 'prince of persia the sands of time'),
(48142, 'userdocuments', 'ProjectBlackSun'),
(48143, 'userdocuments', 'Project Snowblind'),
(48144, 'userdocuments', 'Prototype'),
(48145, 'steamcommon', 'psychonauts'),
(48146, 'installlocation', 'psychonauts'),
(48147, 'installlocation', 'GOG.com\\Psychonauts'),
(48151, 'userdocuments', 'Telltale Games\\Puzzle Agent'),
(48152, 'localappdata', 'Namco\\Puzzle Quest 2'),
(48153, 'userdocuments', 'Puzzle Quest'),
(48154, 'steamcommon', 'quake 2'),
(48156, 'steamcommon', 'Quake 4'),
(48157, 'installlocation', 'id Software\\Quake 4'),
(48160, 'userdocuments', 'SimBin\\RACE 07'),
(48161, 'userdocuments', 'Codemasters\\GRID'),
(48162, 'steamuser', 'rag doll kung fu'),
(48163, 'savedgames', 'id Software\\Rage'),
(48164, 'steamcommon', 'rainbow six 3 gold'),
(48165, 'steamcommon', 'rainbow six lockdown'),
(48166, 'userdocuments', 'Ubisoft\\R6Vegas'),
(48167, 'userdocuments', 'My Games\\Ubisoft\\R6Vegas2'),
(48168, 'installlocation', 'GOG.com\\Raptor - Call of the Shadows'),
(48171, 'installlocation', 'GFI\\Rat Hunter'),
(48174, 'installlocation', 'GOG.com\\Rayman 2'),
(48177, 'installlocation', 'GOG.com\\Rayman 3'),
(48181, 'installlocation', 'GOG.com\\realMyst'),
(48184, 'steamcommon', 'recettear'),
(48185, 'installlocation', 'Games\\RedFaction'),
(48187, 'installlocation', 'THQ\\Red Faction II'),
(48189, 'userdocuments', 'My Games\\Red Faction Guerrilla'),
(48190, 'userdocuments', 'SEGA\\Renegade Ops'),
(48191, 'userdocuments', 'CAPCOM\\RESIDENT EVIL 5'),
(48192, 'installlocation', 'GOG.com\\The Incredible Machine Series\\Return of the Incredible Machine Contraptions'),
(48196, 'installlocation', 'Return to Castle Wolfenstein'),
(48197, 'steamcommon', 'return to castle wolfenstein'),
(48201, 'userprofile', '.revenge_of_the_titans_1.80'),
(48202, 'userdocuments', 'My Games\\Rise Of Legends'),
(48203, 'userdocuments', 'My Games\\Rise Of Nations'),
(48204, 'userdocuments', 'My Games\\Rise of the Argonauts'),
(48205, 'userdocuments', 'Riven'),
(48206, 'altsavepaths', ''),
(48207, 'steamcommon', 'roboblitz'),
(48208, 'userdocuments', 'My Games\\Bethesda\\Rogue Warrior'),
(48209, 'installlocation', 'RollerCoaster Tycoon 2'),
(48212, 'userdocuments', 'RCT3'),
(48213, 'installlocation', 'Activision\\Rome - Total War'),
(48215, 'steamcommon', 'runaway the dream of the turtle'),
(48216, 'steamcommon', 'runaway a road adventure'),
(48217, 'installlocation', 'PENDULO Studios\\RUNAWAY - A road adventure'),
(48218, 'installlocation', 'GOG.com\\Runaway - A Road Adventure'),
(48223, 'steamuserdata', '21970'),
(48224, 'userdocuments', 'My Games\\The Saboteur™'),
(48225, 'userdocuments', 'My Games\\Sacraboar'),
(48226, 'savedgames', 'Ascaron Entertainment\\Sacred 2'),
(48227, 'installlocation', 'Telltale Games\\Sam and Max - Season One\\Episode 1 - Culture Shock Data'),
(48228, 'installlocation', 'Telltale Games\\Sam and Max - Season One\\Episode 101 - Culture Shock'),
(48229, 'steamcommon', 'sam and max episode 1'),
(48232, 'installlocation', 'Telltale Games\\Sam and Max - Season One\\Episode 2 - Situation Comedy Data'),
(48233, 'installlocation', 'Telltale Games\\Sam and Max - Season One\\Episode 102 - Situation Comedy'),
(48234, 'steamcommon', 'sam and max episode 2'),
(48237, 'installlocation', 'Telltale Games\\Sam and Max - Season One\\Episode 3 - The Mole, the Mob, and the Meatball Data'),
(48238, 'installlocation', 'Telltale Games\\Sam and Max - Season One\\Episode 103 - The Mole, the Mob, and the Meatball'),
(48239, 'steamcommon', 'sam and max episode 3'),
(48242, 'installlocation', 'Telltale Games\\Sam and Max - Season One\\Episode 4 - Abe Lincoln Must Die! Data'),
(48243, 'installlocation', 'Telltale Games\\Sam and Max - Season One\\Episode 104 - Abe Lincoln Must Die'),
(48244, 'steamcommon', 'sam and max episode 4'),
(48247, 'installlocation', 'Telltale Games\\Sam and Max - Season One\\Episode 5 - Reality 2.0 Data'),
(48248, 'installlocation', 'Telltale Games\\Sam and Max - Season One\\Episode 105 - Reality 2.0'),
(48249, 'steamcommon', 'sam and max episode 5'),
(48252, 'installlocation', 'Telltale Games\\Sam and Max - Season One\\Episode 6 - Bright Side of the Moon Data'),
(48253, 'installlocation', 'Telltale Games\\Sam and Max - Season One\\Episode 106 - Bright Side of the Moon'),
(48254, 'steamcommon', 'sam and max episode 6'),
(48257, 'installlocation', 'Telltale Games\\Sam and Max - Season Two\\Episode 201 - Ice Station Santa'),
(48258, 'steamcommon', 'sam and max season 2 episode 1'),
(48262, 'installlocation', 'Telltale Games\\Sam and Max - Season Two\\Episode 202 - Moai Better Blues'),
(48263, 'steamcommon', 'sam and max season 2 episode 2'),
(48267, 'installlocation', 'Telltale Games\\Sam and Max - Season Two\\Episode 203 - Night of the Raving Dead'),
(48268, 'steamcommon', 'sam and max season 2 episode 3'),
(48272, 'installlocation', 'Telltale Games\\Sam and Max - Season Two\\Episode 204 - Chariots of the Dogs'),
(48273, 'steamcommon', 'sam and max season 2 episode 4'),
(48277, 'installlocation', 'Telltale Games\\Sam and Max - Season Two\\Episode 205 - What''s New, Beelzebub'),
(48278, 'steamcommon', 'sam and max season 2 episode 5'),
(48282, 'userdocuments', 'Telltale Games\\The Penal Zone'),
(48283, 'userdocuments', 'Telltale Games\\The Tomb of Sammun-Mak'),
(48284, 'userdocuments', 'Telltale Games\\They Stole Maxs Brain'),
(48285, 'userdocuments', 'Telltale Games\\Beyond the Alley of the Dolls'),
(48286, 'userdocuments', 'Telltale Games\\The City That Dares Not Sleep'),
(48287, 'userdocuments', 'My Games\\Sanctum'),
(48288, 'installlocation', 'GOG.com\\Sanitarium'),
(48289, 'installlocation', 'ASC Games\\Sanitarium'),
(48294, 'userdocuments', 'City Interactive\\SAS Secure Tomorrow'),
(48295, 'userdocuments', 'My Games\\Saw'),
(48296, 'userdocuments', 'My Games\\Atari\\Scorpion-Disfigured'),
(48297, 'userdocuments', 'My Games\\The Scourge Project Ep1-2\\ScourgeGame'),
(48298, 'appdata', 'Nucleosys\\Scratches Director''s Cut'),
(48299, 'installlocation', 'GOG.com\\Second Sight'),
(48303, 'appdata', 'LucasArts\\The Secret of Monkey Island Special Edition'),
(48304, 'userdocuments', 'My Games\\Section8'),
(48305, 'userdocuments', 'My Games\\Section 8 Prejudice - PC'),
(48306, 'installlocation', 'Valkyrie Studios\\Septerra Core'),
(48307, 'installlocation', 'GOG.com\\Septerra Core'),
(48312, 'steamcommon', 'serious sam 2'),
(48313, 'installlocation', 'ShadowGrounds'),
(48314, 'steamcommon', 'shadowgrounds'),
(48316, 'steamcommon', 'shadowgrounds survivor'),
(48317, 'userdocuments', 'Shadow Harvest'),
(48318, 'installlocation', 'AeriaGames\\Shaiya'),
(48320, 'userdocuments', 'Eidos\\Shellshock2'),
(48321, 'steamuser', 'the ship single player'),
(48322, 'installlocation', 'GAMES\\Shogo'),
(48326, 'installlocation', 'Total War\\Shogun - Total War - Warlord Edition'),
(48328, 'public', 'Documents\\Silent Hill Homecoming'),
(48329, 'installlocation', 'Maxis\\SimCity 2000'),
(48332, 'installlocation', 'GOG.com\\Simon the Sorcerer 3D'),
(48335, 'userdocuments', 'EA Games\\The Sims 2'),
(48336, 'userdocuments', 'Electronic Arts\\The Sims 3'),
(48337, 'steamuser', 'sin 1'),
(48338, 'steamuser', 'sin episodes emergence'),
(48339, 'userdocuments', 'Singularity'),
(48340, 'localappdata', 'Ironclad Games\\Sins of a Solar Empire'),
(48341, 'installlocation', 'Cenega\\Sniper'),
(48343, 'steamcommon', 'sniper elite'),
(48344, 'userdocuments', 'Sniper - Ghost Warrior'),
(48345, 'userdocuments', 'SavedGames\\Solar2'),
(48346, 'steamcommon', 'space rangers'),
(48347, 'installlocation', 'GOG.com\\Space Rangers'),
(48350, 'installlocation', 'GOG.com\\Space Rangers 2'),
(48353, 'installlocation', 'GOG.com\\Space Rangers 2 - Reboot'),
(48356, 'userdocuments', 'SpellForce'),
(48357, 'userdocuments', 'SpellForce2'),
(48358, 'userdocuments', 'Activision\\Spider-Man Web of Shadows'),
(48359, 'steamcommon', 'splinter cell'),
(48360, 'allusersprofile', 'Ubisoft\\Tom Clancy''s Splinter Cell Chaos Theory'),
(48361, 'allusersprofile', 'Ubisoft\\Conviction'),
(48362, 'allusersprofile', 'Ubisoft\\SplinterCell4'),
(48363, 'userdocuments', 'Disney Interactive Studios\\Split Second'),
(48364, 'appdata', 'Spore'),
(48365, 'userdocuments', 'My Spore Creations'),
(48366, 'public', 'Documents\\S.T.A.L.K.E.R. - Call of Pripyat'),
(48367, 'allusersprofile', 'Documents\\S.T.A.L.K.E.R. - Call of Pripyat'),
(48368, 'steamcommon', 'stalker call of pripyat\\_appdata_'),
(48369, 'steamcommon', 'stalker clear sky\\_appdata_'),
(48370, 'public', 'Documents\\stalker-shoc'),
(48371, 'allusersprofile', 'Documents\\stalker-shoc'),
(48372, 'installlocation', 'Starcraft'),
(48374, 'userdocuments', 'StarCraft II'),
(48375, 'installlocation', 'Microsoft Games\\StarLancer'),
(48379, 'installlocation', 'StarTopia'),
(48382, 'savedgames', 'Petroglyph\\Empire At War'),
(48383, 'steamcommon', 'jedi outcast'),
(48384, 'installlocation', 'LucasArts\\Jedi Knight'),
(48385, 'steamcommon', 'star wars jedi knight'),
(48388, 'steamcommon', 'jedi academy'),
(48389, 'steamcommon', 'swkotor'),
(48390, 'installlocation', 'LucasArts\\SWKotOR'),
(48393, 'installlocation', 'LucasArts\\SWKotOR2'),
(48396, 'userdocuments', 'Aspyr\\Star Wars The Force Unleashed'),
(48397, 'userdocuments', 'LucasArts\\Star Wars The Force Unleashed 2'),
(48398, 'installlocation', 'GOG.com\\Star Wolves'),
(48402, 'savedgames', 'steelstorm'),
(48403, 'installlocation', 'GOG.com\\Still Life'),
(48407, 'userdocuments', 'CAPCOM\\STREETFIGHTERIV'),
(48408, 'userdocuments', 'My Games\\Streets of Moscow'),
(48409, 'userdocuments', 'Stubbs the Zombie'),
(48410, 'appdata', 'capy\\SwordAndSworcery'),
(48411, 'userdocuments', 'Super Laser Racer'),
(48412, 'installlocation', 'Team Meat\\SuperMeatBoy'),
(48413, 'steamcommon', 'super meat boy'),
(48416, 'localappdata', 'Gas Powered Games\\SupremeCommander'),
(48417, 'userdocuments', 'My Games\\Gas Powered Games\\Supreme Commander Forged Alliance'),
(48418, 'steamcommon', 'swords and soldiers'),
(48419, 'userdocuments', 'Syberia Saves'),
(48420, 'userdocuments', 'Syberia 2 Saves'),
(48421, 'userdocuments', 'Syndicate'),
(48423, 'steamcommon', 'tachyon the fringe'),
(48424, 'installlocation', 'NovaLogic\\Tachyon'),
(48427, 'userdocuments', 'Telltale Games\\Launch of the Screaming Narwhal'),
(48428, 'userdocuments', 'Telltale Games\\tales of monkey island - chapter 1'),
(48429, 'userdocuments', 'Telltale Games\\The Siege of Spinner Cay'),
(48430, 'userdocuments', 'Telltale Games\\tales of monkey island - chapter 2'),
(48431, 'userdocuments', 'Telltale Games\\Lair of the Leviathan'),
(48432, 'userdocuments', 'Telltale Games\\The Trial and Execution of Guybrush Threepwood'),
(48433, 'userdocuments', 'Telltale Games\\Rise of the Pirate God'),
(48434, 'steamcommon', 'tank universal steamworks edition'),
(48435, 'installlocation', 'Tarr Chronicles'),
(48439, 'installlocation', 'TECNO_theBase'),
(48442, 'installlocation', 'GOG.com\\Temple of Elemental Evil'),
(48445, 'localappdata', 'salvation'),
(48446, 'userdocuments', 'My Games\\Terraria'),
(48447, 'userdocuments', 'City Interactive\\Terrorist Takedown 2'),
(48448, 'public', 'Documents\\City Interactive\\Terrorist Takedown 3'),
(48449, 'installlocation', 'City Interactive\\Terrorist Takedown - Covert Operations'),
(48452, 'userdocuments', 'Eden Games\\Test Drive Unlimited 2'),
(48453, 'installlocation', 'GOG.com\\Overseer'),
(48456, 'installlocation', 'GFI\\They_re_alive'),
(48459, 'installlocation', 'Games\\Thief2'),
(48461, 'public', 'Documents\\Thief - Deadly Shadows'),
(48462, 'allusersprofile', 'Documents\\Thief - Deadly Shadows'),
(48463, 'steamcommon', 'thief deadly shadows\\save'),
(48464, 'installlocation', 'Thief'),
(48466, 'localappdata', 'LucasArts\\Thrillville 07'),
(48467, 'savedgames', 'Time Gentlemen, Please'),
(48468, 'userdocuments', 'My Saved Games\\Time Gentlemen, Please'),
(48469, 'userdocuments', 'My Games\\Titan Quest'),
(48470, 'installlocation', 'Core Design\\Tomb Raider II'),
(48473, 'installlocation', 'Core Design\\Tomb Raider III'),
(48474, 'userdocuments', 'Eidos\\Tomb Raider - Anniversary'),
(48475, 'installlocation', 'Core Design\\Tomb Raider Chronicles'),
(48476, 'userdocuments', 'Tomb Raider - Legend'),
(48477, 'installlocation', 'Eidos Interactive\\TRAOD'),
(48478, 'installlocation', 'Core Design\\Tomb Raider - The Last Revelation'),
(48479, 'userdocuments', 'Eidos\\Tomb Raider - Underworld'),
(48480, 'appdata', 'runic games\\torchlight'),
(48481, 'appdata', 'The Creative Assembly\\Shogun2'),
(48482, 'userdocuments', 'ManiPlanet'),
(48483, 'userdocuments', 'TrackMania'),
(48484, 'userdocuments', 'My Games\\Transformers'),
(48485, 'userdocuments', 'Trapped Dead'),
(48486, 'localappdata', 'Redlynx\\Trials 2 SE'),
(48487, 'installlocation', 'Buena Vista Interactive\\Tron 2.0'),
(48489, 'userdocuments', 'Disney Interactive Studios\\Tron Evolution'),
(48490, 'installlocation', 'GOG.com\\Tropico Reloaded\\Tropico 1'),
(48494, 'installlocation', 'GOG.com\\Tropico Reloaded\\Tropico 2'),
(48498, 'appdata', 'Tropico 3'),
(48499, 'installlocation', 'Activision\\True Crime'),
(48502, 'appdata', 'Touchstone\\Turok'),
(48503, 'userdocuments', 'TwinSector'),
(48504, 'savedgames', 'Two Worlds II'),
(48505, 'installlocation', 'CENEGA\\UFO Aftermath'),
(48507, 'installlocation', 'DOOM Collector''s Edition\\Ultimate Doom'),
(48508, 'installlocation', 'EA Games\\Clive Barker''s Undying'),
(48511, 'userdocuments', 'Sega\\UAWEA'),
(48512, 'installlocation', 'UnrealGold'),
(48513, 'installlocation', 'Unreal'),
(48514, 'installlocation', 'GOG.com\\Unreal Gold'),
(48519, 'installlocation', 'Unreal2'),
(48520, 'steamcommon', 'unreal ii the awakening'),
(48521, 'installlocation', 'GOG.com\\Unreal 2 – The Awakening SE'),
(48526, 'steamcommon', 'unreal tournament'),
(48527, 'installlocation', 'GOG.com\\Unreal Tournament GOTY'),
(48531, 'installlocation', 'UT2004'),
(48532, 'steamcommon', 'unreal tournament 2004'),
(48533, 'installlocation', 'GOG.com\\Unreal Tournament 2004'),
(48537, 'userdocuments', 'My Games\\Unreal Tournament 3'),
(48538, 'steamcommon', 'uplink'),
(48539, 'installlocation', 'Activision\\Vampire - Bloodlines'),
(48540, 'steamcommon', 'vampire the masquerade - bloodlines'),
(48543, 'installlocation', 'GOG.com\\Vampire The Masquerade - Redemption'),
(48546, 'userdocuments', 'My Games\\Velvet Assassin'),
(48547, 'appdata', 'VenusHostage'),
(48548, 'installlocation', 'BlackOps'),
(48550, 'installlocation', 'Vigil Blood Bitterness'),
(48553, 'installlocation', 'CENEGA\\Vivisector'),
(48556, 'userdocuments', 'My Games\\Void'),
(48557, 'userdocuments', 'Telltale Games\\The Walking Dead'),
(48558, 'userdocuments', 'Telltale Games\\Fright of the Bumblebees'),
(48559, 'userdocuments', 'Telltale Games\\The Last Resort'),
(48560, 'userdocuments', 'Telltale Games\\Muzzled'),
(48561, 'userdocuments', 'Telltale Games\\The Bogey Man'),
(48562, 'localappdata', 'wanted'),
(48563, 'installlocation', 'Warcraft III'),
(48566, 'userdocuments', 'My Games\\Dawn of War 2'),
(48567, 'userdocuments', 'My Games\\Dawn of War II - Retribution'),
(48568, 'installlocation', 'THQ\\DarkCrusade'),
(48571, 'userdocuments', 'Warzone 2100'),
(48572, 'steamcommon', 'watchmen'),
(48573, 'steamcommon', 'watchmen part 2'),
(48574, 'localappdata', 'Wheelman'),
(48575, 'steamcommon', 'whispered world'),
(48576, 'installlocation', 'GOG.com\\Wing Commander IV'),
(48579, 'userdocuments', 'My Games\\Wings Of Prey'),
(48580, 'userdocuments', 'The Witcher'),
(48581, 'userdocuments', 'Witcher 2'),
(48582, 'localappdata', 'id software\\WolfSP'),
(48583, 'userdocuments', 'City Interactive\\Wolfschanze'),
(48584, 'steamcommon', 'the wonderful end of the world'),
(48585, 'localappdata', '2DBoy\\WorldOfGoo'),
(48586, 'installlocation', 'World of Warcraft'),
(48589, 'installlocation', 'MicroProse\\Worms2'),
(48592, 'steamcommon', 'x2 - the threat'),
(48594, 'userdocuments', 'Egosoft\\X3AP'),
(48595, 'userdocuments', 'Egosoft\\X3'),
(48596, 'userdocuments', 'Egosoft\\X3TC'),
(48597, 'public', 'Documents\\White Gold'),
(48598, 'allusersprofile', 'Documents\\White Gold'),
(48599, 'installlocation', 'Fox\\The X-Files'),
(48600, 'installlocation', 'GOG.com\\XIII'),
(48603, 'userdocuments', 'Wolverine'),
(48604, 'steamcommon', 'xpand rally'),
(48606, 'steamcommon', 'xpand rally xtreme'),
(48608, 'steamcommon', 'zenoclash'),
(48609, 'appdata', 'ZombieDriver'),
(48610, 'userdocuments', 'ZombieShooter Saves'),
(48611, 'userdocuments', 'Zombie Shooter 2 Saves'),
(48612, 'installlocation', 'GOG.com\\Zork Grand Inquisitor'),
(48615, 'allusersprofile', 'Steam\\Zuma'),
(48616, 'steamcommon', 'zuma deluxe'),
(48617, 'steamsourcemods', 'FAKEFACTORY_CM10\\hl2'),
(48618, 'steamsourcemods', 'FAKEFACTORY_CM10\\episodic'),
(48619, 'steamsourcemods', 'FAKEFACTORY_CM10\\ep2'),
(48620, 'steamsourcemods', 'Flesh'),
(48623, 'steamsourcemods', 'Research and Development'),
(48624, 'userdocuments', 'My Games\\Age of Mythology'),
(48625, 'installlocation', 'Fox\\Aliens versus Predator 2 - Primal Hunt'),
(48629, 'installlocation', 'Firaxis Games\\Civilization III Complete\\Conquests'),
(48632, 'installlocation', 'Firaxis Games\\Civilization III Complete\\civ3PTW'),
(48634, 'userdocuments', 'My Games\\Beyond the Sword'),
(48635, 'userdocuments', 'My Games\\Warlords'),
(48636, 'savedgames', 'Command & Conquer 3 Kane''s Wrath'),
(48637, 'userdocuments', 'Command and Conquer Generals Zero Hour Data'),
(48638, 'steamuser', 'condition zero deleted scenes\\czeror'),
(48639, 'installlocation', 'SIERRA\\HELLFIRE'),
(48642, 'userdocuments', 'Empire Earth II The Art of Supremacy'),
(48643, 'installlocation', 'GOG.com\\Empire Earth Gold Edition\\Empire Earth - The Art of Conquest'),
(48647, 'public', 'Documents\\TimeGate Studios\\FEARXP'),
(48648, 'allusersprofile', 'Documents\\TimeGate Studios\\FEARXP'),
(48649, 'userdocuments', 'My Games\\GC2DarkAvatar'),
(48652, 'installlocation', 'GOG.com\\Haegemonia Gold Edition\\Haegemonia - The Solon Heritage'),
(48656, 'installlocation', 'Sierra\\Half-Life\\bshift'),
(48657, 'steamuser', 'half-life blue shift\\bshift'),
(48659, 'installlocation', 'Sierra\\Half-Life\\gearbox'),
(48660, 'steamuser', 'opposing force\\gearbox'),
(48662, 'installlocation', 'Paradox Interactive\\Doomsday'),
(48665, 'installlocation', 'SIERRA\\Cataclysm'),
(48670, 'installlocation', 'Activision\\Ghost Bear'),
(48672, 'installlocation', 'Activision\\Titanium\\GhostBearsLegacy'),
(48673, 'installlocation', 'MechVM\\games\\mw2-gbl-tt'),
(48675, 'installlocation', 'MicroProse\\MechWarrior 3 Pirate''s Moon'),
(48682, 'userdocuments', 'Penumbra\\Requiem'),
(48690, 'savedgames', 'Petroglyph\\Empire At War - Forces of Corruption'),
(48691, 'steamcommon', 'jedi knight mysteries of the sith'),
(48692, 'installlocation', 'ThiefG'),
(48694, 'userdocuments', 'My Games\\Titan Quest - Immortal Throne'),
(48695, 'installlocation', 'Core Design\\Tomb Raider II Gold'),
(48699, 'installlocation', 'Core Design\\Tomb Raider - The Lost Artifact'),
(48700, 'localappdata', 'Microsoft\\XLive\\Content'),
(48701, 'installlocation', 'MASGAU'),
(48703, 'appdata', 'Raptr'),
(48704, 'localappdata', 'Rockstar Games\\RGSC'),
(48705, 'appdata', 'Tomboy'),
(48706, 'installlocation', 'Ubisoft\\Ubisoft Game Launcher'),
(48708, 'allusersprofile', 'Xfire'),
(48709, 'steamuserdata', '108710'),
(48710, 'steamuserdata', '202750'),
(48711, 'steamuserdata', '630'),
(48712, 'steamuserdata', '33990'),
(48713, 'steamuserdata', '91200'),
(48714, 'steamuserdata', '107100'),
(48715, 'steamuserdata', '26800'),
(48716, 'steamuserdata', '22350'),
(48717, 'steamuserdata', '33420\\remote\\out'),
(48718, 'steamuserdata', '8930'),
(48719, 'steamuserdata', '91310'),
(48720, 'steamuserdata', '203810'),
(48721, 'steamuserdata', '18500'),
(48722, 'steamuserdata', '28050'),
(48723, 'steamuserdata', '57800'),
(48724, 'steamuserdata', '57900'),
(48725, 'steamuserdata', '21100'),
(48726, 'steamuserdata', '62000'),
(48727, 'steamuserdata', '43000'),
(48728, 'steamuserdata', '92000'),
(48729, 'steamuserdata', '8190'),
(48730, 'steamuserdata', '102500'),
(48731, 'steamuserdata', '35130'),
(48732, 'steamuserdata', '35150'),
(48733, 'steamuserdata', '48000'),
(48734, 'steamuserdata', '25700'),
(48735, 'steamcommon', 'Midnight Club 2\\userdata'),
(48736, 'steamuserdata', '32460'),
(48737, 'steamuserdata', '24240\\remote'),
(48738, 'steamuserdata', '33980'),
(48739, 'steamuserdata', '3830'),
(48740, 'steamuserdata', '37800'),
(48741, 'steamuserdata', '55110'),
(48742, 'steamuserdata', '93200\\remote\\.revenge_of_the_titans_1.80'),
(48743, 'steamuserdata', '102200'),
(48744, 'steamuserdata', '21970'),
(48745, 'steamuserdata', '55230'),
(48746, 'steamuserdata', '41070\\local'),
(48747, 'steamuserdata', '41000\\local\\SeriousSamHD'),
(48748, 'steamuserdata', '41010\\local\\SeriousSamHD_TSE'),
(48749, 'steamuserdata', '6120'),
(48750, 'steamuserdata', '115110'),
(48751, 'steamuserdata', '204060'),
(48752, 'steamuserdata', '35700'),
(48753, 'steamuserdata', '35720'),
(48754, 'steamuserdata', '56400'),
(48755, 'steamuserdata', '55150\\remote'),
(48756, 'steamsourcemods', 'SurvivorIZ'),
(48757, 'steamuserdata', '201280'),
(48758, 'installlocation', 'GOG.com\\Beneath a Steel Sky'),
(48762, 'installlocation', 'GOG.com\\Broken Sword - The Shadow of the Templars'),
(48766, 'installlocation', 'GOG.com\\Broken Sword II - The Smoking Mirror'),
(48770, 'installlocation', 'GOG.com\\The Feeble Files'),
(48775, 'installlocation', 'GOG.com\\Gobliiins Pack\\Gobliins2'),
(48778, 'installlocation', 'GOG.com\\Gobliiins Pack\\Gobliins2 Floppy'),
(48781, 'installlocation', 'GOG.com\\Gobliiins Pack\\Goblins3'),
(48784, 'installlocation', 'GOG.com\\Gobliiins Pack\\Goblins3 Floppy'),
(48793, 'installlocation', 'GOG.com\\Lure of the Temptress'),
(48799, 'installlocation', 'GOG.com\\Simon the Sorcerer'),
(48803, 'installlocation', 'GOG.com\\Simon the Sorcerer 2'),
(48812, 'steamcommon', 'Altitude'),
(48813, 'userprofile', '.wesnoth'),
(48814, 'appdata', 'RenPy\\digital2-1298756237'),
(48815, 'installlocation', 'fs2_open'),
(48817, 'appdata', 'uqm'),
(48818, 'userprofile', '.uqm'),
(48819, 'appdata', 'Macromedia\\Flash Player\\localhost'),
(48820, 'appdata', '\\LoneSurvivor'),
(48821, 'flashshared', 'localhost\\steam\\steamapps\\common\\machinarium'),
(48822, 'flashshared', 'localhost\\program files\\steam\\steamapps\\common\\machinarium'),
(48823, 'flashshared', 'localhost\\steam\\steamapps\\common\\VVVVVV'),
(48824, 'installlocation', 'GOG.com\\Alone in the Dark\\INDARK'),
(48827, 'installlocation', 'GOG.com\\Alone in the Dark 2\\INDARK2'),
(48830, 'installlocation', 'GOG.com\\Alone in the Dark 3\\INDARK3'),
(48833, 'installlocation', 'GOG.com\\Zork Anthology\\Beyond Zork'),
(48836, 'installlocation', 'MPS\\COLONIZE'),
(48838, 'installlocation', 'GOG.com\\Ishar Compilation\\Crystals of Arborea'),
(48841, 'installlocation', 'GAMES\\DESCENT'),
(48842, 'installlocation', 'GOG.com\\Descent and Descent 2\\Descent'),
(48845, 'installlocation', 'GOG.com\\Robinson''s Requiem Collection\\Deus'),
(48848, 'installlocation', 'GOG.com\\Dragonsphere\\DRAGON'),
(48851, 'installlocation', 'DAGGER'),
(48852, 'installlocation', 'THROTTLE'),
(48853, 'installlocation', 'GOG.com\\Ishar Compilation\\Ishar - Legend of the Fortress'),
(48856, 'installlocation', 'GOG.com\\Ishar Compilation\\Ishar 2 - Messengers of Doom'),
(48859, 'installlocation', 'GOG.com\\Ishar Compilation\\Ishar 3 - The Seven Gates of Infinity');
INSERT INTO `game_location_paths` (`id`, `ev`, `path`) VALUES
(48862, 'installlocation', 'GOG.com\\Alone in the Dark\\JACK'),
(48865, 'installlocation', 'GOG.com\\Kings Quest 1-2-3\\Kings Quest 1'),
(48868, 'installlocation', 'GOG.com\\Kings Quest 1-2-3\\Kings Quest 2'),
(48871, 'installlocation', 'GOG.com\\Kings Quest 1-2-3\\Kings Quest 3'),
(48874, 'installlocation', 'GOG.com\\Kings Quest 4-5-6\\Kings Quest 4'),
(48877, 'installlocation', 'GOG.com\\Kings Quest 4-5-6\\Kings Quest 5'),
(48880, 'installlocation', 'GOG.com\\Kings Quest 4-5-6\\Kings Quest 6'),
(48883, 'installlocation', 'GOG.com\\KQ78\\KQ7'),
(48886, 'installlocation', 'GOG.com\\The Last Express'),
(48889, 'installlocation', 'GOG.com\\Little Big Adventure'),
(48892, 'installlocation', 'GOG.com\\Little Big Adventure 2'),
(48895, 'installlocation', 'GOG.com\\Tex Murphy 1 and 2\\Martian Memorandum'),
(48898, 'installlocation', 'GOG.com\\Master Of Magic'),
(48901, 'installlocation', 'GOG.com\\Master of Orion 1 and 2\\Master of Orion 1'),
(48904, 'installlocation', 'GOG.com\\Tex Murphy 1 and 2\\Mean Streets'),
(48907, 'installlocation', 'GOG.com\\Megarace\\Megarace'),
(48910, 'installlocation', 'GOG.com\\Megarace\\Megarace 2'),
(48913, 'installlocation', 'GOG.com\\Normality'),
(48916, 'installlocation', 'GOG.com\\One Unit Whole Blood'),
(48919, 'installlocation', 'GOG.com\\The Pandora Directive'),
(48922, 'installlocation', 'GOG.com\\Phantasmagoria'),
(48925, 'installlocation', 'GOG.com\\Phantasmagoria 2'),
(48928, 'installlocation', 'GOG.com\\Zork Anthology\\Planetfall'),
(48931, 'installlocation', 'GOG.com\\Rayman Forever\\RayFan'),
(48934, 'installlocation', 'GOG.com\\Rayman Forever\\Rayman'),
(48937, 'installlocation', 'GOG.com\\Realms of the Haunting\\ROTH'),
(48940, 'installlocation', 'GOG.com\\Redneck Rampage Collection\\Redneck Rampage'),
(48943, 'installlocation', 'GOG.com\\Return To Zork'),
(48946, 'installlocation', 'GOG.com\\Robinson''s Requiem Collection\\Robinsons Requiem'),
(48949, 'installlocation', 'SAMNMAX.CD'),
(48950, 'installlocation', 'GOG.com\\Shattered Steel'),
(48953, 'installlocation', 'GOG.com\\Space Quest 1-2-3\\Space Quest 1'),
(48956, 'installlocation', 'GOG.com\\Space Quest 1-2-3\\Space Quest 2'),
(48959, 'installlocation', 'GOG.com\\Space Quest 1-2-3\\Space Quest 3'),
(48962, 'installlocation', 'GOG.com\\Space Quest Collection\\Space Quest 4'),
(48965, 'installlocation', 'GOG.com\\Space Quest Collection\\Space Quest 5'),
(48968, 'installlocation', 'GOG.com\\Space Quest Collection\\Space Quest 6'),
(48971, 'installlocation', 'GOG.com\\Star Control 1 and 2\\Star Control 1'),
(48974, 'installlocation', 'GOG.com\\Star Control 1 and 2\\Star Control 2'),
(48977, 'installlocation', 'GOG.com\\Star Control 3\\STARCON3'),
(48980, 'installlocation', 'GOG.com\\Starflight 1 and 2\\Starflight 1\\STARFLT'),
(48983, 'installlocation', 'GOG.com\\Starflight 1 and 2\\Starflight 2'),
(48986, 'steamcommon', 'dark forces\\Game'),
(48987, 'installlocation', 'TOMBRAID'),
(48988, 'installlocation', 'GOG.com\\Tyrian 2000'),
(48991, 'installlocation', 'GOG.com\\Under a Killing Moon'),
(48994, 'installlocation', 'GOG.com\\Wing Commander 1 and 2\\WC'),
(48997, 'installlocation', 'GOG.com\\Wing Commander 1 and 2\\WC2'),
(49000, 'installlocation', 'GOG.com\\Wing Commander 3'),
(49003, 'installlocation', 'GOG.com\\Wing Commander Privateer'),
(49006, 'installlocation', 'GOG.com\\Zork Anthology\\Zero Zork'),
(49009, 'installlocation', 'GOG.com\\Zork Anthology\\Zork'),
(49012, 'installlocation', 'GOG.com\\Zork Anthology\\Zork 2'),
(49015, 'installlocation', 'GOG.com\\Zork Anthology\\Zork 3'),
(49018, 'installlocation', 'GOG.com\\Zork Nemesis - The Forbidden Lands'),
(49021, 'installlocation', 'GOG.com\\Redneck Rampage Collection\\Redneck Rides Again'),
(49025, 'drive', 'Android\\data\\net.fishlabs.GalaxyonFire2THD'),
(49026, 'drive', 'Android\\data\\com.rockstar.gta3'),
(49027, 'drive', 'games\\com.mojang\\minecraftWorlds'),
(49028, 'drive', 'Android\\data\\com.madfingergames.shadowgun'),
(49029, 'drive', 'Android\\data\\com.madfingergames.shadowgun'),
(49030, 'steamcommon', 'blackwell legacy'),
(49031, 'steamcommon', 'blackwell unbound'),
(49032, 'steamcommon', 'blackwell convergence');

-- --------------------------------------------------------

--
-- Table structure for table `game_location_registry_keys`
--

CREATE TABLE IF NOT EXISTS `game_location_registry_keys` (
  `id` bigint(20) NOT NULL,
  `root` enum('classes_root','current_user','current_config','dyn_data','local_machine','performance_data','users') NOT NULL,
  `key` longtext NOT NULL,
  `value` longtext,
  PRIMARY KEY (`id`)
) ENGINE=InnoDB DEFAULT CHARSET=utf8;

--
-- Dumping data for table `game_location_registry_keys`
--

INSERT INTO `game_location_registry_keys` (`id`, `root`, `key`, `value`) VALUES
(47261, 'current_user', 'Software\\7554', 'BASE_PATH_7554'),
(47266, 'local_machine', 'SOFTWARE\\Microsoft\\Windows\\CurrentVersion\\Uninstall\\Advent', 'UninstallString'),
(47267, 'local_machine', 'SOFTWARE\\GOG.com\\GOGADVENTRISING', 'PATH'),
(47271, 'local_machine', 'SOFTWARE\\Microsoft\\Microsoft Games\\Age of Empires\\2.0', 'InstallationDirectory'),
(47275, 'local_machine', 'SOFTWARE\\Microsoft\\Microsoft Games\\Age of Mythology\\1.0', 'AppPath'),
(47279, 'local_machine', 'SOFTWARE\\GOG.com\\GOGAOM1', 'PATH'),
(47280, 'current_user', 'Software\\Triumph Studios\\Age of Wonders\\General', 'Root Directory'),
(47287, 'local_machine', 'SOFTWARE\\Microsoft\\Windows\\CurrentVersion\\App Paths\\Alice.exe', 'Path'),
(47295, 'local_machine', 'SOFTWARE\\Monolith Productions\\Aliens vs. Predator 2\\1.0', 'InstallDir'),
(47296, 'local_machine', 'SOFTWARE\\Sierra OnLine\\Setup\\AVP2', 'Directory'),
(47300, 'local_machine', 'SOFTWARE\\GOG.com\\GOGALONEINTHEDARK', 'PATH'),
(47305, 'local_machine', 'SOFTWARE\\Microsoft\\DirectPlay\\Applications\\Sid Meier''s Alpha Centauri', 'Path'),
(47306, 'local_machine', 'SOFTWARE\\GOG.com\\GOGSIDMAIERSALPHACENTAURI', 'PATH'),
(47310, 'local_machine', 'SOFTWARE\\GOG.com\\GOGAMERZONEUS', 'PATH'),
(47311, 'local_machine', 'SOFTWARE\\GOG.com\\GOGAMERZONE', 'PATH'),
(47312, 'local_machine', 'SOFTWARE\\Microfolie''s\\L''Amerzone\\1.0', 'res'),
(47313, 'local_machine', 'SOFTWARE\\Microfolie''s\\L''Amerzone\\1.0', 'source'),
(47317, 'local_machine', 'SOFTWARE\\Eidos Interactive\\Anachronox', 'SourcePath'),
(47320, 'local_machine', 'SOFTWARE\\IGG Games\\Angels Online\\Settings', 'Path'),
(47326, 'local_machine', 'SOFTWARE\\GamersFirst\\APB\\APB Reloaded', 'Installation Path'),
(47332, 'local_machine', 'SOFTWARE\\BITBLOT_Aquaria', 'Install_Dir'),
(47337, 'local_machine', 'SOFTWARE\\GOG.com\\GOGARCANUM', 'PATH'),
(47338, 'local_machine', 'SOFTWARE\\Sierra OnLine\\Setup\\AR_USENG', 'Directory'),
(47339, 'local_machine', 'SOFTWARE\\Troika\\Arcanum', 'installed_to'),
(47346, 'local_machine', 'SOFTWARE\\Arkane Studios\\Installed Apps\\arx fatalis', 'Folder'),
(47347, 'local_machine', 'SOFTWARE\\GOG.com\\GOGARXFATALIS', 'PATH'),
(47356, 'local_machine', 'SOFTWARE\\ClockStone\\Avencast', 'InstallPath'),
(47359, 'local_machine', 'SOFTWARE\\Hasbro Interactive\\Axis and Allies', 'InstallPath'),
(47367, 'local_machine', 'SOFTWARE\\GOG.com\\GOGBALDURSGATE1', 'PATH'),
(47368, 'local_machine', 'SOFTWARE\\Microsoft\\DirectPlay\\Applications\\Baldur''s Gate', 'CurrentDirectory'),
(47371, 'local_machine', 'SOFTWARE\\GOG.com\\GOGBALDURSGATE2', 'PATH'),
(47372, 'local_machine', 'SOFTWARE\\Microsoft\\DirectPlay\\Applications\\Baldur''s Gate2', 'CurrentDirectory'),
(47386, 'local_machine', 'SOFTWARE\\Eidos Interactive\\Beach Life', 'Path'),
(47393, 'local_machine', 'SOFTWARE\\Microsoft\\Windows\\CurrentVersion\\Uninstall\\Bejeweled Deluxe 1.87', 'UninstallString'),
(47396, 'local_machine', 'SOFTWARE\\Microsoft\\Windows\\CurrentVersion\\Uninstall\\{3CD921DC-FE10-404C-99DB-FA57A6FCB32E}_is1', 'InstallLocation'),
(47399, 'local_machine', 'SOFTWARE\\Microsoft\\Windows\\CurrentVersion\\Uninstall\\Bet on Soldier_is1', 'InstallLocation'),
(47404, 'local_machine', 'SOFTWARE\\Ubisoft\\Beyond Good & Evil', 'Install path'),
(47405, 'local_machine', 'SOFTWARE\\GOG.com\\GOGBEYONDGOODANDEVIL', 'PATH'),
(47412, 'local_machine', 'SOFTWARE\\Microsoft\\Windows\\CurrentVersion\\App Paths\\Black.exe', 'Path'),
(47414, 'local_machine', 'SOFTWARE\\Microsoft\\Windows\\CurrentVersion\\Uninstall\\Black Market_is1', 'InstallLocation'),
(47430, 'local_machine', 'SOFTWARE\\GOG.com\\GOGBLOOD2', 'PATH'),
(47431, 'local_machine', 'SOFTWARE\\Monolith Productions\\Blood2\\1.0', 'WorkingDirectory'),
(47436, 'local_machine', 'SOFTWARE\\GOG.com\\GOGBLOODRAYNE1', 'PATH'),
(47437, 'local_machine', 'SOFTWARE\\Terminal Reality\\BloodRayne', 'PATH'),
(47440, 'local_machine', 'SOFTWARE\\GOG.com\\GOGBLOODRAYNE2', 'PATH'),
(47450, 'local_machine', 'SOFTWARE\\GOG.com\\GOGBROKENSWORD3', 'PATH'),
(47462, 'local_machine', 'SOFTWARE\\Activision\\Call of Duty 4', 'InstallPath'),
(47466, 'local_machine', 'SOFTWARE\\Activision\\Call of Duty Black Ops', 'InstallPath'),
(47475, 'local_machine', 'SOFTWARE\\Sunstorm Interactive\\Carnivores Cityscape', 'Path'),
(47480, 'local_machine', 'SOFTWARE\\GOG.com\\GOGCHASER', 'PATH'),
(47481, 'local_machine', 'SOFTWARE\\Cauldron\\Chaser', 'InstallDir'),
(47496, 'local_machine', 'SOFTWARE\\Infogrames Interactive\\Civilization III', 'Install_Path'),
(47511, 'local_machine', 'SOFTWARE\\Valve\\CZero', 'InstallPath'),
(47515, 'local_machine', 'SOFTWARE\\GOG.com\\GOGCRYOSTASIS', 'PATH'),
(47522, 'local_machine', 'HKEY_LOCAL_MACHINE\\SOFTWARE\\Telltale Games\\CSI4.exe', 'Install Location'),
(47531, 'local_machine', 'SOFTWARE\\Eidos Interactive\\Daikatana\\1.00.000', 'SourcePath'),
(47534, 'local_machine', 'SOFTWARE\\Microsoft\\Windows\\CurrentVersion\\Uninstall\\{3D6293F2-53DA-45A1-B7F4-1843CA3B2658}', 'InstallLocation'),
(47539, 'local_machine', 'SOFTWARE\\Paradox Interactive\\Dark Horizon', 'Path'),
(47542, 'local_machine', 'SOFTWARE\\Ubisoft\\Dark Messiah of Might and Magic', 'Install Location'),
(47545, 'local_machine', 'SOFTWARE\\Microsoft\\Windows\\CurrentVersion\\Uninstall\\Darkness Within: In Pursuit of Loath Nolder_is1', 'InstallLocation'),
(47548, 'local_machine', 'SOFTWARE\\Microsoft\\Windows\\CurrentVersion\\Uninstall\\Darkness Within 2: The Dark Lineage_is1', 'InstallLocation'),
(47555, 'local_machine', 'SOFTWARE\\DelphineSoft\\Darkstone\\CurrentVersion\\Darkstone', 'Path'),
(47566, 'local_machine', 'SOFTWARE\\GOG.com\\GOGDEMONSTONE', 'PATH'),
(47571, 'local_machine', 'SOFTWARE\\PARALLAX\\DESCENT II\\1.1\\INSTALL', 'WINPATH'),
(47572, 'local_machine', 'SOFTWARE\\GOG.com\\GOGDESCENT2', 'PATH'),
(47577, 'local_machine', 'SOFTWARE\\GOG.com\\GOGDESCENT3', 'PATH'),
(47581, 'local_machine', 'SOFTWARE\\GOG.com\\GOGFREESPACE', 'PATH'),
(47584, 'local_machine', 'SOFTWARE\\Spellbound Software\\Desperados 1.0', 'InstallPath'),
(47589, 'local_machine', 'SOFTWARE\\Unreal Technology\\Installed Apps\\Deus Ex', 'Folder'),
(47590, 'local_machine', 'SOFTWARE\\GOG.com\\GOGDEUSX', 'PATH'),
(47595, 'local_machine', 'SOFTWARE\\Blizzard Entertainment\\Archives', 'DiabloInstall'),
(47596, 'local_machine', 'SOFTWARE\\Blizzard Entertainment\\Diablo\\DelOpt0', 'Path0'),
(47599, 'local_machine', 'SOFTWARE\\Blizzard Entertainment\\Diablo II', 'InstallPath'),
(47610, 'local_machine', 'SOFTWARE\\id\\Doom 3', 'InstallPath'),
(47615, 'local_machine', 'SOFTWARE\\GOG.com\\GOGDNDDRAGONSHARD', 'PATH'),
(47620, 'local_machine', 'SOFTWARE\\Microsoft\\Windows\\CurrentVersion\\Uninstall\\{D751B34C-058F-42EF-BE95-14EBB0D2C585}', 'InstallLocation'),
(47621, 'local_machine', 'SOFTWARE\\Microsoft\\Windows\\CurrentVersion\\Uninstall\\Dreamfall the Longest Journey_is1', 'InstallLocation'),
(47631, 'local_machine', 'SOFTWARE\\Microsoft\\Windows\\CurrentVersion\\App Paths\\Keeper', 'Path'),
(47632, 'local_machine', 'SOFTWARE\\GOG.com\\GOGDUNGEONKEEPERDOS', 'PATH'),
(47640, 'local_machine', 'SOFTWARE\\GOG.com\\GOGEARTH2140', 'PATH'),
(47641, 'current_user', 'Software\\Reality Pump\\Earth 2140', 'Path'),
(47644, 'local_machine', 'SOFTWARE\\GOG.com\\GOGEARTH2150ESCAPE', 'PATH'),
(47645, 'local_machine', 'SOFTWARE\\Topware\\Earth 2150\\BaseGame\\FileSystem', 'OutputDir'),
(47648, 'local_machine', 'SOFTWARE\\GOG.com\\GOGEARTH2150LOSTSOULS', 'PATH'),
(47649, 'local_machine', 'SOFTWARE\\Reality Pump\\LostSouls\\BaseGame\\FileSystem', 'OutputDir'),
(47652, 'local_machine', 'SOFTWARE\\GOG.com\\GOGEARTH2150MOONPROJECT', 'PATH'),
(47653, 'local_machine', 'SOFTWARE\\Topware\\TheMoonProject\\BaseGame\\FileSystem', 'OutputDir'),
(47657, 'local_machine', 'SOFTWARE\\GOG.com\\GOGEARTHWORMJIM3D', 'PATH'),
(47658, 'local_machine', 'SOFTWARE\\Vis Interactive\\Earthworm Jim 3D', 'ExecutableLocation'),
(47663, 'local_machine', 'SOFTWARE\\Bethesda Softworks\\Morrowind', 'Installed Path'),
(47668, 'current_user', 'Software\\3LV Games\\IwoJima Launcher\\1.0', 'InstallPath'),
(47671, 'local_machine', 'SOFTWARE\\GOG.com\\GOGEMPIREEARTH', 'PATH'),
(47672, 'local_machine', 'SOFTWARE\\Sierra OnLine\\Setup\\EEARTH', 'Directory'),
(47683, 'local_machine', 'SOFTWARE\\GOG.com\\GOGEVILGENIUS', 'PATH'),
(47684, 'local_machine', 'SOFTWARE\\VUGames\\Evil Genius\\1.0.0.0', 'Directory'),
(47688, 'local_machine', 'SOFTWARE\\GOG.com\\GOGEVOLVA', 'PATH'),
(47689, 'local_machine', 'SOFTWARE\\Computer Artworks\\Evolva\\1.0', 'InstallDir'),
(47702, 'local_machine', 'SOFTWARE\\Microsoft\\Windows\\CurrentVersion\\App Paths\\falloutw.exe', 'Path'),
(47703, 'local_machine', 'SOFTWARE\\Microsoft\\Windows\\CurrentVersion\\App Paths\\falloutw.exe', 'Path'),
(47707, 'local_machine', 'SOFTWARE\\GOG.com\\GOGFALLOUT2', 'PATH'),
(47708, 'local_machine', 'SOFTWARE\\Microsoft\\Windows\\CurrentVersion\\App Paths\\fallout2.exe', 'Path'),
(47713, 'local_machine', 'SOFTWARE\\GOG.com\\GOGFALLOUTTACTICS', 'PATH'),
(47717, 'local_machine', 'SOFTWARE\\Microsoft\\Windows\\CurrentVersion\\Uninstall\\{D6DBDC2A-E72C-4284-B6AD-6B3B61B4DABC}', 'InstallLocation'),
(47731, 'local_machine', 'SOFTWARE\\Square Soft, Inc.\\Final Fantasy VII', 'AppPath'),
(47743, 'local_machine', 'SOFTWARE\\GOG.com\\GOGFREESPACE2', 'PATH'),
(47746, 'local_machine', 'SOFTWARE\\Microsoft\\DirectPlay\\Applications\\Frogger2 - Swampy''s Revenge', 'Path'),
(47752, 'local_machine', 'SOFTWARE\\GOG.com\\GOGGABRIELKNIGHT1', 'PATH'),
(47755, 'local_machine', 'SOFTWARE\\GOG.com\\GOGGABRIELKNIGHT3', 'PATH'),
(47767, 'local_machine', 'SOFTWARE\\SEGA\\Ubisoft\\Ghost Recon Advanced Warfighter', 'InstalledPath'),
(47771, 'local_machine', 'SOFTWARE\\Microsoft\\Windows\\CurrentVersion\\App Paths\\giants.exe', 'Path'),
(47772, 'local_machine', 'SOFTWARE\\GOG.com\\GOGGIANTS', 'PATH'),
(47773, 'current_user', 'Software\\PlanetMoon\\Giants', 'DestDir'),
(47788, 'local_machine', 'SOFTWARE\\LucasArts Entertainment Company LLC\\Grim Fandango\\v1.0', 'Install Path'),
(47794, 'local_machine', 'SOFTWARE\\ArenaNet\\Guild Wars', 'Path'),
(47800, 'local_machine', 'SOFTWARE\\Microsoft\\Windows\\CurrentVersion\\App Paths\\Gunmetal.exe', 'Path'),
(47804, 'local_machine', 'SOFTWARE\\Stardock\\Drengin.net\\hev', 'Path'),
(47808, 'local_machine', 'SOFTWARE\\GOG.com\\GOGHAEGEMONIALOI', 'PATH'),
(47809, 'local_machine', 'Software\\Digital Reality\\Haegemonia', 'InstallPath'),
(47813, 'local_machine', 'SOFTWARE\\Sierra OnLine\\Setup\\HALFLIFE', 'Directory'),
(47822, 'local_machine', 'SOFTWARE\\Microsoft\\DirectPlay\\Applications\\Hardwar', 'Path'),
(47825, 'local_machine', 'SOFTWARE\\Paradox Interactive\\Hearts of Iron 2', 'path'),
(47829, 'local_machine', 'SOFTWARE\\Buka\\Hellforces', NULL),
(47832, 'local_machine', 'SOFTWARE\\GOG.com\\GOGHOMM3COMPLETE', 'PATH'),
(47833, 'local_machine', 'SOFTWARE\\New World Computing\\Heroes of Might and Magic® III\\1.0', 'AppPath'),
(47836, 'local_machine', 'SOFTWARE\\Eidos Interactive\\Hitman 2', 'InstallDir'),
(47839, 'local_machine', 'SOFTWARE\\Microsoft\\Windows\\CurrentVersion\\App Paths\\hitman.exe', 'Path'),
(47841, 'local_machine', 'SOFTWARE\\Eidos\\Hitman Contracts', 'InstallDir'),
(47843, 'local_machine', 'SOFTWARE\\Sierra On-Line\\Homeworld', 'HW_Data'),
(47844, 'local_machine', 'SOFTWARE\\Sierra OnLine\\Setup\\HW_USENG', 'Directory'),
(47847, 'local_machine', 'SOFTWARE\\Microsoft\\Windows\\CurrentVersion\\Uninstall\\Homeworld2', 'UninstallString'),
(47848, 'local_machine', 'SOFTWARE\\Microsoft\\Windows\\CurrentVersion\\GameUX\\S-1-5-21-3098754084-4185171617-473594350-1001\\{0BAF4666-90BC-40F3-B9E1-0784F10089F4}', 'ConfigApplicationPath'),
(47852, 'local_machine', 'SOFTWARE\\GOG.com\\GOGICEWINDDALE1', 'PATH'),
(47853, 'local_machine', 'SOFTWARE\\Black Isle\\Icewind Dale - Heart of Winter', 'Path'),
(47856, 'local_machine', 'SOFTWARE\\GOG.com\\GOGICEWINDDALE2', 'PATH'),
(47859, 'local_machine', 'SOFTWARE\\Conduit\\AppPaths\\icytower15.exe', 'AppPath'),
(47862, 'local_machine', 'SOFTWARE\\GOG.com\\GOGINCOMING', 'PATH'),
(47866, 'local_machine', 'SOFTWARE\\GOG.com\\GOGEVENMORE2', 'PATH'),
(47870, 'local_machine', 'SOFTWARE\\Microsoft\\Windows\\CurrentVersion\\App Paths\\IWar.exe', 'Path'),
(47871, 'local_machine', 'SOFTWARE\\GOG.com\\GOGIWAR', 'PATH'),
(47876, 'local_machine', 'SOFTWARE\\Microsoft\\Windows\\CurrentVersion\\GameUX\\S-1-5-21-3098754084-4185171617-473594350-1001\\{78195E7A-960D-4D09-95F6-E4DF5FF739CB}', 'ConfigApplicationPath'),
(47877, 'local_machine', 'SOFTWARE\\GOG.com\\GOGIWAR2', 'PATH'),
(47885, 'local_machine', 'SOFTWARE\\Microsoft\\Windows\\CurrentVersion\\Uninstall\\{B01722D3-75CC-461E-B41F-BB4BE30CE9E4}', 'InstallLocation'),
(47889, 'local_machine', 'SOFTWARE\\BioWare\\Jade Empire', 'Path'),
(47893, 'local_machine', 'SOFTWARE\\Microsoft\\Windows\\CurrentVersion\\Uninstall\\{BCB9DF93-537D-433D-AF3B-36025DEF5798}', 'InstallLocation'),
(47897, 'local_machine', 'SOFTWARE\\GOG.com\\GOGJUDGEDREDD', 'PATH'),
(47898, 'local_machine', 'SOFTWARE\\Rebellion\\Dredd', 'PATH'),
(47909, 'local_machine', 'SOFTWARE\\GOG.com\\GOGKQ8', 'PATH'),
(47916, 'current_user', 'Software\\LIMBO', NULL),
(47922, 'current_user', 'Software\\Paper Sun\\Roots', 'Root'),
(47935, 'local_machine', 'SOFTWARE\\Microsoft\\Windows\\CurrentVersion\\Uninstall\\Mark Leung - Revenge of the Bitchv1.3', 'InstallLocation'),
(47942, 'local_machine', 'SOFTWARE\\GOG.com\\GOGMASTEROFORION2', 'PATH'),
(47946, 'local_machine', 'SOFTWARE\\Microsoft\\Windows\\CurrentVersion\\Uninstall\\{E571E8B1-9771-465D-9DE0-3BA2D1BDAE99}', 'InstallLocation'),
(47951, 'local_machine', 'SOFTWARE\\GOG.com\\GOGMDK', 'PATH'),
(47954, 'local_machine', 'SOFTWARE\\GOG.com\\GOGMDK2', 'PATH'),
(47957, 'local_machine', 'SOFTWARE\\FASA Interactive\\MechCommander', 'Path'),
(47960, 'local_machine', 'SOFTWARE\\Microsoft\\Microsoft Games\\MechCommander2\\1.0', 'EXE Path'),
(47968, 'local_machine', 'SOFTWARE\\Activision\\Activenet\\Applications\\1060.2.1', 'Cwd'),
(47972, 'local_machine', 'SOFTWARE\\Activision\\Activenet\\Applications\\1020.2.1', 'Cwd'),
(47975, 'local_machine', 'SOFTWARE\\MicroProse\\MechWarrior 3\\1.0', 'Program'),
(47977, 'local_machine', 'SOFTWARE\\Microsoft\\Microsoft Games\\MechWarrior Mercenaries', 'EXE Path'),
(47979, 'local_machine', 'SOFTWARE\\Microsoft\\Microsoft Games\\MechWarrior Vengeance', 'EXE Path'),
(47983, 'local_machine', 'SOFTWARE\\SEGA\\Medieval II Total War', 'AppPath'),
(47986, 'local_machine', 'SOFTWARE\\GOG.com\\GOGMEGARACE3', 'SAVEGAMEFOLDER'),
(47989, 'local_machine', 'SOFTWARE\\GOG.com\\GOGMESSIAH', 'PATH'),
(47993, 'local_machine', 'SOFTWARE\\NovaLogic\\MiG-29 Fulcrum\\1.00.000', 'ExecPath'),
(48002, 'local_machine', 'SOFTWARE\\Microsoft\\Windows\\CurrentVersion\\Uninstall\\Mortyr_is1', 'InstallLocation'),
(48005, 'local_machine', 'SOFTWARE\\Microsoft\\DirectPlay\\Applications\\Motocross Madness', 'Path'),
(48011, 'local_machine', 'SOFTWARE\\Microsoft\\Windows\\CurrentVersion\\App Paths\\M3.exe', 'Path'),
(48013, 'local_machine', 'SOFTWARE\\Microsoft\\Windows\\CurrentVersion\\Uninstall\\{96F702F3-7CA4-41B5-A70A-4F348DF99A9A}', 'InstallLocation'),
(48019, 'local_machine', 'SOFTWARE\\GOG.com\\GOGURUCC', 'PATH'),
(48028, 'local_machine', 'SOFTWARE\\Deep Silver\\Neuro Hunter', 'INSTALL_DIR'),
(48032, 'local_machine', 'SOFTWARE\\BioWare\\NWN\\Neverwinter', 'Location'),
(48033, 'local_machine', 'SOFTWARE\\GOG.com\\GOGNWNDIAMOND', 'PATH'),
(48040, 'local_machine', 'SOFTWARE\\Monolith Productions\\No One Lives Forever\\1.0', 'WorkingDirectory'),
(48044, 'local_machine', 'SOFTWARE\\Monolith Productions\\No One Lives Forever 2\\1.0', 'InstallDir'),
(48048, 'local_machine', 'SOFTWARE\\GOG.com\\GOGABESEXODDUS', 'PATH'),
(48052, 'local_machine', 'SOFTWARE\\GOG.com\\GOGABESODDYSEE', 'PATH'),
(48065, 'local_machine', 'SOFTWARE\\GOG.com\\GOGOUTCAST', 'PATH'),
(48068, 'local_machine', 'SOFTWARE\\Sierra OnLine\\Setup\\Outpost2', 'Directory'),
(48075, 'local_machine', 'SOFTWARE\\PeopleCanFly\\Painkiller', 'AddonPath'),
(48076, 'local_machine', 'SOFTWARE\\PeopleCanFly\\Painkiller', 'EXEpath'),
(48077, 'local_machine', 'SOFTWARE\\GOG.com\\GOGPAINKILLERBLACK', 'PATH'),
(48083, 'local_machine', 'SOFTWARE\\Ice-pick Lodge\\Mor. Utopia', NULL),
(48093, 'current_user', 'Software\\PopCap\\PeggleNights', 'RunPath'),
(48096, 'local_machine', 'SOFTWARE\\PopCap\\PeggleWoW', 'InstallPath'),
(48105, 'local_machine', 'SOFTWARE\\Microsoft\\Windows\\CurrentVersion\\App Paths\\torment.exe', 'Path'),
(48106, 'local_machine', 'SOFTWARE\\GOG.com\\GOGPLANESCAPETOURMENT', 'PATH'),
(48115, 'local_machine', 'SOFTWARE\\Ascaron\\Port Royale', 'InstalledTo'),
(48116, 'local_machine', 'SOFTWARE\\GOG.com\\GOGPORTROYALE', 'PATH'),
(48119, 'local_machine', 'SOFTWARE\\GOG.com\\GOGPOSTAL1CU', 'PATH'),
(48120, 'local_machine', 'SOFTWARE\\Running With Scissors\\Postal Classic & Uncut', 'InstallDir'),
(48124, 'local_machine', 'SOFTWARE\\Running With Scissors\\Postal2STP\\Full\\US', 'InstallDir'),
(48125, 'local_machine', 'SOFTWARE\\GOG.com\\GOGPOSTAL2STP', 'PATH'),
(48132, 'local_machine', 'SOFTWARE\\ARUSH\\Primal Prey\\1.0.0.1', 'EXE'),
(48138, 'local_machine', 'SOFTWARE\\GOG.com\\GOGPOP1', 'PATH'),
(48139, 'local_machine', 'SOFTWARE\\UBISOFT\\Prince of Persia The Sands of Time\\1.00.181', 'Product_Path'),
(48148, 'local_machine', 'SOFTWARE\\Microsoft\\Windows\\CurrentVersion\\Uninstall\\{A129D1F2-CAC4-4AD7-B26D-3C6411B87DCC}', 'InstallLocation'),
(48149, 'local_machine', 'SOFTWARE\\GOG.com\\GOGPSYCHONAUTS', 'PATH'),
(48155, 'local_machine', 'SOFTWARE\\Microsoft\\Windows\\CurrentVersion\\App Paths\\Quake2_exe', 'Path'),
(48158, 'local_machine', 'SOFTWARE\\id\\Quake 4', 'InstallPath'),
(48169, 'local_machine', 'SOFTWARE\\GOG.com\\GOGRAPTOR', 'PATH'),
(48172, 'local_machine', 'Software\\GFI\\RatHunter_Release\\InstallPath', 'Path'),
(48175, 'local_machine', 'SOFTWARE\\GOG.com\\GOGRAYMAN2', 'PATH'),
(48178, 'local_machine', 'SOFTWARE\\GOG.com\\GOGRAYMAN3', 'PATH'),
(48179, 'local_machine', 'SOFTWARE\\Ubi Soft\\RAYMAN 3', 'InstallDir'),
(48182, 'local_machine', 'SOFTWARE\\GOG.com\\GOGREALMYST', 'PATH'),
(48186, 'local_machine', 'SOFTWARE\\Microsoft\\Windows\\CurrentVersion\\App Paths\\RedFaction.exe', 'Path'),
(48188, 'local_machine', 'SOFTWARE\\Microsoft\\Windows\\CurrentVersion\\Uninstall\\{E074FB23-D61B-4C6A-AD15-AB9695ED2EF7}', 'InstallLocation'),
(48193, 'local_machine', 'SOFTWARE\\GOG.com\\GOGRETURN', 'PATH'),
(48194, 'local_machine', 'SOFTWARE\\Sierra OnLine\\Setup\\CONTRAP', 'Directory'),
(48198, 'local_machine', 'SOFTWARE\\Activision\\Return to Castle Wolfenstein - Platinum Edition', 'InstallPath'),
(48199, 'local_machine', 'SOFTWARE\\Activision\\Return to Castle Wolfenstein', 'InstallPath'),
(48200, 'local_machine', 'SOFTWARE\\Activision\\Return to Castle Wolfenstein - Game of The Year Edition', 'InstallPath'),
(48210, 'local_machine', 'SOFTWARE\\Infogrames\\RollerCoaster Tycoon 2 Setup', 'Path'),
(48214, 'local_machine', 'SOFTWARE\\The Creative Assembly\\Rome - Total War', 'InstallPath'),
(48219, 'local_machine', 'SOFTWARE\\Microsoft\\Windows\\CurrentVersion\\Uninstall\\Runaway_is1', 'InstallLocation'),
(48220, 'local_machine', 'SOFTWARE\\GOG.com\\GOGRUNAWAY', 'PATH'),
(48230, 'local_machine', 'SOFTWARE\\Telltale Games\\SamMax101.exe', 'Install Location'),
(48235, 'local_machine', 'SOFTWARE\\Telltale Games\\SamMax102.exe', 'Install Location'),
(48240, 'local_machine', 'SOFTWARE\\Telltale Games\\SamMax103.exe', 'Install Location'),
(48245, 'local_machine', 'SOFTWARE\\Telltale Games\\SamMax104.exe', 'Install Location'),
(48250, 'local_machine', 'SOFTWARE\\Telltale Games\\SamMax105.exe', 'Install Location'),
(48255, 'local_machine', 'SOFTWARE\\Telltale Games\\SamMax106.exe', 'Install Location'),
(48259, 'local_machine', 'SOFTWARE\\Telltale Games\\SamMax201.exe', 'Install Location'),
(48264, 'local_machine', 'SOFTWARE\\Telltale Games\\SamMax202.exe', 'Install Location'),
(48269, 'local_machine', 'SOFTWARE\\Telltale Games\\SamMax203.exe', 'Install Location'),
(48274, 'local_machine', 'SOFTWARE\\Telltale Games\\SamMax204.exe', 'Install Location'),
(48279, 'local_machine', 'SOFTWARE\\Telltale Games\\SamMax205.exe', 'Install Location'),
(48290, 'local_machine', 'SOFTWARE\\GOG.com\\GOGSANITARIUM', 'PATH'),
(48291, 'local_machine', 'SOFTWARE\\Microsoft\\Windows\\CurrentVersion\\App Paths\\Sntrm.exe', 'Path'),
(48300, 'local_machine', 'SOFTWARE\\Codemasters\\Second Sight\\Install Location', 'Location'),
(48301, 'local_machine', 'SOFTWARE\\GOG.com\\GOGSECONDSIGHT', 'PATH'),
(48308, 'local_machine', 'SOFTWARE\\Valkyrie Studios\\Septerra Core', 'InstallPath'),
(48309, 'local_machine', 'SOFTWARE\\GOG.com\\GOGSEPTERRACORE', 'PATH'),
(48315, 'local_machine', 'SOFTWARE\\Microsoft\\Windows\\CurrentVersion\\Uninstall\\Shadowgrounds_is1', 'InstallLocation'),
(48319, 'local_machine', 'SOFTWARE\\SONOV\\Shaiya', 'Path'),
(48323, 'local_machine', 'SOFTWARE\\Monolith Productions\\Shogo\\1.0', 'WorkingDirectory'),
(48324, 'local_machine', 'SOFTWARE\\Microsoft\\DirectPlay\\Applications\\Shogo', 'Path'),
(48330, 'current_user', 'Software\\Maxis\\SimCity 2000\\Paths', 'Home'),
(48333, 'local_machine', 'SOFTWARE\\GOG.com\\GOGSIMON3D', 'PATH'),
(48348, 'local_machine', 'SOFTWARE\\GOG.com\\GOGSPACERANGERS', 'PATH'),
(48351, 'local_machine', 'SOFTWARE\\GOG.com\\GOGSPACERANGERS2', 'PATH'),
(48354, 'local_machine', 'SOFTWARE\\GOG.com\\GOGPACKSPACERANGERS2REBOOT', 'PATH'),
(48373, 'local_machine', 'SOFTWARE\\Blizzard Entertainment\\StarCraft', 'InstallPath'),
(48376, 'local_machine', 'SOFTWARE\\Microsoft\\Microsoft Games\\StarLancer\\1.0', 'InstallationDirectory'),
(48377, 'local_machine', 'SOFTWARE\\Microsoft\\DirectPlay\\Applications\\StarLancer', 'Path'),
(48380, 'local_machine', 'SOFTWARE\\Microsoft\\DirectPlay\\Applications\\Startopia', 'Path'),
(48386, 'local_machine', 'SOFTWARE\\LucasArts Entertainment Company\\JediKnight\\v1.0', 'Install Path'),
(48391, 'local_machine', 'SOFTWARE\\BioWare\\SW\\KOTOR', 'Path'),
(48394, 'local_machine', 'SOFTWARE\\LucasArts\\KotOR2', 'Path'),
(48399, 'local_machine', 'SOFTWARE\\GOG.com\\GOGSTARWOLVES', 'PATH'),
(48400, 'local_machine', 'SOFTWARE\\Cenega\\Star Wolves\\1.0', 'directory'),
(48404, 'local_machine', 'SOFTWARE\\GOG.com\\GOGSTILLLIFE', 'PATH'),
(48405, 'local_machine', 'SOFTWARE\\Microids\\StillLife', 'CurrentPath'),
(48414, 'local_machine', 'SOFTWARE\\TeamMeat\\SuperMeatBoy', 'Install_Path'),
(48422, 'local_machine', 'SOFTWARE\\Microsoft\\Windows\\CurrentVersion\\App Paths\\shock2.exe', 'Path'),
(48425, 'local_machine', 'SOFTWARE\\Microsoft\\Windows\\CurrentVersion\\App Paths\\tachyon.exe', 'Path'),
(48436, 'local_machine', 'SOFTWARE\\Akella\\Tarr Chronicles', 'Path'),
(48437, 'local_machine', 'SOFTWARE\\Quazar\\Tarr', 'Path'),
(48440, 'local_machine', 'SOFTWARE\\Microsoft\\Windows\\CurrentVersion\\Uninstall\\[TECNO - the Base]_is1', 'InstallLocation'),
(48443, 'local_machine', 'SOFTWARE\\GOG.com\\GOGTEMPLEOFELEMENTAEVIL', 'PATH'),
(48450, 'local_machine', 'SOFTWARE\\Microsoft\\Windows\\CurrentVersion\\Uninstall\\TTCO_is1', 'InstallLocation'),
(48454, 'local_machine', 'SOFTWARE\\GOG.com\\GOGTEX5', 'PATH'),
(48457, 'current_user', 'Software\\GFI\\They''re alive!', 'path'),
(48460, 'local_machine', 'SOFTWARE\\Microsoft\\Windows\\CurrentVersion\\App Paths\\thief2.exe', 'Path'),
(48471, 'current_user', 'Software\\core design\\Tomb Raider II', 'AppPath'),
(48488, 'local_machine', 'SOFTWARE\\Monolith Productions\\Tron 2.0\\1.0', 'InstallDir'),
(48491, 'local_machine', 'SOFTWARE\\GOG.com\\GOGTROPICO1', 'PATH'),
(48492, 'local_machine', 'SOFTWARE\\Kalypso Media\\Tropico Reloaded\\Tropico', 'Directory'),
(48495, 'local_machine', 'SOFTWARE\\GOG.com\\GOGTROPICO2', 'PATH'),
(48496, 'local_machine', 'SOFTWARE\\Kalypso Media\\Tropico Reloaded\\Tropico2', 'Directory'),
(48500, 'local_machine', 'SOFTWARE\\Activision\\True Crime', 'InstallPath'),
(48506, 'local_machine', 'SOFTWARE\\Microsoft\\Windows\\CurrentVersion\\App Paths\\UFO.exe', 'Path'),
(48509, 'local_machine', 'SOFTWARE\\Microsoft\\Windows\\CurrentVersion\\App Paths\\undying.exe', 'Path'),
(48515, 'local_machine', 'SOFTWARE\\Unreal Technology\\Installed Apps\\Unreal Gold', 'Folder'),
(48516, 'local_machine', 'SOFTWARE\\GOG.com\\GOGUNREAL', 'PATH'),
(48522, 'local_machine', 'SOFTWARE\\Microsoft\\Windows\\CurrentVersion\\Uninstall\\{626F32D6-007C-41D5-8157-9509AB1428BE}', 'InstallLocation'),
(48523, 'local_machine', 'SOFTWARE\\GOG.com\\GOGUNREAL2', 'PATH'),
(48524, 'local_machine', 'SOFTWARE\\Unreal Technology\\Installed Apps\\U2XMP', 'Folder'),
(48528, 'local_machine', 'SOFTWARE\\GOG.com\\GOGUT', 'PATH'),
(48529, 'local_machine', 'SOFTWARE\\Unreal Technology\\Installed Apps\\UnrealTournament', 'Folder'),
(48534, 'local_machine', 'SOFTWARE\\Unreal Technology\\Installed Apps\\UT2004', 'Folder'),
(48535, 'local_machine', 'SOFTWARE\\GOG.com\\GOGUT2004', 'PATH'),
(48541, 'local_machine', 'SOFTWARE\\Activision\\Vampire - Bloodlines', 'InstallPath'),
(48544, 'local_machine', 'SOFTWARE\\GOG.com\\GOGVAMPIRE', 'PATH'),
(48551, 'local_machine', 'SOFTWARE\\Microsoft\\Windows\\CurrentVersion\\Uninstall\\Vigil Blood Bitterness_is1', 'InstallLocation'),
(48554, 'current_user', 'Software\\CENEGA\\Vivisector', 'InstallPath'),
(48564, 'current_user', 'Software\\Blizzard Entertainment\\Warcraft III', 'InstallPath'),
(48569, 'local_machine', 'SOFTWARE\\THQ\\Dawn of War - Dark Crusade', 'InstallLocation'),
(48577, 'local_machine', 'SOFTWARE\\GOG.com\\GOGWC4', 'PATH'),
(48587, 'local_machine', 'SOFTWARE\\Blizzard Entertainment\\World of Warcraft', 'InstallPath'),
(48590, 'local_machine', 'SOFTWARE\\Microsoft\\DirectPlay\\Applications\\worms2', 'Path'),
(48593, 'local_machine', 'SOFTWARE\\Microsoft\\Windows\\CurrentVersion\\App Paths\\X2 Key', 'Path'),
(48601, 'local_machine', 'SOFTWARE\\GOG.com\\GOGXIII', 'PATH'),
(48605, 'local_machine', 'SOFTWARE\\Techland\\XpandRally', 'DestinationDir'),
(48607, 'local_machine', 'SOFTWARE\\Techland\\XpandRallyXtreme', 'DestinationDir'),
(48613, 'local_machine', 'SOFTWARE\\GOG.com\\GOGZORKDARKINQUISITOR', 'PATH'),
(48626, 'local_machine', 'SOFTWARE\\Sierra OnLine\\Setup\\AVP2X', 'Directory'),
(48627, 'local_machine', 'SOFTWARE\\Third Law Interactive\\Aliens versus Predator 2: Primal Hunt\\1.0', 'InstallDir'),
(48630, 'local_machine', 'SOFTWARE\\Infogrames\\Conquests', 'Install_Path'),
(48633, 'local_machine', 'SOFTWARE\\Infogrames\\Civ3PTW', 'Install_Path'),
(48640, 'local_machine', 'SOFTWARE\\Sierra OnLine\\Setup\\HELLFIRE', 'Directory'),
(48644, 'local_machine', 'SOFTWARE\\GOG.com\\GOGEMPIREEARTHADDON', 'PATH'),
(48645, 'local_machine', 'SOFTWARE\\Sierra OnLine\\Setup\\EEAOC', 'Directory'),
(48653, 'local_machine', 'SOFTWARE\\GOG.com\\GOGHAEGEMONIATSH', 'PATH'),
(48654, 'current_user', 'Software\\Digital Reality\\HaegemoniaAddOn', 'InstallPath'),
(48658, 'local_machine', 'SOFTWARE\\Sierra OnLine\\Setup\\HALFLIFE', 'Directory'),
(48661, 'local_machine', 'SOFTWARE\\Sierra OnLine\\Setup\\HALFLIFE', 'Directory'),
(48663, 'local_machine', 'SOFTWARE\\Paradox Interactive\\Doomsday', 'path'),
(48666, 'local_machine', 'SOFTWARE\\Sierra On-Line\\Cataclysm', 'HW_Data'),
(48667, 'local_machine', 'SOFTWARE\\Sierra OnLine\\Setup\\HC_USENG', 'Directory'),
(48676, 'local_machine', 'SOFTWARE\\Microsoft\\Microsoft Games\\MechWarrior Black Knight', 'EXE Path'),
(48683, 'local_machine', 'SOFTWARE\\Running With Scissors\\Postal2AW', 'InstallDir'),
(48687, 'local_machine', 'SOFTWARE\\The Creative Assembly\\Rome - Total War - Alexander add-on', 'InstallPath'),
(48696, 'current_user', 'Software\\core design\\Tomb Raider II Gold', 'GoldPath'),
(48697, 'local_machine', 'SOFTWARE\\Microsoft\\Windows\\CurrentVersion\\App Paths\\t2gold.exe', 'Path'),
(48702, 'local_machine', 'SOFTWARE\\MASGAU', 'InstallPath'),
(48707, 'local_machine', 'SOFTWARE\\UbiSoft\\Launcher', 'InstallDir'),
(48759, 'local_machine', 'SOFTWARE\\GOG.com\\GOGBENEATH', 'PATH'),
(48763, 'local_machine', 'SOFTWARE\\GOG.com\\GOGBROKENSWORD1', 'PATH'),
(48767, 'local_machine', 'SOFTWARE\\GOG.com\\GOGBROKENSWORD2', 'PATH'),
(48771, 'local_machine', 'SOFTWARE\\GOG.com\\GOGFEBBLEFILES', 'PATH'),
(48776, 'local_machine', 'SOFTWARE\\GOG.com\\GOGGOBLINS2', 'PATH'),
(48779, 'local_machine', 'SOFTWARE\\GOG.com\\GOGGOBLINS2FDD', 'PATH'),
(48782, 'local_machine', 'SOFTWARE\\GOG.com\\GOGGOBLINS3', 'PATH'),
(48785, 'local_machine', 'SOFTWARE\\GOG.com\\GOGGOBLINS3FDD', 'PATH'),
(48794, 'local_machine', 'SOFTWARE\\GOG.com\\GOGLURE', 'PATH'),
(48800, 'local_machine', 'SOFTWARE\\GOG.com\\GOGSIMON', 'PATH'),
(48804, 'local_machine', 'SOFTWARE\\GOG.com\\GOGSIMON2', 'PATH'),
(48825, 'local_machine', 'SOFTWARE\\GOG.com\\GOGALONE1', 'PATH'),
(48828, 'local_machine', 'SOFTWARE\\GOG.com\\GOGALONE2', 'PATH'),
(48831, 'local_machine', 'SOFTWARE\\GOG.com\\GOGALONE3', 'PATH'),
(48834, 'local_machine', 'SOFTWARE\\GOG.com\\GOGBEOYNDZORK1', 'PATH'),
(48839, 'local_machine', 'SOFTWARE\\GOG.com\\GOGISHAR0', 'PATH'),
(48843, 'local_machine', 'SOFTWARE\\GOG.com\\GOGDESCENT', 'PATH'),
(48846, 'local_machine', 'SOFTWARE\\GOG.com\\GOGDEUS', 'PATH'),
(48849, 'local_machine', 'SOFTWARE\\GOG.com\\GOGDRAGONSPHERE', 'PATH'),
(48854, 'local_machine', 'SOFTWARE\\GOG.com\\GOGISHAR1', 'PATH'),
(48857, 'local_machine', 'SOFTWARE\\GOG.com\\GOGISHAR2', 'PATH'),
(48860, 'local_machine', 'SOFTWARE\\GOG.com\\GOGISHAR3', 'PATH'),
(48863, 'local_machine', 'SOFTWARE\\GOG.com\\GOGALONE1', 'PATH'),
(48866, 'local_machine', 'SOFTWARE\\GOG.com\\GOGKQ1', 'PATH'),
(48869, 'local_machine', 'SOFTWARE\\GOG.com\\GOGKQ2', 'PATH'),
(48872, 'local_machine', 'SOFTWARE\\GOG.com\\GOGKQ3', 'PATH'),
(48875, 'local_machine', 'SOFTWARE\\GOG.com\\GOGKQ4', 'PATH'),
(48878, 'local_machine', 'SOFTWARE\\GOG.com\\GOGKQ5', 'PATH'),
(48881, 'local_machine', 'SOFTWARE\\GOG.com\\GOGKQ6', 'PATH'),
(48884, 'local_machine', 'SOFTWARE\\GOG.com\\GOGKQ7', 'PATH'),
(48887, 'local_machine', 'SOFTWARE\\GOG.com\\GOGTHELASTEXPRESS', 'PATH'),
(48890, 'local_machine', 'SOFTWARE\\GOG.com\\GOGLBA', 'PATH'),
(48893, 'local_machine', 'SOFTWARE\\GOG.com\\GOGLBA2', 'PATH'),
(48896, 'local_machine', 'SOFTWARE\\GOG.com\\GOGTEX2', 'SAVEGAMEFOLDER'),
(48899, 'local_machine', 'SOFTWARE\\GOG.com\\GOGMASTEROFMAGIC', 'PATH'),
(48902, 'local_machine', 'SOFTWARE\\GOG.com\\GOGMASTEROFORION1', 'PATH'),
(48905, 'local_machine', 'SOFTWARE\\GOG.com\\GOGTEX1', 'SAVEGAMEFOLDER'),
(48908, 'local_machine', 'SOFTWARE\\GOG.com\\GOGMEGARACE', 'SAVEGAMEFOLDER'),
(48911, 'local_machine', 'SOFTWARE\\GOG.com\\GOGMEGARACE2', 'SAVEGAMEFOLDER'),
(48914, 'local_machine', 'SOFTWARE\\GOG.com\\GOGNORMALITY', 'SAVEGAMEFOLDER'),
(48917, 'local_machine', 'SOFTWARE\\GOG.com\\GOGONEUNITONEBLOOD', 'SAVEGAMEFOLDER'),
(48920, 'local_machine', 'SOFTWARE\\GOG.com\\GOGTEX4', 'PATH'),
(48923, 'local_machine', 'SOFTWARE\\GOG.com\\GOGPHANTASMAGORIA', 'PATH'),
(48926, 'local_machine', 'SOFTWARE\\GOG.com\\GOGPHANTASMAGORIA2', 'PATH'),
(48929, 'local_machine', 'SOFTWARE\\GOG.com\\GOGPLANETFALL', 'PATH'),
(48932, 'local_machine', 'SOFTWARE\\GOG.com\\GOGRAYMANFAN', 'PATH'),
(48935, 'local_machine', 'SOFTWARE\\GOG.com\\GOGRAYMAN1', 'PATH'),
(48938, 'local_machine', 'SOFTWARE\\GOG.com\\GOGROTH', 'PATH'),
(48941, 'local_machine', 'SOFTWARE\\GOG.com\\GOGREDNECKRAMPAGE', 'PATH'),
(48944, 'local_machine', 'SOFTWARE\\GOG.com\\GOGRETURNTOZORK', 'PATH'),
(48947, 'local_machine', 'SOFTWARE\\GOG.com\\GOGROSINSONSREQUIEM', 'PATH'),
(48951, 'local_machine', 'SOFTWARE\\GOG.com\\GOGSHATTEREDSTEEL', 'PATH'),
(48954, 'local_machine', 'SOFTWARE\\GOG.com\\GOGSQ1', 'PATH'),
(48957, 'local_machine', 'SOFTWARE\\GOG.com\\GOGSQ2', 'PATH'),
(48960, 'local_machine', 'SOFTWARE\\GOG.com\\GOGSQ3', 'PATH'),
(48963, 'local_machine', 'SOFTWARE\\GOG.com\\GOGSQ4', 'PATH'),
(48966, 'local_machine', 'SOFTWARE\\GOG.com\\GOGSQ5', 'PATH'),
(48969, 'local_machine', 'SOFTWARE\\GOG.com\\GOGSQ6', 'PATH'),
(48972, 'local_machine', 'SOFTWARE\\GOG.com\\GOGSC1', 'PATH'),
(48975, 'local_machine', 'SOFTWARE\\GOG.com\\GOGSC2', 'PATH'),
(48978, 'local_machine', 'SOFTWARE\\GOG.com\\GOGSC3', 'PATH'),
(48981, 'local_machine', 'SOFTWARE\\GOG.com\\GOGSTARFLIGHT1', 'PATH'),
(48984, 'local_machine', 'SOFTWARE\\GOG.com\\GOGSTARFLIGHT2', 'PATH'),
(48989, 'local_machine', 'SOFTWARE\\GOG.com\\GOGTYRIAN2000', 'PATH'),
(48992, 'local_machine', 'SOFTWARE\\GOG.com\\GOGTEX3', 'PATH'),
(48995, 'local_machine', 'SOFTWARE\\GOG.com\\GOGWINGCOMMANDER', 'PATH'),
(48998, 'local_machine', 'SOFTWARE\\GOG.com\\GOGWINGCOMMANDER2', 'PATH'),
(49001, 'local_machine', 'SOFTWARE\\GOG.com\\GOGWINGCOMMANDER3', 'PATH'),
(49004, 'local_machine', 'SOFTWARE\\GOG.com\\GOGWINGCOMMANDERPRIVATEER', 'PATH'),
(49007, 'local_machine', 'SOFTWARE\\GOG.com\\GOGZEROZORK', 'PATH'),
(49010, 'local_machine', 'SOFTWARE\\GOG.com\\GOGZORK1', 'PATH'),
(49013, 'local_machine', 'SOFTWARE\\GOG.com\\GOGZORK2', 'PATH'),
(49016, 'local_machine', 'SOFTWARE\\GOG.com\\GOGZORK3', 'PATH'),
(49019, 'local_machine', 'SOFTWARE\\GOG.com\\GOGZORKNEMESIS', 'PATH'),
(49022, 'local_machine', 'SOFTWARE\\GOG.com\\GOGCREDNECKRIDESAGAIN', 'PATH');

-- --------------------------------------------------------

--
-- Table structure for table `game_location_scummvm`
--

CREATE TABLE IF NOT EXISTS `game_location_scummvm` (
  `id` bigint(20) NOT NULL,
  `name` longtext NOT NULL,
  KEY `id` (`id`)
) ENGINE=InnoDB DEFAULT CHARSET=utf8;

--
-- Dumping data for table `game_location_scummvm`
--

INSERT INTO `game_location_scummvm` (`id`, `name`) VALUES
(48761, 'sky'),
(48765, 'sword1'),
(48769, 'sword2'),
(48773, 'feeble'),
(48774, 'ft'),
(48787, 'kq1'),
(48788, 'kq2'),
(48789, 'kq3'),
(48790, 'kq4sci'),
(48791, 'kq5-cd'),
(48792, 'kq6-cd'),
(48796, 'lure'),
(48797, 'rtz-cd'),
(48798, 'samnmax'),
(48802, 'simon1'),
(48806, 'simon2'),
(48807, 'sq1'),
(48808, 'sq2'),
(48809, 'sq3'),
(48810, 'sq4-cd'),
(48811, 'sq5');

-- --------------------------------------------------------

--
-- Table structure for table `game_location_shortcuts`
--

CREATE TABLE IF NOT EXISTS `game_location_shortcuts` (
  `id` bigint(20) NOT NULL,
  `ev` varchar(50) NOT NULL DEFAULT 'startmenu',
  `path` longtext NOT NULL,
  PRIMARY KEY (`id`),
  KEY `ev` (`ev`)
) ENGINE=InnoDB DEFAULT CHARSET=utf8;

--
-- Dumping data for table `game_location_shortcuts`
--

INSERT INTO `game_location_shortcuts` (`id`, `ev`, `path`) VALUES
(47262, 'startmenu', 'Programs\\7554\\7554.lnk'),
(47268, 'startmenu', 'Programs\\GOG.com\\Advent Rising\\Advent Rising.lnk'),
(47272, 'startmenu', 'Programs\\Microsoft Games\\Age of Empires II\\Age of Empires II.lnk'),
(47276, 'startmenu', 'Programs\\Microsoft Games\\Age of Mythology\\Age of Mythology.lnk'),
(47281, 'startmenu', 'Programs\\Age of Wonders\\Age of Wonders.lnk'),
(47282, 'startmenu', 'Programs\\GOG.com\\Age of Wonders\\Age of Wonders.lnk'),
(47297, 'startmenu', 'Programs\\Fox Interactive\\Aliens vs. Predator 2\\Aliens vs. Predator 2.lnk'),
(47301, 'startmenu', 'Programs\\GOG.com\\Alone in the Dark - The New Nightmare\\Alone in the Dark - The New Nightmare.lnk'),
(47307, 'startmenu', 'Programs\\GOG.com\\Sid Meier''s Alpha Centauri\\Sid Meier''s Alpha Centauri.lnk'),
(47314, 'startmenu', 'Programs\\GOG.com\\AmerZone - The Explorer''s Legacy\\AmerZone - The Explorer''s Legacy.lnk'),
(47318, 'startmenu', 'Programs\\Eidos Interactive\\Anachronox\\Anachronox.lnk'),
(47321, 'startmenu', 'Programs\\Angels Online\\Angels Online.lnk'),
(47327, 'startmenu', 'Programs\\GamersFirst\\APB Reloaded\\APB Reloaded.lnk'),
(47333, 'startmenu', 'Programs\\Aquaria\\Aquaria.lnk'),
(47340, 'startmenu', 'Programs\\GOG.com\\Arcanum Of Steamworks and Magick Obscura\\Arcanum Of Steamworks and Magick Obscura.lnk'),
(47348, 'startmenu', 'Programs\\GOG.com\\Arx Fatalis\\Arx Fatalis.lnk'),
(47357, 'startmenu', 'Programs\\Avencast\\Avencast.lnk'),
(47360, 'startmenu', 'Programs\\Axis & Allies\\Axis & Allies.lnk'),
(47369, 'startmenu', 'Programs\\GOG.com\\Baldur''s Gate\\Baldur''s Gate.lnk'),
(47373, 'startmenu', 'Programs\\GOG.com\\Baldur''s Gate II\\Baldur''s Gate II.lnk'),
(47380, 'startmenu', 'Programs\\B.A.D Battle Armor Division\\BAD Battle Armor Division.lnk'),
(47387, 'startmenu', 'Programs\\Eidos Interactive\\Beach Life\\Beach Life.lnk'),
(47397, 'startmenu', 'Programs\\Ben There Dan That\\Ben There Dan That.lnk'),
(47400, 'startmenu', 'Programs\\Bet on Soldier\\Bet on Soldier.lnk'),
(47406, 'startmenu', 'Programs\\Ubisoft\\Beyond Good & Evil\\Play Beyond Good & Evil.lnk'),
(47407, 'startmenu', 'Programs\\GOG.com\\Beyond Good and Evil\\Beyond Good and Evil.lnk'),
(47428, 'startmenu', 'Programs\\Westwood\\Blade Runner\\Blade Runner.lnk'),
(47432, 'startmenu', 'Programs\\GOG.com\\Blood II - The Chosen\\Blood II - The Chosen.lnk'),
(47438, 'startmenu', 'Programs\\GOG.com\\BloodRayne 1\\BloodRayne 1.lnk'),
(47441, 'startmenu', 'Programs\\GOG.com\\BloodRayne 2\\BloodRayne 2.lnk'),
(47451, 'startmenu', 'Programs\\GOG.com\\Broken Sword - The Sleeping Dragon\\Broken Sword - The Sleeping Dragon.lnk'),
(47463, 'startmenu', 'Programs\\Activision\\Call of Duty(R) 4 - Modern Warfare(TM)\\Call of Duty(R) 4 - Modern Warfare(TM) Singleplayer.lnk'),
(47467, 'startmenu', 'Programs\\Activision\\Call of Duty - Black Ops\\Call of Duty - Black Ops.lnk'),
(47476, 'startmenu', 'Programs\\Carnivores Cityscape\\Carnivores Cityscape.lnk'),
(47482, 'startmenu', 'Programs\\GOG.com\\Chaser\\Chaser.lnk'),
(47490, 'startmenu', 'Programs\\Firaxis Games\\Sid Meier''s Civilization Chronicles\\Launch Sid Meier''s Civilization.lnk'),
(47492, 'startmenu', 'Programs\\Firaxis Games\\Sid Meier''s Civilization Chronicles\\Launch Sid Meier''s Civilization II - Multiplayer Gold.lnk'),
(47494, 'startmenu', 'Programs\\Firaxis Games\\Sid Meier''s Civilization Chronicles\\Launch Civilization II - Test of Time.lnk'),
(47516, 'startmenu', 'Programs\\GOG.com\\Cryostasis\\Cryostasis.lnk'),
(47535, 'startmenu', 'Programs\\Games\\Darkest of Days\\Play Darkest of Days.lnk'),
(47540, 'startmenu', 'Programs\\Paradox Interactive\\Dark Horizon\\Dark Horizon.lnk'),
(47546, 'startmenu', 'Programs\\Iceberg Interactive\\Darkness Within\\Darkness Within.lnk'),
(47549, 'startmenu', 'Programs\\Iceberg Interactive\\Darkness Within 2\\Darkness Within 2.lnk'),
(47556, 'startmenu', 'Programs\\Darkstone\\Darkstone.lnk'),
(47567, 'startmenu', 'Programs\\GOG.com\\Demon Stone\\Demon Stone.lnk'),
(47573, 'startmenu', 'Programs\\Games\\Descent II Win95.lnk'),
(47574, 'startmenu', 'Programs\\GOG.com\\Descent and Descent 2\\Descent 2\\Documents\\Readme.lnk'),
(47578, 'startmenu', 'Programs\\GOG.com\\Descent 3\\Descent 3.lnk'),
(47582, 'startmenu', 'Programs\\GOG.com\\Freespace\\Freespace.lnk'),
(47591, 'startmenu', 'Programs\\Deus Ex\\Play Deus Ex.lnk'),
(47592, 'startmenu', 'Programs\\GOG.com\\Deus Ex GOTY\\Deus Ex GOTY.lnk'),
(47597, 'startmenu', 'Programs\\Diablo\\Diablo.lnk'),
(47616, 'startmenu', 'Programs\\GOG.com\\Dungeons and Dragons - Dragonshard\\Dungeons and Dragons - Dragonshard.lnk'),
(47622, 'startmenu', 'Programs\\Micro Application\\Dreamfall\\Dreamfall - The Longest Journey.lnk'),
(47623, 'startmenu', 'Programs\\Dreamfall the Longest Journey\\Dreamfall the Longest Journey.lnk'),
(47633, 'startmenu', 'Programs\\GOG.com\\Dungeon Keeper\\Dungeon Keeper.lnk'),
(47634, 'startmenu', 'Programs\\Bullfrog\\Dungeon Keeper Gold\\Play Dungeon Keeper.lnk'),
(47642, 'startmenu', 'Programs\\GOG.com\\Earth 2140\\Earth 2140.lnk'),
(47646, 'startmenu', 'Programs\\GOG.com\\Earth 2150 Trilogy\\Escape from the Blue Planet\\Escape from the Blue Planet.lnk'),
(47650, 'startmenu', 'Programs\\GOG.com\\Earth 2150 Trilogy\\Lost Souls\\Lost Souls.lnk'),
(47654, 'startmenu', 'Programs\\GOG.com\\Earth 2150 Trilogy\\The Moon Project\\The Moon Project.lnk'),
(47659, 'startmenu', 'Programs\\GOG.com\\Earthworm Jim 3D\\Earthworm Jim 3D.lnk'),
(47664, 'startmenu', 'Programs\\Bethesda Softworks\\Morrowind\\Morrowind.lnk'),
(47669, 'startmenu', 'Programs\\Games\\WWII IwoJima\\WWII IwoJima.lnk'),
(47673, 'startmenu', 'Programs\\GOG.com\\Empire Earth\\Empire Earth.lnk'),
(47685, 'startmenu', 'Programs\\GOG.com\\Evil Genius\\Evil Genius.lnk'),
(47686, 'startmenu', 'Programs\\Evil Genius\\Evil Genius.lnk'),
(47690, 'startmenu', 'Programs\\GOG.com\\Evolva\\Evolva.lnk'),
(47695, 'startmenu', 'Programs\\NovaLogic\\F-22 Lightning 3\\F-22 Lightning 3.lnk'),
(47704, 'startmenu', 'Programs\\GOG.com\\Fallout\\Fallout.lnk'),
(47709, 'startmenu', 'Programs\\GOG.com\\Fallout 2\\Fallout 2.lnk'),
(47714, 'startmenu', 'Programs\\GOG.com\\Fallout Tactics\\Fallout Tactics.lnk'),
(47732, 'startmenu', 'Programs\\Final Fantasy VII\\Play Final Fantasy VII.lnk'),
(47744, 'startmenu', 'Programs\\GOG.com\\Freespace 2\\Freespace 2.lnk'),
(47747, 'startmenu', 'Programs\\Hasbro Interactive\\Frogger2\\Frogger2.lnk'),
(47753, 'startmenu', 'Programs\\GOG.com\\Gabriel Knight - Sins of the Fathers\\Gabriel Knight - Sins of the Fathers.lnk'),
(47756, 'startmenu', 'Programs\\GOG.com\\Gabriel Knight 3 - Blood of the Sacred, Blood of the Damned\\Gabriel Knight 3 - Blood of the Sacred, Blood of the Damned.lnk'),
(47774, 'startmenu', 'Programs\\GOG.com\\Giants – Citizen Kabuto\\Giants – Citizen Kabuto.lnk'),
(47795, 'startmenu', 'Programs\\Guild Wars\\Guild Wars.lnk'),
(47801, 'startmenu', 'Programs\\Yeti Studios\\Gun Metal\\Gun Metal.lnk'),
(47805, 'startmenu', 'Programs\\Games\\Hacker Evolution.lnk'),
(47810, 'startmenu', 'Programs\\GOG.com\\Haegemonia - Legions of Iron\\Haegemonia - Legions of Iron.lnk'),
(47823, 'startmenu', 'Programs\\Hardwar.lnk'),
(47826, 'startmenu', 'Programs\\Paradox Interactive\\Hearts of Iron 2\\Hearts of Iron 2.lnk'),
(47830, 'startmenu', 'Programs\\Buka\\Hellforces\\Hellforces.lnk'),
(47834, 'startmenu', 'Programs\\GOG.com\\Heroes of Might and Magic 3 Complete\\Heroes of Might and Magic 3 Complete.lnk'),
(47845, 'startmenu', 'Programs\\Sierra\\Homeworld\\Homeworld.lnk'),
(47849, 'startmenu', 'Programs\\Sierra\\Homeworld2\\Homeworld2.lnk'),
(47854, 'startmenu', 'Programs\\GOG.com\\Icewind Dale Complete\\Icewind Dale Complete.lnk'),
(47857, 'startmenu', 'Programs\\GOG.com\\Icewind Dale II\\Icewind Dale II.lnk'),
(47863, 'startmenu', 'Programs\\GOG.com\\Incoming and Incoming Forces\\Incoming\\Incoming.lnk'),
(47867, 'startmenu', 'Programs\\GOG.com\\The Incredible Machine Series\\The Incredible Machine - Even More Contraptions\\The Incredible Machine - Even More Contraptions.lnk'),
(47872, 'startmenu', 'Programs\\Independence War\\Independence War.lnk'),
(47873, 'startmenu', 'Programs\\GOG.com\\Independence War Deluxe\\Independence War.lnk'),
(47878, 'startmenu', 'Programs\\Infogrames\\Independence War 2 - Edge of Chaos\\Independence War 2 - Edge of Chaos.lnk'),
(47879, 'startmenu', 'Programs\\GOG.com\\Independence War 2 - Edge of Chaos\\Independence War 2 - Edge of Chaos.lnk'),
(47886, 'startmenu', 'Programs\\Crackpot Entertainment\\Insecticide Part 1\\Play Insecticide Episode 1.lnk'),
(47894, 'startmenu', 'Programs\\HD Publishing\\Joint Task Force\\Launch Joint Task Force.lnk'),
(47899, 'startmenu', 'Programs\\GOG.com\\Judge Dredd - Dredd vs Death\\Judge Dredd - Dredd vs Death.lnk'),
(47910, 'startmenu', 'Programs\\GOG.com\\King''s Quest 7-8\\King''s Quest - Mask of Eternity\\King''s Quest - Mask of Eternity.lnk'),
(47917, 'startmenu', 'Programs\\LIMBO\\LIMBO.lnk'),
(47936, 'startmenu', 'Programs\\Mark Leung - Revenge of the Bitch\\MarkLeung.lnk'),
(47943, 'startmenu', 'Programs\\Microprose\\Master of Orion II\\Master of Orion II.lnk'),
(47944, 'startmenu', 'Programs\\GOG.com\\Master of Orion 1 and 2\\Master of Orion 2\\Documents\\Readme.lnk'),
(47947, 'startmenu', 'Programs\\Atari\\The Matrix - Path of Neo\\The Matrix - Path of Neo.lnk'),
(47952, 'startmenu', 'Programs\\GOG.com\\MDK\\MDK.lnk'),
(47955, 'startmenu', 'Programs\\GOG.com\\MDK2\\MDK 2.lnk'),
(47958, 'startmenu', 'Programs\\Microprose\\MechCommander\\Mech Commander.lnk'),
(47961, 'startmenu', 'Programs\\Microsoft Games\\MechCommander 2\\MechCommander 2.lnk'),
(47963, 'startmenu', 'Programs\\BattlePack\\MechWarrior 2\\MechWarrior 2 Uninstall.lnk'),
(47965, 'startmenu', 'Programs\\Mercenaries\\Mercenaries.lnk'),
(47969, 'startmenu', 'Programs\\Titanium\\Mercenaries\\Play Mercenaries.lnk'),
(47973, 'startmenu', 'Programs\\Titanium\\Mechwarrior2\\Play MechWarrior2.lnk'),
(47984, 'startmenu', 'Programs\\SEGA\\Medieval II Total War\\Launch Medieval II Total War.lnk'),
(47987, 'startmenu', 'Programs\\GOG.com\\Megarace 3\\Megarace 3.lnk'),
(47990, 'startmenu', 'Programs\\GOG.com\\Messiah\\Messiah.lnk'),
(47994, 'startmenu', 'Programs\\NovaLogic\\MiG-29 Fulcrum\\MiG-29 Fulcrum.lnk'),
(48003, 'startmenu', 'Programs\\Mortyr\\Mortyr.lnk'),
(48006, 'startmenu', 'Programs\\Microsoft Games\\Motocross Madness\\Play Motocross Madness.lnk'),
(48020, 'startmenu', 'Programs\\GOG.com\\Myst Uru Complete Chronicles\\Myst Uru Complete Chronicles.lnk'),
(48029, 'startmenu', 'Programs\\Deep Silver\\Neuro Hunter\\Play Neuro Hunter.lnk'),
(48034, 'startmenu', 'Programs\\GOG.com\\Neverwinter Nights Diamond Edition\\Neverwinter Nights Diamond Edition.lnk'),
(48041, 'startmenu', 'Programs\\Fox Interactive\\No One Lives Forever\\No One Lives Forever - Game of the Year Edition.lnk'),
(48042, 'startmenu', 'Programs\\Fox Interactive\\No One Lives Forever\\No One Lives Forever.lnk'),
(48045, 'startmenu', 'Programs\\Fox Interactive\\No One Lives Forever 2\\No One Lives Forever 2.lnk'),
(48049, 'startmenu', 'Programs\\GOG.com\\Abe''s Exoddus\\Abe''s Exoddus.lnk'),
(48053, 'startmenu', 'Programs\\GOG.com\\Abe''s Oddysee\\Abe''s Oddysee.lnk'),
(48058, 'startmenu', 'Programs\\Eidos Interactive\\Quantic Dream\\Omikron The Nomad Soul\\Omikron The Nomad Soul.lnk'),
(48066, 'startmenu', 'Programs\\GOG.com\\Outcast\\Outcast.lnk'),
(48069, 'startmenu', 'Programs\\Sierra\\Outpost 2.lnk'),
(48078, 'startmenu', 'Programs\\DreamCatcher\\Painkiller Gold Edition\\Painkiller.lnk'),
(48079, 'startmenu', 'Programs\\GOG.com\\Painkiller Black\\Painkiller Black.lnk'),
(48084, 'startmenu', 'Programs\\Buka\\Pathologic\\Pathologic.lnk'),
(48097, 'startmenu', 'Programs\\PopCap Games\\Peggle World of Warcraft Edition\\Play Peggle World of Warcraft Edition.lnk'),
(48107, 'startmenu', 'Programs\\GOG.com\\Planescape Torment\\Planescape Torment.lnk'),
(48117, 'startmenu', 'Programs\\GOG.com\\Port Royale\\Port Royale.lnk'),
(48121, 'startmenu', 'GOG.com\\Postal Classic and Uncut\\Postal Classic and Uncut.lnk'),
(48126, 'startmenu', 'Programs\\GOG.com\\Postal 2 Share The Pain\\Postal 2 Share The Pain.lnk'),
(48133, 'startmenu', 'Programs\\Primal Prey\\Play Primal.lnk'),
(48140, 'startmenu', 'Programs\\Ubisoft\\Prince of Persia The Sands of Time\\Play Prince of Persia The Sands of Time.lnk'),
(48141, 'startmenu', 'Programs\\GOG.com\\Prince of Persia The Sands of Time\\Prince of Persia The Sands of Time.lnk'),
(48150, 'startmenu', 'Programs\\GOG.com\\Psychonauts\\Psychonauts.lnk'),
(48159, 'startmenu', 'Programs\\Quake 4\\Quake 4 single player.lnk'),
(48170, 'startmenu', 'Programs\\GOG.com\\Raptor - Call of the Shadows\\Raptor - Call of the Shadows.lnk'),
(48173, 'startmenu', 'Programs\\GFI\\Rat Hunter\\Rat Hunter.lnk'),
(48176, 'startmenu', 'Programs\\GOG.com\\Rayman 2\\Rayman 2.lnk'),
(48180, 'startmenu', 'Programs\\GOG.com\\Rayman 3\\Rayman 3.lnk'),
(48183, 'startmenu', 'Programs\\GOG.com\\realMyst\\realMyst.lnk'),
(48195, 'startmenu', 'Programs\\GOG.com\\The Incredible Machine Series\\Return of the Incredible Machine Contraptions\\Return of the Incredible Machine Contraptions.lnk'),
(48211, 'startmenu', 'Programs\\Infogrames\\RollerCoaster Tycoon 2\\RollerCoaster Tycoon 2.lnk'),
(48221, 'startmenu', 'Pendulo Studios\\Runaway - A road adventure\\Runaway.lnk'),
(48222, 'startmenu', 'Programs\\GOG.com\\Runaway - A Road Adventure\\Runaway - A Road Adventure.lnk'),
(48231, 'startmenu', 'Programs\\Telltale Games\\Sam and Max - Season One\\Episode 1 - Culture Shock.lnk'),
(48236, 'startmenu', 'Programs\\Telltale Games\\Sam and Max - Season One\\Episode 2 - Situation Comedy.lnk'),
(48241, 'startmenu', 'Programs\\Telltale Games\\Sam and Max - Season One\\Episode 3 - The Mole, the Mob, and the Meatball.lnk'),
(48246, 'startmenu', 'Programs\\Telltale Games\\Sam and Max - Season One\\Episode 4 - Abe Lincoln Must Die!.lnk'),
(48251, 'startmenu', 'Programs\\Telltale Games\\Sam and Max - Season One\\Episode 5 - Reality 2.0.lnk'),
(48256, 'startmenu', 'Programs\\Telltale Games\\Sam and Max - Season One\\Episode 6 - Bright Side of the Moon'),
(48260, 'startmenu', 'Programs\\Telltale Games\\Sam and Max - Season Two\\Episode 201 - Ice Station Santa.lnk'),
(48261, 'startmenu', 'Programs\\Telltale Games\\Sam and Max - Season Two\\Sam and Max - Season Two.lnk'),
(48265, 'startmenu', 'Programs\\Telltale Games\\Sam and Max - Season Two\\Episode 202 - Moai Better Blues.lnk'),
(48266, 'startmenu', 'Programs\\Telltale Games\\Sam and Max - Season Two\\Sam and Max - Season Two.lnk'),
(48270, 'startmenu', 'Programs\\Telltale Games\\Sam and Max - Season Two\\Episode 203 - Night of the Raving Dead.lnk'),
(48271, 'startmenu', 'Programs\\Telltale Games\\Sam and Max - Season Two\\Sam and Max - Season Two.lnk'),
(48275, 'startmenu', 'Programs\\Telltale Games\\Sam and Max - Season Two\\Episode 204 - Chariots of the Dogs.lnk'),
(48276, 'startmenu', 'Programs\\Telltale Games\\Sam and Max - Season Two\\Sam and Max - Season Two.lnk'),
(48280, 'startmenu', 'Programs\\Telltale Games\\Sam and Max - Season Two\\Episode 205 - What''s New, Beelzebub.lnk'),
(48281, 'startmenu', 'Programs\\Telltale Games\\Sam and Max - Season Two\\Sam and Max - Season Two.lnk'),
(48292, 'startmenu', 'Programs\\GOG.com\\Sanitarium\\Sanitarium.lnk'),
(48293, 'startmenu', 'Programs\\ASC Games\\Sanitarium\\Sanitarium.lnk'),
(48302, 'startmenu', 'Programs\\GOG.com\\Second Sight\\Second Sight.lnk'),
(48310, 'startmenu', 'Programs\\Valkyrie Studios\\Septerra Core\\Septerra Core.lnk'),
(48311, 'startmenu', 'Programs\\GOG.com\\Septerra Core\\Septerra Core.lnk'),
(48325, 'startmenu', 'Programs\\Monolith Games\\Shogo\\Shogo.lnk'),
(48327, 'startmenu', 'Programs\\Total War\\Shogun - Total War - Warlord Edition\\Shogun - Total War - Warlord Edition.lnk'),
(48331, 'startmenu', 'Programs\\Maxis\\SimCity 2000.lnk'),
(48334, 'startmenu', 'Programs\\GOG.com\\Simon the Sorcerer 3D\\Simon the Sorcerer 3D.lnk'),
(48342, 'startmenu', 'Programs\\Cenega\\Sniper\\Sniper.lnk'),
(48349, 'startmenu', 'Programs\\GOG.com\\Space Rangers\\Space Rangers.lnk'),
(48352, 'startmenu', 'Programs\\GOG.com\\Space Rangers 2 - Dominators\\Space Rangers 2 - Dominators.lnk'),
(48355, 'startmenu', 'Programs\\GOG.com\\Space Rangers 2 - Reboot\\Space Rangers 2 - Reboot.lnk'),
(48378, 'startmenu', 'Programs\\Microsoft Games\\StarLancer\\StarLancer.lnk'),
(48381, 'startmenu', 'Programs\\Eidos Interactive\\Mucky Foot\\StarTopia\\StarTopia.lnk'),
(48387, 'startmenu', 'Programs\\LucasArts\\Jedi Knight\\Jedi Knight.lnk'),
(48392, 'startmenu', 'Programs\\LucasArts\\Star Wars Knights of the Old Republic\\ Star Wars Knights of the Old Republic.lnk'),
(48395, 'startmenu', 'Programs\\LucasArts\\Star Wars Knights of the Old Republic II - The Sith Lords\\ Star Wars Knights of the Old Republic II - The Sith Lords.lnk'),
(48401, 'startmenu', 'Programs\\GOG.com\\Star Wolves\\Star Wolves.lnk'),
(48406, 'startmenu', 'Programs\\GOG.com\\Still Life\\Still Life.lnk'),
(48415, 'startmenu', 'Programs\\Team Meat\\SuperMeatBoy\\Super Meat Boy.lnk'),
(48426, 'startmenu', 'Programs\\NovaLogic\\Tachyon\\Tachyon.lnk'),
(48438, 'startmenu', 'Programs\\Tarr Chronicles\\Tarr Chronicles.lnk'),
(48441, 'startmenu', 'Programs\\Games\\TECNO\\Play TECNO.lnk'),
(48444, 'startmenu', 'Programs\\GOG.com\\Temple of Elemental Evil\\Temple of Elemental Evil.lnk'),
(48451, 'startmenu', 'Programs\\City Interactive\\Terrorist Takedown - Covert Operations\\Terrorist Takedown - Covert Operations.lnk'),
(48455, 'startmenu', 'Programs\\GOG.com\\Overseer\\Overseer.lnk'),
(48458, 'startmenu', 'Programs\\GFI\\They''re alive!\\They''re alive!.lnk'),
(48465, 'startmenu', 'Programs\\Thief\\Thief.lnk'),
(48472, 'startmenu', 'Programs\\Core Design\\Tomb Raider 2\\ Tomb Raider II.lnk'),
(48493, 'startmenu', 'Programs\\GOG.com\\Tropico Reloaded\\Tropico 1\\Tropico 1.lnk'),
(48497, 'startmenu', 'Programs\\GOG.com\\Tropico Reloaded\\Tropico 2\\Tropico 2.lnk'),
(48501, 'startmenu', 'Programs\\True Crime - Streets of LA\\True Crime - Streets of LA.lnk'),
(48510, 'startmenu', 'Programs\\EA Games\\Clive Barker''s Undying\\Clive Barker''s Undying(tm).lnk'),
(48517, 'startmenu', 'Programs\\Unreal Gold\\Play Unreal Gold.lnk'),
(48518, 'startmenu', 'Programs\\GOG.com\\Unreal Gold\\Unreal Gold.lnk'),
(48525, 'startmenu', 'Programs\\GOG.com\\Unreal 2 – The Awakening SE\\Unreal 2 – The Awakening.lnk'),
(48530, 'startmenu', 'Programs\\GOG.com\\Unreal Tournament GOTY\\Unreal Tournament GOTY.lnk'),
(48536, 'startmenu', 'Programs\\GOG.com\\Unreal Tournament 2004\\Unreal Tournament 2004.lnk'),
(48542, 'startmenu', 'Programs\\Vampire - The Masquerade Bloodlines\\Vampire - The Masquerade Bloodlines.lnk'),
(48545, 'startmenu', 'Programs\\GOG.com\\Vampire - The Masquerade - Redemption\\Vampire - The Masquerade - Redemption.lnk'),
(48549, 'startmenu', 'Programs\\Fused Software\\BlackOps.lnk'),
(48552, 'startmenu', 'Programs\\Vigil Blood Bitterness\\Vigil Blood Bitterness.lnk'),
(48555, 'startmenu', 'Programs\\CENEGA\\Vivisector\\Vivisector.lnk'),
(48565, 'startmenu', 'Programs\\Warcraft III\\Warcraft III.lnk'),
(48570, 'startmenu', 'Programs\\THQ\\Dark Crusade\\Dawn of War - Dark Crusade.lnk'),
(48578, 'startmenu', 'Programs\\GOG.com\\Wing Commander IV\\Wing Commander IV.lnk'),
(48588, 'startmenu', 'Programs\\World of Warcraft\\World of Warcraft.lnk'),
(48591, 'startmenu', 'Programs\\MicroProse\\Worms2\\Sound Bank Editor.lnk'),
(48602, 'startmenu', 'Programs\\GOG.com\\XIII\\XIII.lnk'),
(48614, 'startmenu', 'GOG.com\\Zork Grand Inquisitor\\Zork Grand Inquisitor.lnk'),
(48621, 'startmenu', 'Programs\\The Nameless Mod\\The Nameless Mod.lnk'),
(48628, 'startmenu', 'Programs\\Fox Interactive\\Aliens versus Predator 2 - Primal Hunt\\Aliens versus Predator 2 - Primal Hunt.lnk'),
(48631, 'startmenu', 'Programs\\Firaxis Games\\Civilization III Complete Edition\\Civilization III Complete Edition.lnk'),
(48641, 'startmenu', 'Programs\\Sierra\\Hellfire.lnk'),
(48646, 'startmenu', 'Programs\\GOG.com\\Empire Earth\\Empire Earth - The Art of Conquest.lnk'),
(48655, 'startmenu', 'Programs\\GOG.com\\Haegemonia - Legions of Iron\\Haegemonia - The Solon Heritage.lnk'),
(48664, 'startmenu', 'Programs\\Paradox Interactive\\Hearts of Iron 2 Doomsday\\Hearts of Iron 2 Doomsday.lnk'),
(48668, 'startmenu', 'Programs\\Sierra\\Cataclysm\\Cataclysm.lnk'),
(48671, 'startmenu', 'Programs\\Ghost Bear''s Legacy\\Ghost Bear''s Legacy.lnk'),
(48674, 'startmenu', 'Programs\\Titanium\\GhostBearsLegacy\\Play Ghost Bear''s Legacy.lnk'),
(48684, 'startmenu', 'Programs\\GOG.com\\Postal 2 Share The Pain\\Postal 2 Apocalypse Weekend Expansion Pack.lnk'),
(48693, 'startmenu', 'Programs\\Thief Gold\\Thief.lnk'),
(48698, 'startmenu', 'Programs\\Core Design\\Tomb Raider II Gold\\Tomb Raider II Gold.lnk'),
(48760, 'startmenu', 'Programs\\GOG.com\\Beneath a Steel Sky\\Beneath a Steel Sky.lnk'),
(48764, 'startmenu', 'Programs\\GOG.com\\Broken Sword - The Shadow of the Templars\\Broken Sword - The Shadow of the Templars\\Broken Sword - The Shadow of the Templars.lnk'),
(48768, 'startmenu', 'Programs\\GOG.com\\Broken Sword II - The Smoking Mirror\\Broken Sword II - The Smoking Mirror.lnk'),
(48772, 'startmenu', 'Programs\\GOG.com\\The Feeble Files\\The Feeble Files.lnk'),
(48777, 'startmenu', 'Programs\\GOG.com\\Gobliiins Pack\\Gobliiins\\Gobliiins.lnk'),
(48780, 'startmenu', 'Programs\\GOG.com\\Gobliiins Pack\\Gobliiins\\Gobliiins (Floppy Verion).lnk'),
(48783, 'startmenu', 'Programs\\GOG.com\\Gobliiins Pack\\Goblins Quest 3\\Goblins Quest 3.lnk'),
(48786, 'startmenu', 'Programs\\GOG.com\\Gobliiins Pack\\Goblins Quest 3\\Goblins Quest 3 (Floppy Verion).lnk'),
(48795, 'startmenu', 'Programs\\GOG.com\\Lure of the Temptress\\Lure of the Temptress.lnk'),
(48801, 'startmenu', 'Programs\\GOG.com\\Simon the Sorcerer\\Simon the Sorcerer.lnk'),
(48805, 'startmenu', 'Programs\\GOG.com\\Simon the Sorcerer 2\\Simon the Sorcerer 2.lnk'),
(48826, 'startmenu', 'Programs\\GOG.com\\Alone in the Dark\\Alone in the Dark.lnk'),
(48829, 'startmenu', 'Programs\\GOG.com\\Alone in the Dark 2\\Alone in the Dark 2.lnk'),
(48832, 'startmenu', 'Programs\\GOG.com\\Alone in the Dark 3\\Alone in the Dark 3.lnk'),
(48835, 'startmenu', 'Programs\\GOG.com\\Zork Anthology\\Beyond Zork - The Coconut of Quendor\\Beyond Zork - The Coconut of Quendor.lnk'),
(48837, 'startmenu', 'Programs\\Colonization\\Colonization.lnk'),
(48840, 'startmenu', 'Programs\\GOG.com\\Ishar Compilation\\Crystals of Arborea\\Crystals of Arborea.lnk'),
(48844, 'startmenu', 'Programs\\GOG.com\\Descent and Descent 2\\Descent\\Documents\\Readme.lnk'),
(48847, 'startmenu', 'Programs\\GOG.com\\Robinson''s Requiem Collection\\Deus\\Deus.lnk'),
(48850, 'startmenu', 'Programs\\GOG.com\\Dragonsphere\\Dragonsphere.lnk'),
(48855, 'startmenu', 'Programs\\GOG.com\\Ishar Compilation\\Ishar - Legend of the Fortress\\Ishar - Legend of the Fortress.lnk'),
(48858, 'startmenu', 'Programs\\GOG.com\\Ishar Compilation\\Ishar 2 - Messengers of Doom\\Ishar 2 - Messengers of Doom.lnk'),
(48861, 'startmenu', 'Programs\\GOG.com\\Ishar Compilation\\Ishar 3 - The Seven Gates of Infinity\\Ishar 3 - The Seven Gates of Infinity.lnk'),
(48864, 'startmenu', 'Programs\\GOG.com\\Alone in the Dark\\Jack in the Dark.lnk'),
(48867, 'startmenu', 'Programs\\GOG.com\\King''s Quest 1 2 3\\King''s Quest\\King''s Quest.lnk'),
(48870, 'startmenu', 'Programs\\GOG.com\\King''s Quest 1 2 3\\King''s Quest 2\\King''s Quest II - Romancing the Throne.lnk'),
(48873, 'startmenu', 'Programs\\GOG.com\\King''s Quest 1 2 3\\King''s Quest 3\\King''s Quest III - To Heir is Human.lnk'),
(48876, 'startmenu', 'Programs\\GOG.com\\King''s Quest 4-5-6\\King''s Quest 4 - The Perils of Rosella\\King''s Quest 4 - The Perils of Rosella.lnk'),
(48879, 'startmenu', 'Programs\\GOG.com\\King''s Quest 4-5-6\\King''s Quest 5 - Absence Makes the Heart Go Yonder\\King''s Quest 5 - Absence Makes the Heart Go Yonder.lnk'),
(48882, 'startmenu', 'Programs\\GOG.com\\King''s Quest 4-5-6\\King''s Quest 6 - Heir Today, Gone Tomorrow\\King''s Quest 6 - Heir Today, Gone Tomorrow.lnk'),
(48885, 'startmenu', 'Programs\\GOG.com\\King''s Quest 7-8\\King''s Quest 7 - The Princeless Bride\\King''s Quest 7 - The Princeless Bride.lnk'),
(48888, 'startmenu', 'Programs\\GOG.com\\The Last Express\\The Last Express.lnk'),
(48891, 'startmenu', 'Programs\\GOG.com\\Little Big Adventure\\Little Big Adventure.lnk'),
(48894, 'startmenu', 'Programs\\GOG.com\\Little Big Adventure 2\\Little Big Adventure.lnk 2'),
(48897, 'startmenu', 'Programs\\GOG.com\\Tex Murphy 1 and 2\\Martian Memorandum\\Martian Memorandum.lnk'),
(48900, 'startmenu', 'Programs\\GOG.com\\Master of Magic\\Master of Magic.lnk'),
(48903, 'startmenu', 'Programs\\GOG.com\\Master of Orion 1 and 2\\Master of Orion\\Documents\\Readme.lnk'),
(48906, 'startmenu', 'Programs\\GOG.com\\Tex Murphy 1 and 2\\Mean Streets\\Mean Streets.lnk'),
(48909, 'startmenu', 'Programs\\GOG.com\\Megarace\\Megarace\\Megarace.lnk'),
(48912, 'startmenu', 'Programs\\GOG.com\\Megarace\\Megarace 2\\Megarace 2.lnk'),
(48915, 'startmenu', 'Programs\\GOG.com\\Normality\\Normality.lnk'),
(48918, 'startmenu', 'Programs\\GOG.com\\One Unit Whole Blood\\One Unit Whole Blood.lnk'),
(48921, 'startmenu', 'Programs\\GOG.com\\The Pandora Directive\\The Pandora Directive.lnk'),
(48924, 'startmenu', 'Programs\\GOG.com\\Roberta Williams Phantasmagoria\\Roberta Williams Phantasmagoria.lnk'),
(48927, 'startmenu', 'Programs\\GOG.com\\Phantasmagoria 2 A Puzzle of Flesh\\Phantasmagoria 2 A Puzzle of Flesh.lnk'),
(48930, 'startmenu', 'Programs\\GOG.com\\Zork Anthology\\Planetfall\\Planetfall.lnk'),
(48933, 'startmenu', 'Programs\\GOG.com\\Rayman Forever\\Rayman by his Fans\\Rayman by his Fans.lnk'),
(48936, 'startmenu', 'Programs\\GOG.com\\Rayman Forever\\Rayman\\Rayman.lnk'),
(48939, 'startmenu', 'Programs\\GOG.com\\Realms of the Haunting\\Realms of the Haunting.lnk'),
(48942, 'startmenu', 'Programs\\GOG.com\\Redneck Rampage Collection\\Redneck Rampage\\Redneck Rampage.lnk'),
(48945, 'startmenu', 'Programs\\GOG.com\\Return To Zork\\Return To Zork.lnk'),
(48948, 'startmenu', 'Programs\\GOG.com\\Robinson''s Requiem Collection\\Robinson''s Requiem\\Robinson''s Requiem.lnk'),
(48952, 'startmenu', 'Programs\\GOG.com\\Shattered Steel\\Shattered Steel.lnk'),
(48955, 'startmenu', 'Programs\\GOG.com\\Space Quest 1 2 3\\Space Quest 1\\Documents\\Manual.lnk'),
(48958, 'startmenu', 'Programs\\GOG.com\\Space Quest 1 2 3\\Space Quest 2\\Documents\\Manual.lnk'),
(48961, 'startmenu', 'Programs\\GOG.com\\Space Quest 1 2 3\\Space Quest 3\\Documents\\Manual.lnk'),
(48964, 'startmenu', 'Programs\\GOG.com\\Space Quest Collection\\Space Quest 4\\Space Quest 4.lnk'),
(48967, 'startmenu', 'Programs\\GOG.com\\Space Quest Collection\\Space Quest 5\\Space Quest 5.lnk'),
(48970, 'startmenu', 'Programs\\GOG.com\\Space Quest Collection\\Space Quest 6\\Space Quest 6.lnk'),
(48973, 'startmenu', 'Programs\\GOG.com\\Star Control 1 and 2\\Star Control\\Star Control.lnk'),
(48976, 'startmenu', 'Programs\\GOG.com\\Star Control 1 and 2\\Star Control 2\\Star Control 2.lnk'),
(48979, 'startmenu', 'Programs\\GOG.com\\Star Control 3\\Star Control 3.lnk'),
(48982, 'startmenu', 'Programs\\GOG.com\\Starflight 1 and 2\\Starflight 1\\Starflight 1.lnk'),
(48985, 'startmenu', 'Programs\\GOG.com\\Starflight 1 and 2\\Starflight 2\\Starflight 2.lnk'),
(48990, 'startmenu', 'Programs\\GOG.com\\Tyrian 2000\\Tyrian 2000.lnk'),
(48993, 'startmenu', 'Programs\\GOG.com\\Under a Killing Moon\\Under a Killing Moon.lnk'),
(48996, 'startmenu', 'GOG.com\\Wing Commander 1 and 2\\Wing Commander\\Wing Commander.lnk'),
(48999, 'startmenu', 'Programs\\GOG.com\\Wing Commander 1 and 2\\Wing Commander II\\Wing Commander II.lnk'),
(49002, 'startmenu', 'Programs\\GOG.com\\Wing Commander III\\Wing Commander III.lnk'),
(49005, 'startmenu', 'Programs\\GOG.com\\Wing Commander Privateer\\Wing Commander Privateer.lnk'),
(49008, 'startmenu', 'Programs\\GOG.com\\Zork Anthology\\Zero Zork - The Revenge of Megaboz\\Zero Zork - The Revenge of Megaboz.lnk'),
(49011, 'startmenu', 'Programs\\GOG.com\\Zork Anthology\\Zork - The Great Underground Empire\\Zork - The Great Underground Empire.lnk'),
(49014, 'startmenu', 'Programs\\GOG.com\\Zork Anthology\\Zork II - The Wizard of Frobozz\\Zork II - The Wizard of Frobozz.lnk'),
(49017, 'startmenu', 'Programs\\GOG.com\\Zork Anthology\\Zork III - The Dungeon Master\\Zork III - The Dungeon Master.lnk'),
(49020, 'startmenu', 'Programs\\GOG.com\\Zork Nemesis - The Forbidden Lands\\Zork Nemesis - The Forbidden Lands.lnk'),
(49023, 'startmenu', 'Programs\\GOG.com\\Redneck Rampage Collection\\Redneck Rampage Rides Again - Arkansas\\Redneck Rides Again.lnk');

-- --------------------------------------------------------

--
-- Table structure for table `game_platforms`
--

CREATE TABLE IF NOT EXISTS `game_platforms` (
  `name` varchar(50) NOT NULL,
  PRIMARY KEY (`name`)
) ENGINE=InnoDB DEFAULT CHARSET=utf8;

--
-- Dumping data for table `game_platforms`
--

INSERT INTO `game_platforms` (`name`) VALUES
('Android'),
('DOS'),
('Flash'),
('Linux'),
('Multiple'),
('OSX'),
('PS1'),
('PS2'),
('PS3'),
('PSP'),
('ScummVM'),
('Steam'),
('Windows');

-- --------------------------------------------------------

--
-- Table structure for table `game_playstation_codes`
--

CREATE TABLE IF NOT EXISTS `game_playstation_codes` (
  `game_version` bigint(20) NOT NULL,
  `prefix` varchar(4) NOT NULL,
  `suffix` int(5) NOT NULL,
  `append` longtext,
  `type` longtext,
  KEY `game_version` (`game_version`)
) ENGINE=InnoDB DEFAULT CHARSET=utf8;

--
-- Dumping data for table `game_playstation_codes`
--

INSERT INTO `game_playstation_codes` (`game_version`, `prefix`, `suffix`, `append`, `type`) VALUES
(23217, 'ULUS', 10279, '', ''),
(23218, 'ULUS', 10336, '', ''),
(23219, 'UCUS', 98618, '', ''),
(23220, 'ULUS', 10437, '', ''),
(23221, 'NPUG', 80135, '', ''),
(23222, 'ULUS', 10251, '', ''),
(23223, 'ULUS', 10263, '', ''),
(23224, 'ULUS', 10297, '', ''),
(23225, 'UCUS', 98653, '', ''),
(23226, 'ULES', 1347, '', ''),
(23227, 'ULES', 151, '', ''),
(23228, 'ULUS', 10160, '', ''),
(23229, 'UCUS', 98700, '', ''),
(23230, 'ULES', 43, '', ''),
(23231, 'ULUS', 10006, '', ''),
(23232, 'ULES', 8, '', ''),
(23233, 'ULES', 284, '', ''),
(23234, 'ULUS', 10202, '', ''),
(23235, 'NPUH', 10007, '', ''),
(23236, 'UCUS', 98711, '', ''),
(23237, 'UCUS', 98633, '', ''),
(23238, 'ULUS', 10285, '', ''),
(23239, 'ULUS', 10374, '', ''),
(23240, 'NPUG', 80221, '', ''),
(23241, 'ULES', 283, '', ''),
(23242, 'UCES', 1, '', ''),
(23243, 'BLUS', 30089, '', ''),
(23244, 'BLES', 909, '', ''),
(23245, 'BLES', 1384, '', ''),
(23246, 'BLUS', 30118, '', ''),
(23247, 'NPUB', 30394, '-SALLY', 'Profile'),
(23247, 'NPUB', 30394, '-SLOT', ''),
(23248, 'NPUB', 30253, '', ''),
(23249, 'BLUS', 30330, '', ''),
(23250, 'NPUB', 30236, '', ''),
(23251, 'BLUS', 30130, '', ''),
(23252, 'BLUS', 30035, '', ''),
(23253, 'NPUA', 80358, '', ''),
(23254, 'BLUS', 30177, '', ''),
(23255, 'BLUS', 30092, '', ''),
(23256, 'NPUA', 80134, '', ''),
(23257, 'BLUS', 30007, '', ''),
(23258, 'NPUA', 80157, '', ''),
(23259, 'BLUS', 30161, '', ''),
(23260, 'MRTC', 3, '', ''),
(23261, 'BLES', 1269, '', ''),
(23262, 'NPUA', 80001, '', ''),
(23263, 'NPUA', 80083, '', ''),
(23264, 'NPEA', 94, '', ''),
(23265, 'BCUS', 98147, '', ''),
(23266, 'BCUS', 98132, '', ''),
(23267, 'BCUS', 98259, '_ICO', ''),
(23268, 'BCUS', 98119, '', ''),
(23269, 'BCES', 609, '', ''),
(23270, 'BCUS', 98281, '_NPWR01819', ''),
(23271, 'BCUS', 98281, '_NPWR01820', ''),
(23272, 'BCUS', 98281, '_NPWR01818', ''),
(23273, 'NPUA', 80227, '', ''),
(23274, 'NPUA', 80275, '', ''),
(23275, 'NPUA', 80012, '', ''),
(23276, 'NPUB', 30048, '', ''),
(23277, 'BLUS', 30650, '', ''),
(23278, 'BLUS', 30179, '', ''),
(23279, 'NPUB', 30468, '', ''),
(23280, 'NPUA', 30005, '', ''),
(23281, 'BLUS', 30214, '', ''),
(23282, 'BLUS', 30401, '', ''),
(23283, 'BLUS', 30754, 'DIRSOT', ''),
(23284, 'BLUS', 30754, 'DIRTT', ''),
(23285, 'BLUS', 30754, 'DIRWOW', ''),
(23286, 'NPUA', 80217, '', ''),
(23287, 'NPUA', 80145, '', ''),
(23288, 'BCUS', 98127, '', ''),
(23289, 'BLUS', 30258, '', ''),
(23290, 'BLUS', 30270, '', ''),
(23291, 'BCUS', 98120, '', ''),
(23292, 'BCUS', 98107, '', ''),
(23293, 'NPUA', 80228, '', ''),
(23294, 'BCUS', 98259, '_SOTC', ''),
(23295, 'NPUB', 30091, '', ''),
(23296, 'BLUS', 30810, '_SH2', ''),
(23297, 'BLUS', 30810, '_SH3C', ''),
(23297, 'BLUS', 30810, '_SH3OPTN', 'Settings'),
(23298, 'BLUS', 30169, '', ''),
(23299, 'BLUS', 30160, '', ''),
(23300, 'NPUA', 80068, '', ''),
(23301, 'BLUS', 30718, '-TALIST', ''),
(23301, 'BLUS', 30718, '-TAPROFILE', 'Profile'),
(23302, 'BLUS', 30718, '-T7LIST', ''),
(23302, 'BLUS', 30718, '-T7PROFILE', 'Profile'),
(23303, 'BLUS', 30718, '-SAVE', ''),
(23304, 'BLUS', 30010, '', ''),
(23305, 'BCUS', 98103, '', ''),
(23306, 'BCES', 65, '', ''),
(23307, 'BLUS', 30086, '', ''),
(23308, 'BLUS', 30196, '', ''),
(23309, 'BLES', 372, '', ''),
(23310, 'BLUS', 30403, '', ''),
(23311, 'NPUA', 80137, '', ''),
(23312, 'NPUB', 30074, '-PROF', 'Profile'),
(23312, 'NPUB', 30074, '-SAVE', ''),
(23313, 'SLUS', 20465, '', ''),
(23314, 'SLUS', 20763, '', ''),
(23315, 'SLUS', 20069, '', ''),
(23316, 'SCUS', 97111, '', ''),
(23317, 'SCUS', 97213, '', ''),
(23318, 'SLUS', 20111, '', ''),
(23319, 'SLUS', 20216, '', ''),
(23320, 'SLUS', 20484, '', ''),
(23320, 'SLUS', 20627, '', ''),
(23321, 'SLUS', 21361, '', ''),
(23322, 'SLUS', 21419, '', ''),
(23323, 'SLUS', 21397, '', ''),
(23324, 'SLUS', 20666, '', ''),
(23325, 'SLUS', 21207, '', ''),
(23326, 'SLUS', 20181, '', ''),
(23327, 'SLUS', 20312, '', ''),
(23328, 'SLUS', 20672, '', ''),
(23329, 'SLUS', 20963, '', ''),
(23330, 'SCUS', 97125, '', ''),
(23331, 'SCUS', 97399, '', ''),
(23332, 'SCUS', 97481, '', ''),
(23333, 'SLUS', 20066, '', ''),
(23334, 'SCUS', 97113, '', ''),
(23335, 'SLUS', 21196, '', ''),
(23336, 'SCUS', 97265, '', ''),
(23337, 'SCUS', 97330, '', ''),
(23338, 'SCUS', 97124, '', ''),
(23339, 'SCUS', 97429, '', ''),
(23340, 'SLUS', 21154, '', ''),
(23341, 'SLUS', 20370, '', ''),
(23342, 'SLUS', 21005, '', ''),
(23343, 'SLUS', 21799, '', ''),
(23344, 'SLUS', 20554, '', ''),
(23345, 'SLUS', 21359, '', ''),
(23345, 'SLUS', 21243, '', ''),
(23346, 'SCUS', 97129, '', ''),
(23347, 'SLUS', 21115, '', ''),
(23348, 'SLUS', 20743, '', ''),
(23349, 'SLUS', 21287, '', ''),
(23350, 'SLUS', 21022, '', ''),
(23351, 'SLUS', 21120, '', ''),
(23352, 'SCUS', 97199, '', ''),
(23353, 'SCUS', 97268, '', ''),
(23354, 'SCUS', 97353, '', ''),
(23355, 'SCUS', 97465, '', ''),
(23356, 'SLUS', 21134, '', ''),
(23357, 'SLUS', 20184, '', ''),
(23358, 'SCUS', 97490, '', ''),
(23359, 'SLUS', 21448, '', ''),
(23360, 'SCUS', 97472, '', ''),
(23361, 'SLUS', 20228, '', ''),
(23362, 'SLUS', 20622, '', ''),
(23363, 'SLUS', 20873, '', ''),
(23364, 'SLUS', 21899, '', ''),
(23365, 'SCUS', 97198, '', ''),
(23366, 'SLUS', 21216, '', ''),
(23367, 'SLUS', 20488, '', ''),
(23367, 'SLUS', 20891, '', ''),
(23368, 'SLUS', 20074, '', ''),
(23369, 'SLUS', 20448, '', ''),
(23370, 'SLUS', 21059, '', ''),
(23371, 'SLUS', 20034, '', ''),
(23372, 'SLUS', 20469, '', ''),
(23373, 'SLUS', 20892, '', ''),
(23373, 'SLUS', 21133, '', ''),
(23374, 'SLUS', 21389, '', ''),
(23374, 'SLUS', 21417, '', ''),
(23375, 'SLUS', 20179, '', ''),
(23376, 'SLUS', 20677, '', ''),
(23377, 'SLUS', 20656, '', ''),
(23378, 'SLUS', 21138, '', ''),
(23379, 'SLUS', 1041, '', ''),
(23379, 'SLUS', 1080, '', ''),
(23380, 'SLUS', 1363, '', ''),
(23381, 'SLUS', 37, '', ''),
(23382, 'SLUS', 460, '', ''),
(23383, 'SLUS', 920, '', ''),
(23383, 'SLUS', 1056, '', ''),
(23383, 'SLUS', 1057, '', ''),
(23383, 'SLUS', 1058, '', ''),
(23384, 'SLUS', 1266, '', ''),
(23384, 'SLUS', 1275, '', ''),
(23384, 'SLUS', 1276, '', ''),
(23384, 'SLUS', 1277, '', ''),
(23385, 'SLUS', 1360, '', ''),
(23386, 'SCUS', 94163, '', ''),
(23387, 'SLUS', 892, '', ''),
(23387, 'SLUS', 908, '', ''),
(23387, 'SLUS', 909, '', ''),
(23387, 'SLUS', 910, '', ''),
(23388, 'SLUS', 1251, '', ''),
(23388, 'SLUS', 1295, '', ''),
(23388, 'SLUS', 1296, '', ''),
(23388, 'SLUS', 1297, '', ''),
(23389, 'SLUS', 94221, '', ''),
(23390, 'SLUS', 594, '', ''),
(23390, 'SLUS', 776, '', ''),
(23391, 'SLUS', 957, '', ''),
(23392, 'SLUS', 662, '', ''),
(23392, 'SLUS', 668, '', ''),
(23393, 'SLUS', 1042, '', ''),
(23393, 'SLUS', 1055, '', ''),
(23394, 'SLUS', 707, '', ''),
(23395, 'SLUS', 240, '', '');

-- --------------------------------------------------------

--
-- Table structure for table `game_versions`
--

CREATE TABLE IF NOT EXISTS `game_versions` (
  `id` bigint(20) NOT NULL AUTO_INCREMENT,
  `name` varchar(50) NOT NULL,
  `platform` varchar(50) NOT NULL DEFAULT 'UNIVERSAL',
  `region` enum('USA','EUR','UNIVERSAL') NOT NULL DEFAULT 'UNIVERSAL',
  `version_title` longtext,
  `comment` longtext,
  `restore_comment` longtext,
  `override_virtualstore` tinyint(1) NOT NULL,
  `require_detection` tinyint(1) NOT NULL,
  PRIMARY KEY (`id`),
  UNIQUE KEY `name` (`name`,`platform`,`region`),
  KEY `platform` (`platform`)
) ENGINE=InnoDB  DEFAULT CHARSET=utf8 AUTO_INCREMENT=23484 ;

--
-- Dumping data for table `game_versions`
--

INSERT INTO `game_versions` (`id`, `name`, `platform`, `region`, `version_title`, `comment`, `restore_comment`, `override_virtualstore`, `require_detection`) VALUES
(22373, '18WheelsOfSteelExtremeTrucker', 'Windows', 'UNIVERSAL', NULL, NULL, NULL, 0, 0),
(22374, '25ToLife', 'Windows', 'UNIVERSAL', NULL, NULL, NULL, 0, 0),
(22375, '4x4Hummer', 'Windows', 'UNIVERSAL', NULL, NULL, NULL, 0, 0),
(22376, '7554', 'Windows', 'UNIVERSAL', NULL, NULL, NULL, 0, 0),
(22377, 'AaaaaAAaaaAAAaaAAAAaAAAAA', 'Windows', 'UNIVERSAL', NULL, NULL, NULL, 0, 0),
(22378, 'AdventRising', 'Windows', 'UNIVERSAL', NULL, NULL, NULL, 0, 0),
(22379, 'AfterfallInsanity', 'Windows', 'UNIVERSAL', NULL, NULL, NULL, 0, 0),
(22380, 'AgeOfEmpires2', 'Windows', 'UNIVERSAL', NULL, NULL, NULL, 0, 0),
(22381, 'AgeOfEmpires3', 'Windows', 'UNIVERSAL', NULL, NULL, NULL, 0, 0),
(22382, 'AgeOfMythology', 'Windows', 'UNIVERSAL', NULL, NULL, NULL, 0, 0),
(22383, 'AgeOfWonders', 'Windows', 'UNIVERSAL', NULL, NULL, NULL, 0, 0),
(22384, 'AIMRacing', 'Windows', 'UNIVERSAL', NULL, NULL, NULL, 0, 0),
(22385, 'AlanWake', 'Windows', 'UNIVERSAL', NULL, NULL, NULL, 0, 0),
(22386, 'AlanWakeAmericanNightmare', 'Windows', 'UNIVERSAL', NULL, NULL, NULL, 0, 0),
(22387, 'Alice', 'Windows', 'UNIVERSAL', NULL, NULL, NULL, 0, 0),
(22388, 'AliceMadnessReturns', 'Windows', 'UNIVERSAL', NULL, NULL, NULL, 0, 0),
(22389, 'AlienBreed2Assault', 'Windows', 'UNIVERSAL', NULL, NULL, NULL, 0, 0),
(22390, 'AlienBreed3Descent', 'Windows', 'UNIVERSAL', NULL, NULL, NULL, 0, 0),
(22391, 'AlienBreedImpact', 'Windows', 'UNIVERSAL', NULL, NULL, NULL, 0, 0),
(22392, 'AlienShooter2Reloaded', 'Windows', 'UNIVERSAL', NULL, NULL, NULL, 0, 0),
(22393, 'AlienShooterVengeance', 'Windows', 'UNIVERSAL', NULL, NULL, NULL, 0, 0),
(22394, 'AliensVsPredator2', 'Windows', 'UNIVERSAL', NULL, NULL, NULL, 0, 0),
(22395, 'AliensVsPredator2010', 'Windows', 'UNIVERSAL', NULL, NULL, NULL, 0, 0),
(22396, 'AloneInTheDarkTheNewNightmare', 'Windows', 'UNIVERSAL', NULL, NULL, NULL, 0, 0),
(22397, 'AlphaCentauri', 'Windows', 'UNIVERSAL', NULL, NULL, NULL, 0, 0),
(22398, 'AlphaProtocol', 'Windows', 'UNIVERSAL', NULL, NULL, NULL, 0, 0),
(22399, 'AmerzoneTheExplorersLegacy', 'Windows', 'UNIVERSAL', NULL, NULL, NULL, 0, 0),
(22400, 'AmnesiaTheDarkDescent', 'Windows', 'UNIVERSAL', NULL, NULL, NULL, 0, 0),
(22401, 'Anachronox', 'Windows', 'UNIVERSAL', NULL, NULL, NULL, 0, 0),
(22402, 'AngelsOnline', 'Windows', 'UNIVERSAL', NULL, 'Settings only', NULL, 0, 0),
(22403, 'AngryBirdsSpace', 'Windows', 'UNIVERSAL', NULL, NULL, NULL, 0, 0),
(22404, 'Anno1404', 'Windows', 'UNIVERSAL', NULL, NULL, NULL, 0, 0),
(22405, 'APBReloaded', 'Windows', 'UNIVERSAL', NULL, NULL, NULL, 0, 0),
(22406, 'Aquanox', 'Windows', 'UNIVERSAL', NULL, NULL, NULL, 0, 0),
(22407, 'Aquanox2', 'Windows', 'UNIVERSAL', NULL, NULL, NULL, 0, 0),
(22408, 'Aquaria', 'Windows', 'UNIVERSAL', NULL, NULL, NULL, 0, 0),
(22409, 'ArcaniaFallOfSetarrif', 'Windows', 'UNIVERSAL', NULL, NULL, NULL, 0, 0),
(22410, 'ArcaniaGothic4', 'Windows', 'UNIVERSAL', NULL, NULL, NULL, 0, 0),
(22411, 'ArcanumOfSteamworksAndMagickObscura', 'Windows', 'UNIVERSAL', NULL, NULL, NULL, 0, 0),
(22412, 'ARES', 'Windows', 'UNIVERSAL', NULL, NULL, NULL, 0, 0),
(22413, 'ArmA2', 'Windows', 'UNIVERSAL', NULL, NULL, NULL, 0, 0),
(22414, 'ArmACombatOperations', 'Windows', 'UNIVERSAL', NULL, NULL, NULL, 0, 0),
(22415, 'ArmedForcesCorps', 'Windows', 'UNIVERSAL', NULL, NULL, NULL, 0, 0),
(22416, 'ArxFatalis', 'Windows', 'UNIVERSAL', NULL, NULL, NULL, 0, 0),
(22417, 'AssassinsCreed', 'Windows', 'UNIVERSAL', NULL, NULL, NULL, 0, 0),
(22418, 'AssassinsCreedBrotherhood', 'Windows', 'UNIVERSAL', NULL, NULL, NULL, 0, 0),
(22419, 'AtomZombieSmasher', 'Windows', 'UNIVERSAL', NULL, NULL, NULL, 0, 0),
(22420, 'Audiosurf', 'Windows', 'UNIVERSAL', NULL, NULL, NULL, 0, 0),
(22421, 'AvadonTheBlackFortress', 'Windows', 'UNIVERSAL', NULL, NULL, NULL, 0, 0),
(22422, 'AvatarTheGame', 'Windows', 'UNIVERSAL', NULL, NULL, NULL, 0, 0),
(22423, 'AvencastRiseOfTheMage', 'Windows', 'UNIVERSAL', NULL, NULL, NULL, 0, 0),
(22424, 'AxisAndAllies', 'Windows', 'UNIVERSAL', NULL, NULL, NULL, 0, 0),
(22425, 'BackToTheFutureEpisode1ItsAboutTime', 'Windows', 'UNIVERSAL', NULL, NULL, NULL, 0, 0),
(22426, 'BackToTheFutureEpisode2GetTannen', 'Windows', 'UNIVERSAL', NULL, NULL, NULL, 0, 0),
(22427, 'BackToTheFutureEpisode3CitizenBrown', 'Windows', 'UNIVERSAL', NULL, NULL, NULL, 0, 0),
(22428, 'BackToTheFutureEpisode4DoubleVisions', 'Windows', 'UNIVERSAL', NULL, NULL, NULL, 0, 0),
(22429, 'BackToTheFutureEpisode5OUTATIME', 'Windows', 'UNIVERSAL', NULL, NULL, NULL, 0, 0),
(22430, 'BaldursGate', 'Windows', 'UNIVERSAL', NULL, 'Also archives expansion saves', NULL, 0, 0),
(22431, 'BaldursGate2', 'Windows', 'UNIVERSAL', NULL, 'Also archives expansion saves', NULL, 0, 0),
(22432, 'Ball', 'Windows', 'UNIVERSAL', NULL, NULL, NULL, 0, 0),
(22433, 'Bastion', 'Windows', 'UNIVERSAL', NULL, NULL, NULL, 0, 0),
(22434, 'BatmanArkhamAsylum', 'Windows', 'UNIVERSAL', NULL, NULL, 'Restoring saves for this game also requires restoring Game for Windows Account Data, which MASGAU automatically backs up in G4WAccountData.', 0, 0),
(22435, 'BatmanArkhamAsylumGOTY', 'Windows', 'UNIVERSAL', NULL, NULL, 'Restoring saves for this game also requires restoring Game for Windows Account Data, which MASGAU automatically backs up in G4WAccountData.', 0, 0),
(22436, 'BatmanArkhamCity', 'Windows', 'UNIVERSAL', NULL, NULL, NULL, 0, 0),
(22437, 'BattleArmorDivision', 'Windows', 'UNIVERSAL', NULL, NULL, NULL, 0, 0),
(22438, 'Battlefield3', 'Windows', 'UNIVERSAL', NULL, NULL, NULL, 0, 0),
(22439, 'BattlefieldBadCompany2', 'Windows', 'UNIVERSAL', NULL, NULL, NULL, 0, 0),
(22440, 'BattleForMiddleEarth2', 'Windows', 'UNIVERSAL', NULL, NULL, NULL, 0, 0),
(22441, 'BattleLA', 'Windows', 'UNIVERSAL', NULL, NULL, NULL, 0, 0),
(22442, 'BeachLife', 'Windows', 'UNIVERSAL', NULL, NULL, NULL, 0, 0),
(22443, 'Bejeweled2Deluxe', 'Windows', 'UNIVERSAL', NULL, NULL, NULL, 0, 0),
(22444, 'BejeweledDeluxe', 'Windows', 'UNIVERSAL', NULL, NULL, NULL, 0, 0),
(22445, 'BenThereDanThat', 'Windows', 'UNIVERSAL', NULL, NULL, NULL, 0, 0),
(22446, 'BetOnSoldierBloodSport', 'Windows', 'UNIVERSAL', NULL, NULL, NULL, 0, 0),
(22447, 'BeyondGoodAndEvil', 'Windows', 'UNIVERSAL', NULL, NULL, NULL, 0, 0),
(22448, 'BionicCommandoRearmed', 'Windows', 'UNIVERSAL', NULL, NULL, NULL, 0, 0),
(22449, 'BioShock', 'Windows', 'UNIVERSAL', NULL, NULL, NULL, 0, 0),
(22450, 'BioShock2', 'Windows', 'UNIVERSAL', NULL, NULL, NULL, 0, 0),
(22451, 'BlackAndWhite', 'Windows', 'UNIVERSAL', NULL, NULL, NULL, 0, 0),
(22452, 'BlacklightTangoDown', 'Windows', 'UNIVERSAL', NULL, NULL, NULL, 0, 0),
(22453, 'BlackMarket', 'Windows', 'UNIVERSAL', NULL, NULL, NULL, 0, 0),
(22454, 'BlackMirror2', 'Windows', 'UNIVERSAL', NULL, NULL, NULL, 0, 0),
(22455, 'BlackwellConvergence', 'Windows', 'UNIVERSAL', NULL, NULL, NULL, 0, 0),
(22456, 'BlackwellDeception', 'Windows', 'UNIVERSAL', NULL, NULL, NULL, 0, 0),
(22457, 'BlackwellLegacy', 'Windows', 'UNIVERSAL', NULL, NULL, NULL, 0, 0),
(22458, 'BlackwellUnbound', 'Windows', 'UNIVERSAL', NULL, NULL, NULL, 0, 0),
(22459, 'BladeRunner', 'Windows', 'UNIVERSAL', NULL, NULL, NULL, 0, 0),
(22460, 'Blood2TheChosen', 'Windows', 'UNIVERSAL', NULL, NULL, NULL, 0, 0),
(22461, 'BloodBowl', 'Windows', 'UNIVERSAL', NULL, 'Includes Blood Bowl Dark Elves Edition as well.', NULL, 0, 0),
(22462, 'BloodBowlLegendaryEdition', 'Windows', 'UNIVERSAL', NULL, NULL, NULL, 0, 0),
(22463, 'BloodRayne', 'Windows', 'UNIVERSAL', NULL, NULL, NULL, 0, 0),
(22464, 'BloodRayne2', 'Windows', 'UNIVERSAL', NULL, NULL, NULL, 0, 0),
(22465, 'BloodStone007', 'Windows', 'UNIVERSAL', NULL, NULL, NULL, 0, 0),
(22466, 'BookwormAdventureDeluxe', 'Windows', 'UNIVERSAL', NULL, NULL, NULL, 0, 0),
(22467, 'Borderlands', 'Windows', 'UNIVERSAL', NULL, NULL, NULL, 0, 0),
(22468, 'Braid', 'Windows', 'UNIVERSAL', NULL, NULL, NULL, 0, 0),
(22469, 'BreathOfDeath7', 'Windows', 'UNIVERSAL', NULL, NULL, NULL, 0, 0),
(22470, 'BrokenSword2Remastered', 'Windows', 'UNIVERSAL', NULL, NULL, NULL, 0, 0),
(22471, 'BrokenSword3TheSleepingDragon', 'Windows', 'UNIVERSAL', NULL, NULL, NULL, 0, 0),
(22472, 'BrokenSword4TheAngelOfDeath', 'Windows', 'UNIVERSAL', NULL, NULL, NULL, 0, 0),
(22473, 'BrokenSwordDirectorsCut', 'Windows', 'UNIVERSAL', NULL, NULL, NULL, 0, 0),
(22474, 'Bulletstorm', 'Windows', 'UNIVERSAL', NULL, NULL, NULL, 0, 0),
(22475, 'BullyScholarshipEdition', 'Windows', 'UNIVERSAL', NULL, NULL, NULL, 0, 0),
(22476, 'BurnoutParadise', 'Windows', 'UNIVERSAL', NULL, NULL, NULL, 0, 0),
(22477, 'CallOfCthulhuDarkCornersOfTheEarth', 'Windows', 'UNIVERSAL', NULL, NULL, NULL, 0, 0),
(22478, 'CallOfDuty', 'Windows', 'UNIVERSAL', NULL, NULL, NULL, 0, 0),
(22479, 'CallOfDuty2', 'Windows', 'UNIVERSAL', NULL, NULL, NULL, 0, 0),
(22480, 'CallOfDuty4ModernWarfare', 'Windows', 'UNIVERSAL', NULL, NULL, NULL, 0, 0),
(22481, 'CallOfDutyBlackOps', 'Windows', 'UNIVERSAL', NULL, NULL, NULL, 0, 0),
(22482, 'CallOfDutyModernWarfare2', 'Windows', 'UNIVERSAL', NULL, NULL, NULL, 0, 0),
(22483, 'CallOfDutyModernWarfare3', 'Windows', 'UNIVERSAL', NULL, NULL, NULL, 0, 0),
(22484, 'CallOfDutyUnitedOffensive', 'Windows', 'UNIVERSAL', NULL, NULL, NULL, 0, 0),
(22485, 'CallOfDutyWorldAtWar', 'Windows', 'UNIVERSAL', NULL, NULL, NULL, 0, 0),
(22486, 'CallOfJuarezBoundInBlood', 'Windows', 'UNIVERSAL', NULL, NULL, NULL, 0, 0),
(22487, 'Capsized', 'Windows', 'UNIVERSAL', NULL, NULL, NULL, 0, 0),
(22488, 'CarnivoresCityscape', 'Windows', 'UNIVERSAL', NULL, NULL, NULL, 0, 0),
(22489, 'Ceville', 'Windows', 'UNIVERSAL', NULL, NULL, NULL, 0, 0),
(22490, 'Chaser', 'Windows', 'UNIVERSAL', NULL, NULL, NULL, 0, 0),
(22491, 'Chime', 'Windows', 'UNIVERSAL', NULL, NULL, NULL, 0, 0),
(22492, 'Chrome', 'Windows', 'UNIVERSAL', NULL, NULL, NULL, 0, 0),
(22493, 'ChromeSpecForce', 'Windows', 'UNIVERSAL', NULL, NULL, NULL, 0, 0),
(22494, 'ChroniclesOfRiddickAssaultOnDarkAthena', 'Windows', 'UNIVERSAL', NULL, NULL, NULL, 0, 0),
(22495, 'ChroniclesOfRiddickEscapeFromButcherBay', 'Windows', 'UNIVERSAL', NULL, NULL, NULL, 0, 0),
(22496, 'CitiesInMotion', 'Windows', 'UNIVERSAL', NULL, NULL, NULL, 0, 0),
(22497, 'Civilization', 'Windows', 'UNIVERSAL', NULL, NULL, NULL, 0, 0),
(22498, 'Civilization2Gold', 'Windows', 'UNIVERSAL', NULL, NULL, NULL, 0, 0),
(22499, 'Civilization2TestOfTime', 'Windows', 'UNIVERSAL', NULL, NULL, NULL, 0, 0),
(22500, 'Civilization3', 'Windows', 'UNIVERSAL', NULL, NULL, NULL, 0, 0),
(22501, 'Civilization4', 'Windows', 'UNIVERSAL', NULL, NULL, NULL, 0, 0),
(22502, 'Civilization4Colonization', 'Windows', 'UNIVERSAL', NULL, NULL, NULL, 0, 0),
(22503, 'Civilization5', 'Windows', 'UNIVERSAL', NULL, NULL, NULL, 0, 0),
(22504, 'ClassicCarRacing', 'Windows', 'UNIVERSAL', NULL, NULL, NULL, 0, 0),
(22505, 'Clutch', 'Windows', 'UNIVERSAL', NULL, NULL, NULL, 0, 0),
(22506, 'Colonization', 'Windows', 'UNIVERSAL', NULL, NULL, NULL, 0, 0),
(22507, 'CommandAndConquer3TiberiumWars', 'Windows', 'UNIVERSAL', NULL, NULL, NULL, 0, 0),
(22508, 'CommandAndConquer4TiberianTwilight', 'Windows', 'UNIVERSAL', NULL, NULL, NULL, 0, 0),
(22509, 'CommandAndConquerRedAlert3', 'Windows', 'UNIVERSAL', NULL, NULL, NULL, 0, 0),
(22510, 'CompanyOfHeroes', 'Windows', 'UNIVERSAL', NULL, NULL, NULL, 0, 0),
(22511, 'CondemnedCriminalOrigins', 'Windows', 'UNIVERSAL', NULL, NULL, NULL, 0, 0),
(22512, 'CorsixTH', 'Windows', 'UNIVERSAL', NULL, NULL, NULL, 0, 0),
(22513, 'CounterStrikeConditionZero', 'Windows', 'UNIVERSAL', NULL, NULL, NULL, 0, 0),
(22514, 'CrayonPhysicsDeluxe', 'Windows', 'UNIVERSAL', NULL, NULL, NULL, 0, 0),
(22515, 'Cryostasis', 'Windows', 'UNIVERSAL', NULL, NULL, NULL, 0, 0),
(22516, 'Crysis', 'Windows', 'UNIVERSAL', NULL, NULL, NULL, 0, 0),
(22517, 'Crysis2', 'Windows', 'UNIVERSAL', NULL, NULL, NULL, 0, 0),
(22518, 'CrysisWarhead', 'Windows', 'UNIVERSAL', NULL, NULL, NULL, 0, 0),
(22519, 'CrysisWars', 'Windows', 'UNIVERSAL', NULL, NULL, NULL, 0, 0),
(22520, 'CSIHardEvidence', 'Windows', 'UNIVERSAL', NULL, NULL, NULL, 0, 0),
(22521, 'CSINYTheGame', 'Windows', 'UNIVERSAL', NULL, NULL, NULL, 0, 0),
(22522, 'CthulhuSavesTheWorld', 'Windows', 'UNIVERSAL', NULL, NULL, NULL, 0, 0),
(22523, 'CursedMountain', 'Windows', 'UNIVERSAL', NULL, NULL, NULL, 0, 0),
(22524, 'Cyberstorm', 'Windows', 'UNIVERSAL', NULL, 'Checks for saves in Documents\\Cyberstorm and Alt. Save Paths', NULL, 0, 0),
(22525, 'Cyberstorm2', 'Windows', 'UNIVERSAL', NULL, 'Checks for saves in Documents\\Cyberstorm 2 and Alt. Save Paths', NULL, 0, 0),
(22526, 'Daikatana', 'Windows', 'UNIVERSAL', NULL, NULL, NULL, 0, 0),
(22527, 'DangerousHighSchoolGirlsInTrouble', 'Windows', 'UNIVERSAL', NULL, NULL, NULL, 0, 0),
(22528, 'DarkestOfDays', 'Windows', 'UNIVERSAL', NULL, NULL, NULL, 0, 0),
(22529, 'DarkFall2LightsOut', 'Windows', 'UNIVERSAL', NULL, NULL, NULL, 0, 0),
(22530, 'DarkFallTheJournal', 'Windows', 'UNIVERSAL', NULL, NULL, NULL, 0, 0),
(22531, 'DarkHorizon', 'Windows', 'UNIVERSAL', NULL, NULL, NULL, 0, 0),
(22532, 'DarkMessiahMightandMagic', 'Windows', 'UNIVERSAL', NULL, NULL, NULL, 0, 0),
(22533, 'Darkness2', 'Windows', 'UNIVERSAL', NULL, NULL, NULL, 0, 0),
(22534, 'DarknessWithin', 'Windows', 'UNIVERSAL', NULL, NULL, NULL, 0, 0),
(22535, 'DarknessWithin2', 'Windows', 'UNIVERSAL', NULL, NULL, NULL, 0, 0),
(22536, 'DarkSector', 'Windows', 'UNIVERSAL', NULL, NULL, NULL, 0, 0),
(22537, 'Darksiders', 'Windows', 'UNIVERSAL', NULL, NULL, NULL, 0, 0),
(22538, 'Darkspore', 'Windows', 'UNIVERSAL', NULL, NULL, NULL, 0, 0),
(22539, 'DarkstarOne', 'Windows', 'UNIVERSAL', NULL, NULL, NULL, 0, 0),
(22540, 'Darkstone', 'Windows', 'UNIVERSAL', NULL, NULL, NULL, 0, 0),
(22541, 'DarkVoid', 'Windows', 'UNIVERSAL', NULL, NULL, NULL, 0, 0),
(22542, 'Darwinia', 'Windows', 'UNIVERSAL', NULL, NULL, NULL, 0, 0),
(22543, 'DeadRising2', 'Windows', 'UNIVERSAL', NULL, NULL, NULL, 0, 0),
(22544, 'DeadSpace', 'Windows', 'UNIVERSAL', NULL, NULL, NULL, 0, 0),
(22545, 'DeadSpace2', 'Windows', 'UNIVERSAL', NULL, NULL, NULL, 0, 0),
(22546, 'DeathToSpiesMomentOfTruth', 'Windows', 'UNIVERSAL', NULL, NULL, NULL, 0, 0),
(22547, 'DeathTrackResurrection', 'Windows', 'UNIVERSAL', NULL, NULL, NULL, 0, 0),
(22548, 'DeepBlackReloaded', 'Windows', 'UNIVERSAL', NULL, NULL, NULL, 0, 0),
(22549, 'DemonStone', 'Windows', 'UNIVERSAL', NULL, NULL, NULL, 0, 0),
(22550, 'DepthHunter', 'Windows', 'UNIVERSAL', NULL, NULL, NULL, 0, 0),
(22551, 'Descent2', 'Windows', 'UNIVERSAL', NULL, 'Includes Descent II: The Vertigo Series', NULL, 0, 0),
(22552, 'Descent3', 'Windows', 'UNIVERSAL', NULL, NULL, NULL, 0, 0),
(22553, 'DescentFreeSpaceTheGreatWar', 'Windows', 'UNIVERSAL', NULL, NULL, NULL, 0, 0),
(22554, 'Desperados', 'Windows', 'UNIVERSAL', NULL, NULL, NULL, 0, 0),
(22555, 'Desperados2', 'Windows', 'UNIVERSAL', NULL, NULL, NULL, 0, 0),
(22556, 'DeusEx', 'Windows', 'UNIVERSAL', NULL, 'The best game EVER!', NULL, 0, 0),
(22557, 'DeusExInvisibleWar', 'Windows', 'UNIVERSAL', NULL, NULL, NULL, 0, 0),
(22558, 'Diablo', 'Windows', 'UNIVERSAL', NULL, NULL, NULL, 0, 0),
(22559, 'Diablo2', 'Windows', 'UNIVERSAL', NULL, NULL, NULL, 0, 0),
(22560, 'DinnerDate', 'Windows', 'UNIVERSAL', NULL, NULL, NULL, 0, 0),
(22561, 'DiRT', 'Windows', 'UNIVERSAL', NULL, NULL, NULL, 0, 0),
(22562, 'DiRT2', 'Windows', 'UNIVERSAL', NULL, NULL, NULL, 0, 0),
(22563, 'DiRT3', 'Windows', 'UNIVERSAL', NULL, NULL, NULL, 0, 0),
(22564, 'Disciples3', 'Windows', 'UNIVERSAL', NULL, NULL, NULL, 0, 0),
(22565, 'Divinity2DragonKnightSaga', 'Windows', 'UNIVERSAL', NULL, NULL, NULL, 0, 0),
(22566, 'DocClockTheToastedSandwichOfTime', 'Windows', 'UNIVERSAL', NULL, NULL, NULL, 0, 0),
(22567, 'Doom', 'Windows', 'UNIVERSAL', NULL, NULL, NULL, 0, 0),
(22568, 'Doom2', 'Windows', 'UNIVERSAL', NULL, NULL, NULL, 0, 0),
(22569, 'Doom3', 'Windows', 'UNIVERSAL', NULL, NULL, NULL, 1, 1),
(22570, 'Downfall', 'Windows', 'UNIVERSAL', NULL, NULL, NULL, 0, 0),
(22571, 'DragonAge2', 'Windows', 'UNIVERSAL', NULL, NULL, NULL, 0, 0),
(22572, 'DragonAgeOrigins', 'Windows', 'UNIVERSAL', NULL, NULL, NULL, 0, 0),
(22573, 'Dragonshard', 'Windows', 'UNIVERSAL', NULL, NULL, NULL, 0, 0),
(22574, 'DreamfallTheLongestJourney', 'Windows', 'UNIVERSAL', NULL, NULL, NULL, 0, 0),
(22575, 'Dreamkiller', 'Windows', 'UNIVERSAL', NULL, NULL, NULL, 0, 0),
(22576, 'Driver3', 'Windows', 'UNIVERSAL', NULL, NULL, NULL, 0, 0),
(22577, 'DriverParallelLines', 'Windows', 'UNIVERSAL', NULL, NULL, NULL, 0, 0),
(22578, 'DriverSanFrancisco', 'Windows', 'UNIVERSAL', NULL, NULL, NULL, 0, 0),
(22579, 'DrugWarsMerchantsOfBrooklyn', 'Windows', 'UNIVERSAL', NULL, NULL, NULL, 0, 0),
(22580, 'DungeonKeeper', 'Windows', 'UNIVERSAL', NULL, NULL, NULL, 0, 0),
(22581, 'DungeonKeeper2', 'Windows', 'UNIVERSAL', NULL, NULL, NULL, 0, 0),
(22582, 'DungeonsAndDragonsDaggerdale', 'Windows', 'UNIVERSAL', NULL, NULL, NULL, 0, 0),
(22583, 'DungeonSiege3', 'Windows', 'UNIVERSAL', NULL, NULL, NULL, 0, 0),
(22584, 'DungeonsOfDredmor', 'Windows', 'UNIVERSAL', NULL, NULL, NULL, 0, 0),
(22585, 'Earth2140', 'Windows', 'UNIVERSAL', NULL, NULL, NULL, 0, 0),
(22586, 'Earth2150', 'Windows', 'UNIVERSAL', NULL, NULL, NULL, 0, 0),
(22587, 'Earth2150LostSouls', 'Windows', 'UNIVERSAL', NULL, NULL, NULL, 0, 0),
(22588, 'Earth2150TheMoonProject', 'Windows', 'UNIVERSAL', NULL, NULL, NULL, 0, 0),
(22589, 'Earth2160', 'Windows', 'UNIVERSAL', NULL, NULL, NULL, 0, 0),
(22590, 'EarthwormJim3D', 'Windows', 'UNIVERSAL', NULL, NULL, NULL, 0, 0),
(22591, 'Eets', 'Windows', 'UNIVERSAL', NULL, NULL, NULL, 0, 0),
(22592, 'ElderScrolls3Morrowind', 'Windows', 'UNIVERSAL', NULL, NULL, NULL, 0, 0),
(22593, 'ElderScrolls4Oblivion', 'Windows', 'UNIVERSAL', NULL, NULL, NULL, 0, 0),
(22594, 'ElderScrolls5Skyrim', 'Windows', 'UNIVERSAL', NULL, NULL, NULL, 0, 0),
(22595, 'EliteForcesWWIIIwoJima', 'Windows', 'UNIVERSAL', NULL, NULL, NULL, 0, 0),
(22596, 'EmpireEarth', 'Windows', 'UNIVERSAL', NULL, NULL, NULL, 0, 0),
(22597, 'EmpireEarth2', 'Windows', 'UNIVERSAL', NULL, NULL, NULL, 0, 0),
(22598, 'EmpireEarth3', 'Windows', 'UNIVERSAL', NULL, NULL, NULL, 0, 0),
(22599, 'EschalonBook1', 'Windows', 'UNIVERSAL', NULL, NULL, NULL, 0, 0),
(22600, 'EschalonBook2', 'Windows', 'UNIVERSAL', NULL, NULL, NULL, 0, 0),
(22601, 'Eufloria', 'Windows', 'UNIVERSAL', NULL, NULL, NULL, 0, 0),
(22602, 'EverlightOfMagicAndPower', 'Windows', 'UNIVERSAL', NULL, NULL, NULL, 0, 0),
(22603, 'EvilGenius', 'Windows', 'UNIVERSAL', NULL, NULL, NULL, 0, 0),
(22604, 'Evolva', 'Windows', 'UNIVERSAL', NULL, NULL, NULL, 0, 0),
(22605, 'ExodusFromTheEarth', 'Windows', 'UNIVERSAL', NULL, NULL, NULL, 0, 0),
(22606, 'Explodemon', 'Windows', 'UNIVERSAL', NULL, NULL, NULL, 0, 0),
(22607, 'EYEDivineCybermancy', 'Windows', 'UNIVERSAL', NULL, NULL, NULL, 0, 0),
(22608, 'F22Lightning3', 'Windows', 'UNIVERSAL', NULL, NULL, NULL, 0, 0),
(22609, 'Fable', 'Windows', 'UNIVERSAL', NULL, NULL, NULL, 0, 0),
(22610, 'Fable3', 'Windows', 'UNIVERSAL', NULL, NULL, NULL, 0, 0),
(22611, 'FaeryLegendsOfAvalon', 'Windows', 'UNIVERSAL', NULL, NULL, NULL, 0, 0),
(22612, 'Fahrenheit', 'Windows', 'UNIVERSAL', NULL, NULL, NULL, 0, 0),
(22613, 'Fallout', 'Windows', 'UNIVERSAL', NULL, NULL, NULL, 0, 0),
(22614, 'Fallout2', 'Windows', 'UNIVERSAL', NULL, NULL, NULL, 0, 0),
(22615, 'Fallout3', 'Windows', 'UNIVERSAL', NULL, NULL, NULL, 0, 0),
(22616, 'FalloutNewVegas', 'Windows', 'UNIVERSAL', NULL, NULL, NULL, 0, 0),
(22617, 'FalloutTactics', 'Windows', 'UNIVERSAL', NULL, NULL, NULL, 0, 0),
(22618, 'FarCry', 'Windows', 'UNIVERSAL', NULL, NULL, NULL, 0, 0),
(22619, 'FarCry2', 'Windows', 'UNIVERSAL', NULL, 'This also works with Far Cry 2 Fortune''s Edition.', NULL, 0, 0),
(22620, 'FarmFrenzy', 'Windows', 'UNIVERSAL', NULL, NULL, NULL, 0, 0),
(22621, 'FarscapeTheGame', 'Windows', 'UNIVERSAL', NULL, NULL, NULL, 0, 0),
(22622, 'FEAR2ProjectOrigin', 'Windows', 'UNIVERSAL', NULL, NULL, NULL, 0, 0),
(22623, 'FearCombat', 'Windows', 'UNIVERSAL', NULL, NULL, NULL, 0, 0),
(22624, 'FEARFirstEncounterAssaultRecon', 'Windows', 'UNIVERSAL', NULL, NULL, NULL, 0, 0),
(22625, 'FEARPerseusMandate', 'Windows', 'UNIVERSAL', NULL, NULL, NULL, 0, 0),
(22626, 'FIFA11', 'Windows', 'UNIVERSAL', NULL, NULL, NULL, 0, 0),
(22627, 'FinalDoom', 'Windows', 'UNIVERSAL', NULL, NULL, NULL, 0, 0),
(22628, 'FinalFantasy7', 'Windows', 'UNIVERSAL', NULL, NULL, NULL, 0, 0),
(22629, 'FishTycoon', 'Windows', 'UNIVERSAL', NULL, NULL, NULL, 0, 0),
(22630, 'FlatOut', 'Windows', 'UNIVERSAL', NULL, NULL, NULL, 0, 0),
(22631, 'FlatOut2', 'Windows', 'UNIVERSAL', NULL, NULL, NULL, 0, 0),
(22632, 'FlatOutUltimateCarnage', 'Windows', 'UNIVERSAL', NULL, NULL, NULL, 0, 0),
(22633, 'FlightControlHD', 'Windows', 'UNIVERSAL', NULL, NULL, NULL, 0, 0),
(22634, 'FreedomForce', 'Windows', 'UNIVERSAL', NULL, NULL, NULL, 0, 0),
(22635, 'FreedomForceVsThe3rdReich', 'Windows', 'UNIVERSAL', NULL, NULL, NULL, 0, 0),
(22636, 'Freelancer', 'Windows', 'UNIVERSAL', NULL, NULL, NULL, 0, 0),
(22637, 'FreeSpace2', 'Windows', 'UNIVERSAL', NULL, NULL, NULL, 0, 0),
(22638, 'Frogger2', 'Windows', 'UNIVERSAL', NULL, NULL, NULL, 0, 0),
(22639, 'FrontlinesFuelOfWar', 'Windows', 'UNIVERSAL', NULL, NULL, NULL, 0, 0),
(22640, 'FrozenSynapse', 'Windows', 'UNIVERSAL', NULL, NULL, NULL, 0, 0),
(22641, 'Fuel', 'Windows', 'UNIVERSAL', NULL, NULL, NULL, 0, 0),
(22642, 'GabrielKnight', 'Windows', 'UNIVERSAL', NULL, NULL, NULL, 0, 0),
(22643, 'GabrielKnight3', 'Windows', 'UNIVERSAL', NULL, NULL, NULL, 0, 0),
(22644, 'GalacticCivilizations2DreadLords', 'Windows', 'UNIVERSAL', NULL, NULL, NULL, 0, 0),
(22645, 'GarrysMod', 'Windows', 'UNIVERSAL', NULL, NULL, NULL, 0, 0),
(22646, 'GarshaspTheMonsterSlayer', 'Windows', 'UNIVERSAL', NULL, NULL, NULL, 0, 0),
(22647, 'GearsOfWar', 'Windows', 'UNIVERSAL', NULL, NULL, NULL, 0, 0),
(22648, 'GeminiRue', 'Windows', 'UNIVERSAL', NULL, NULL, NULL, 0, 0),
(22649, 'Ghostbusters', 'Windows', 'UNIVERSAL', NULL, NULL, NULL, 0, 0),
(22650, 'GhostMaster', 'Windows', 'UNIVERSAL', NULL, NULL, NULL, 0, 0),
(22651, 'GhostRecon', 'Windows', 'UNIVERSAL', NULL, NULL, NULL, 0, 0),
(22652, 'GhostReconAdvancedWarfighter', 'Windows', 'UNIVERSAL', NULL, NULL, NULL, 0, 0),
(22653, 'GhostReconAdvancedWarfighter2', 'Windows', 'UNIVERSAL', NULL, NULL, NULL, 0, 0),
(22654, 'GiantsCitizenKabuto', 'Windows', 'UNIVERSAL', NULL, NULL, NULL, 0, 0),
(22655, 'Gish', 'Windows', 'UNIVERSAL', NULL, NULL, NULL, 0, 0),
(22656, 'GMRally', 'Windows', 'UNIVERSAL', NULL, NULL, NULL, 0, 0),
(22657, 'Godfather', 'Windows', 'UNIVERSAL', NULL, NULL, NULL, 0, 0),
(22658, 'Gothic3', 'Windows', 'UNIVERSAL', NULL, NULL, NULL, 0, 0),
(22659, 'GrandTheftAuto3', 'Windows', 'UNIVERSAL', NULL, NULL, NULL, 0, 0),
(22660, 'GrandTheftAuto4', 'Windows', 'UNIVERSAL', NULL, 'Includes Episodes from Liberty City', NULL, 0, 0),
(22661, 'GrandTheftAutoSanAndreas', 'Windows', 'UNIVERSAL', NULL, NULL, NULL, 0, 0),
(22662, 'GrandTheftAutoViceCity', 'Windows', 'UNIVERSAL', NULL, NULL, NULL, 0, 0),
(22663, 'GratuitousSpaceBattles', 'Windows', 'UNIVERSAL', NULL, NULL, NULL, 0, 0),
(22664, 'Gravitron2', 'Windows', 'UNIVERSAL', NULL, NULL, NULL, 0, 0),
(22665, 'GrayMatter', 'Windows', 'UNIVERSAL', NULL, NULL, NULL, 0, 0),
(22666, 'GreedBlackBorder', 'Windows', 'UNIVERSAL', NULL, NULL, NULL, 0, 0),
(22667, 'GrimFandango', 'Windows', 'UNIVERSAL', NULL, NULL, NULL, 1, 1),
(22668, 'GrotesqueTactics2', 'Windows', 'UNIVERSAL', NULL, NULL, NULL, 0, 0),
(22669, 'GrotesqueTacticsEvilHeroes', 'Windows', 'UNIVERSAL', NULL, NULL, NULL, 0, 0),
(22670, 'GTIRacing', 'Windows', 'UNIVERSAL', NULL, NULL, NULL, 0, 0),
(22671, 'GuildWars', 'Windows', 'UNIVERSAL', NULL, 'Backs up skill and weapon templates only', NULL, 0, 0),
(22672, 'GumboyCrazyAdventures', 'Windows', 'UNIVERSAL', NULL, NULL, NULL, 0, 0),
(22673, 'GumboyCrazyFeatures', 'Windows', 'UNIVERSAL', NULL, NULL, NULL, 0, 0),
(22674, 'GUN', 'Windows', 'UNIVERSAL', NULL, NULL, NULL, 0, 0),
(22675, 'GunMetal', 'Windows', 'UNIVERSAL', NULL, NULL, NULL, 0, 0),
(22676, 'Gyromancer', 'Windows', 'UNIVERSAL', NULL, NULL, NULL, 0, 0),
(22677, 'HackerEvolution', 'Windows', 'UNIVERSAL', NULL, NULL, NULL, 0, 0),
(22678, 'HackerEvolutionDuality', 'Windows', 'UNIVERSAL', NULL, NULL, NULL, 0, 0),
(22679, 'HaegemoniaLegionsOfIron', 'Windows', 'UNIVERSAL', NULL, NULL, NULL, 0, 0),
(22680, 'HalfLife', 'Windows', 'UNIVERSAL', NULL, NULL, NULL, 0, 0),
(22681, 'HalfLife2', 'Windows', 'UNIVERSAL', NULL, NULL, NULL, 0, 0),
(22682, 'HalfLife2EpisodeOne', 'Windows', 'UNIVERSAL', NULL, NULL, NULL, 0, 0),
(22683, 'HalfLife2EpisodeTwo', 'Windows', 'UNIVERSAL', NULL, NULL, NULL, 0, 0),
(22684, 'HalfLife2LostCoast', 'Windows', 'UNIVERSAL', NULL, NULL, NULL, 0, 0),
(22685, 'HalfLifeSource', 'Windows', 'UNIVERSAL', NULL, NULL, NULL, 0, 0),
(22686, 'Halo', 'Windows', 'UNIVERSAL', NULL, NULL, NULL, 0, 0),
(22687, 'HardReset', 'Windows', 'UNIVERSAL', NULL, NULL, NULL, 0, 0),
(22688, 'Hardwar', 'Windows', 'UNIVERSAL', NULL, NULL, NULL, 0, 0),
(22689, 'HeartsOfIron2', 'Windows', 'UNIVERSAL', NULL, NULL, NULL, 0, 0),
(22690, 'HeavyMetalFAKK2', 'Windows', 'UNIVERSAL', NULL, NULL, NULL, 0, 0),
(22691, 'Hellforces', 'Windows', 'UNIVERSAL', NULL, NULL, NULL, 0, 0),
(22692, 'HeroesOfMightAndMagic3', 'Windows', 'UNIVERSAL', NULL, NULL, NULL, 0, 0),
(22693, 'Hitman2SilentAssassin', 'Windows', 'UNIVERSAL', NULL, NULL, NULL, 0, 0),
(22694, 'HitmanBloodMoney', 'Windows', 'UNIVERSAL', NULL, NULL, NULL, 0, 0),
(22695, 'HitmanCodename47', 'Windows', 'UNIVERSAL', NULL, NULL, NULL, 0, 0),
(22696, 'HitmanContracts', 'Windows', 'UNIVERSAL', NULL, NULL, NULL, 0, 0),
(22697, 'Homeworld', 'Windows', 'UNIVERSAL', NULL, NULL, NULL, 0, 0),
(22698, 'Homeworld2', 'Windows', 'UNIVERSAL', NULL, NULL, NULL, 0, 0),
(22699, 'HuntedTheDemonsForge', 'Windows', 'UNIVERSAL', NULL, NULL, NULL, 0, 0),
(22700, 'IcewindDale', 'Windows', 'UNIVERSAL', NULL, 'Also archives expansion saves', NULL, 0, 0),
(22701, 'IcewindDale2', 'Windows', 'UNIVERSAL', NULL, 'Also archives expansion saves', NULL, 0, 0),
(22702, 'IcyTower15', 'Windows', 'UNIVERSAL', NULL, NULL, NULL, 0, 0),
(22703, 'IFluid', 'Windows', 'UNIVERSAL', NULL, NULL, NULL, 0, 0),
(22704, 'Incoming', 'Windows', 'UNIVERSAL', NULL, NULL, NULL, 0, 0),
(22705, 'IncredibleMachine3', 'Windows', 'UNIVERSAL', NULL, NULL, NULL, 0, 0),
(22706, 'IncredibleMachineEvenMoreContraptions', 'Windows', 'UNIVERSAL', NULL, NULL, NULL, 0, 0),
(22707, 'IndependenceWar', 'Windows', 'UNIVERSAL', NULL, NULL, NULL, 0, 0),
(22708, 'IndependenceWar2', 'Windows', 'UNIVERSAL', NULL, NULL, NULL, 0, 0),
(22709, 'IndigoProphecy', 'Windows', 'UNIVERSAL', NULL, NULL, NULL, 0, 0),
(22710, 'Infernal', 'Windows', 'UNIVERSAL', NULL, NULL, NULL, 0, 0),
(22711, 'InsaniquariumDeluxe', 'Windows', 'UNIVERSAL', NULL, NULL, NULL, 0, 0),
(22712, 'InsecticidePart1', 'Windows', 'UNIVERSAL', NULL, NULL, NULL, 0, 0),
(22713, 'JackKeane', 'Windows', 'UNIVERSAL', NULL, NULL, NULL, 0, 0),
(22714, 'JadeEmpire', 'Windows', 'UNIVERSAL', NULL, NULL, NULL, 0, 0),
(22715, 'Jamestown', 'Windows', 'UNIVERSAL', NULL, NULL, NULL, 0, 0),
(22716, 'Jericho', 'Windows', 'UNIVERSAL', NULL, NULL, NULL, 0, 0),
(22717, 'JointTaskForce', 'Windows', 'UNIVERSAL', NULL, NULL, NULL, 0, 0),
(22718, 'JudgeDreddDreddVsDeath', 'Windows', 'UNIVERSAL', NULL, NULL, NULL, 0, 0),
(22719, 'JurassicParkTheGame', 'Windows', 'UNIVERSAL', NULL, NULL, NULL, 0, 0),
(22720, 'JustCause', 'Windows', 'UNIVERSAL', NULL, NULL, NULL, 0, 0),
(22721, 'KaneAndLynch2DogDays', 'Windows', 'UNIVERSAL', NULL, NULL, NULL, 0, 0),
(22722, 'KaneAndLynchDeadMen', 'Windows', 'UNIVERSAL', NULL, NULL, NULL, 0, 0),
(22723, 'KaptainBraweEP1', 'Windows', 'UNIVERSAL', NULL, NULL, NULL, 0, 0),
(22724, 'KingArthur', 'Windows', 'UNIVERSAL', NULL, NULL, NULL, 0, 0),
(22725, 'KingArthur2', 'Windows', 'UNIVERSAL', NULL, NULL, NULL, 0, 0),
(22726, 'KingsBountyTheLegend', 'Windows', 'UNIVERSAL', NULL, NULL, NULL, 0, 0),
(22727, 'KingsQuest8', 'Windows', 'UNIVERSAL', NULL, NULL, NULL, 0, 0),
(22728, 'LANoire', 'Windows', 'UNIVERSAL', NULL, NULL, NULL, 0, 0),
(22729, 'LastRemnant', 'Windows', 'UNIVERSAL', NULL, NULL, NULL, 0, 0),
(22730, 'Legendary', 'Windows', 'UNIVERSAL', NULL, NULL, NULL, 0, 0),
(22731, 'LegendsofGrimrock', 'Windows', 'UNIVERSAL', NULL, NULL, NULL, 0, 0),
(22732, 'Limbo', 'Windows', 'UNIVERSAL', NULL, NULL, NULL, 0, 0),
(22733, 'Loki', 'Windows', 'UNIVERSAL', NULL, NULL, NULL, 0, 0),
(22734, 'LoneSurvivor', 'Windows', 'UNIVERSAL', NULL, NULL, NULL, 0, 0),
(22735, 'LongestJourney', 'Windows', 'UNIVERSAL', NULL, NULL, NULL, 0, 1),
(22736, 'LordOfTheRingsTheReturnOfTheKing', 'Windows', 'UNIVERSAL', NULL, NULL, NULL, 0, 0),
(22737, 'LostHorizon', 'Windows', 'UNIVERSAL', NULL, NULL, NULL, 0, 0),
(22738, 'LostPlanet2', 'Windows', 'UNIVERSAL', NULL, NULL, NULL, 0, 0),
(22739, 'LostPlanetColonies', 'Windows', 'UNIVERSAL', NULL, NULL, NULL, 0, 0),
(22740, 'LugaruHD', 'Windows', 'UNIVERSAL', NULL, NULL, NULL, 0, 0),
(22741, 'Mafia', 'Windows', 'UNIVERSAL', NULL, NULL, NULL, 0, 0),
(22742, 'Mafia2', 'Windows', 'UNIVERSAL', NULL, NULL, NULL, 0, 0),
(22743, 'Magicka', 'Windows', 'UNIVERSAL', NULL, NULL, NULL, 0, 0),
(22744, 'Manhunt', 'Windows', 'UNIVERSAL', NULL, NULL, NULL, 0, 0),
(22745, 'Manhunt2', 'Windows', 'UNIVERSAL', NULL, NULL, NULL, 0, 0),
(22746, 'MarkLeungRevengeOfTheBitch', 'Windows', 'UNIVERSAL', NULL, NULL, NULL, 0, 0),
(22747, 'MassEffect', 'Windows', 'UNIVERSAL', NULL, NULL, NULL, 0, 0),
(22748, 'MassEffect2', 'Windows', 'UNIVERSAL', NULL, NULL, NULL, 0, 0),
(22749, 'MassEffect3', 'Windows', 'UNIVERSAL', NULL, NULL, NULL, 0, 0),
(22750, 'MasterOfOrion2', 'Windows', 'UNIVERSAL', NULL, NULL, NULL, 0, 0),
(22751, 'MatrixPathOfNeo', 'Windows', 'UNIVERSAL', NULL, NULL, NULL, 0, 0),
(22752, 'MaxPayne', 'Windows', 'UNIVERSAL', NULL, NULL, NULL, 0, 0),
(22753, 'MaxPayne2', 'Windows', 'UNIVERSAL', NULL, NULL, NULL, 0, 0),
(22754, 'MDK', 'Windows', 'UNIVERSAL', NULL, NULL, NULL, 0, 0),
(22755, 'MDK2', 'Windows', 'UNIVERSAL', NULL, NULL, NULL, 0, 0),
(22756, 'MechCommander', 'Windows', 'UNIVERSAL', NULL, NULL, NULL, 0, 0),
(22757, 'MechCommander2', 'Windows', 'UNIVERSAL', NULL, NULL, NULL, 0, 0),
(22758, 'MechWarrior2', 'Windows', 'UNIVERSAL', NULL, NULL, NULL, 0, 0),
(22759, 'MechWarrior2Mercenaries', 'Windows', 'UNIVERSAL', NULL, NULL, NULL, 0, 0),
(22760, 'MechWarrior2MercenariesTitanium', 'Windows', 'UNIVERSAL', NULL, NULL, NULL, 0, 0),
(22761, 'MechWarrior2Titanium', 'Windows', 'UNIVERSAL', NULL, NULL, NULL, 0, 0),
(22762, 'MechWarrior3', 'Windows', 'UNIVERSAL', NULL, NULL, NULL, 0, 0),
(22763, 'MechWarrior4Mercenaries', 'Windows', 'UNIVERSAL', NULL, NULL, NULL, 0, 0),
(22764, 'MechWarrior4Vengeance', 'Windows', 'UNIVERSAL', NULL, NULL, NULL, 0, 0),
(22765, 'MedalOfHonor2010', 'Windows', 'UNIVERSAL', NULL, NULL, NULL, 0, 0),
(22766, 'Medieval2TotalWar', 'Windows', 'UNIVERSAL', NULL, NULL, NULL, 0, 0),
(22767, 'Megarace3', 'Windows', 'UNIVERSAL', NULL, NULL, NULL, 0, 0),
(22768, 'Messiah', 'Windows', 'UNIVERSAL', NULL, NULL, NULL, 0, 0),
(22769, 'Metro2033', 'Windows', 'UNIVERSAL', NULL, NULL, NULL, 0, 0),
(22770, 'MiG29Fulcrum', 'Windows', 'UNIVERSAL', NULL, NULL, NULL, 0, 0),
(22771, 'MiniNinjas', 'Windows', 'UNIVERSAL', NULL, NULL, NULL, 0, 0),
(22772, 'MirrorsEdge', 'Windows', 'UNIVERSAL', NULL, NULL, NULL, 0, 0),
(22773, 'MisadventuresOfPBWinterbottom', 'Windows', 'UNIVERSAL', NULL, NULL, NULL, 0, 0),
(22774, 'MishapAnAccidentalHaunting', 'Windows', 'UNIVERSAL', NULL, NULL, NULL, 0, 0),
(22775, 'MonkeyIsland2SpecialEditionLeChucksRevenge', 'Windows', 'UNIVERSAL', NULL, NULL, NULL, 0, 0),
(22776, 'MoonbaseAlpha', 'Windows', 'UNIVERSAL', NULL, NULL, NULL, 0, 0),
(22777, 'Mortyr', 'Windows', 'UNIVERSAL', NULL, NULL, NULL, 0, 0),
(22778, 'MotocrossMadness', 'Windows', 'UNIVERSAL', NULL, NULL, NULL, 0, 0),
(22779, 'MountAndBlade', 'Windows', 'UNIVERSAL', NULL, NULL, NULL, 0, 0),
(22780, 'MountAndBladeWarband', 'Windows', 'UNIVERSAL', NULL, NULL, NULL, 0, 0),
(22781, 'MUDTV', 'Windows', 'UNIVERSAL', NULL, NULL, NULL, 0, 0),
(22782, 'Myst3', 'Windows', 'UNIVERSAL', NULL, NULL, NULL, 0, 0),
(22783, 'Myst4', 'Windows', 'UNIVERSAL', NULL, NULL, NULL, 0, 0),
(22784, 'Myst5', 'Windows', 'UNIVERSAL', NULL, NULL, NULL, 0, 0),
(22785, 'MystMasterpieceEdtition', 'Windows', 'UNIVERSAL', NULL, 'Checks for saves in Documents\\Myst and Alt. Save Paths', NULL, 0, 0),
(22786, 'MystUruCompleteChronicles', 'Windows', 'UNIVERSAL', NULL, NULL, NULL, 0, 0),
(22787, 'NationRed', 'Windows', 'UNIVERSAL', NULL, NULL, NULL, 0, 0),
(22788, 'NavalWarfare', 'Windows', 'UNIVERSAL', NULL, NULL, NULL, 0, 0),
(22789, 'NecrovisioNLostCompany', 'Windows', 'UNIVERSAL', NULL, NULL, NULL, 0, 0),
(22790, 'NeedForSpeedHotPursuit', 'Windows', 'UNIVERSAL', NULL, NULL, NULL, 0, 0),
(22791, 'NeedForSpeedShift', 'Windows', 'UNIVERSAL', NULL, NULL, NULL, 0, 0),
(22792, 'NeedForSpeedUndercover', 'Windows', 'UNIVERSAL', NULL, NULL, NULL, 0, 0),
(22793, 'NeuroHunter', 'Windows', 'UNIVERSAL', NULL, NULL, NULL, 0, 0),
(22794, 'NeverwinterNights', 'Windows', 'UNIVERSAL', NULL, NULL, NULL, 0, 0),
(22795, 'NeverwinterNights2', 'Windows', 'UNIVERSAL', NULL, NULL, NULL, 0, 0),
(22796, 'Nikopol', 'Windows', 'UNIVERSAL', NULL, NULL, NULL, 0, 0),
(22797, 'NinjaBlade', 'Windows', 'UNIVERSAL', NULL, NULL, NULL, 0, 0),
(22798, 'NoGravity', 'Windows', 'UNIVERSAL', NULL, NULL, NULL, 0, 0),
(22799, 'NoOneLivesForever', 'Windows', 'UNIVERSAL', NULL, NULL, NULL, 0, 0),
(22800, 'NoOneLivesForever2', 'Windows', 'UNIVERSAL', NULL, NULL, NULL, 0, 0),
(22801, 'OddworldAbesExoddus', 'Windows', 'UNIVERSAL', NULL, NULL, NULL, 0, 0),
(22802, 'OddworldAbesOddysee', 'Windows', 'UNIVERSAL', NULL, NULL, NULL, 0, 0),
(22803, 'OddworldMunchsOddysee', 'Windows', 'UNIVERSAL', NULL, NULL, NULL, 0, 0),
(22804, 'OddworldStrangersWrath', 'Windows', 'UNIVERSAL', NULL, NULL, NULL, 0, 0),
(22805, 'OmikronTheNomadSoul', 'Windows', 'UNIVERSAL', NULL, NULL, NULL, 0, 0),
(22806, 'Oni', 'Windows', 'UNIVERSAL', NULL, NULL, NULL, 0, 0),
(22807, 'OperationFlashpointDragonRising', 'Windows', 'UNIVERSAL', NULL, NULL, NULL, 0, 0),
(22808, 'OperationFlashpointRedRiver', 'Windows', 'UNIVERSAL', NULL, NULL, NULL, 0, 0),
(22809, 'OrcsMustDie', 'Windows', 'UNIVERSAL', NULL, NULL, NULL, 0, 0),
(22810, 'Osmos', 'Windows', 'UNIVERSAL', NULL, NULL, NULL, 0, 0),
(22811, 'Outcast', 'Windows', 'UNIVERSAL', NULL, NULL, NULL, 0, 0),
(22812, 'Outpost2DividedDestiny', 'Windows', 'UNIVERSAL', NULL, NULL, NULL, 0, 0),
(22813, 'Overlord', 'Windows', 'UNIVERSAL', NULL, NULL, NULL, 0, 0),
(22814, 'Overlord2', 'Windows', 'UNIVERSAL', NULL, NULL, NULL, 0, 0),
(22815, 'Painkiller', 'Windows', 'UNIVERSAL', NULL, NULL, NULL, 0, 0),
(22816, 'PainkillerRedemption', 'Windows', 'UNIVERSAL', NULL, NULL, NULL, 0, 0),
(22817, 'Path', 'Windows', 'UNIVERSAL', NULL, NULL, NULL, 0, 0),
(22818, 'Pathologic', 'Windows', 'UNIVERSAL', NULL, NULL, NULL, 0, 0),
(22819, 'PeggleDeluxe', 'Windows', 'UNIVERSAL', NULL, NULL, NULL, 0, 0),
(22820, 'PeggleExtreme', 'Windows', 'UNIVERSAL', NULL, NULL, NULL, 0, 0),
(22821, 'PeggleNights', 'Windows', 'UNIVERSAL', NULL, NULL, NULL, 0, 0),
(22822, 'PeggleWOWEdition', 'Windows', 'UNIVERSAL', NULL, NULL, NULL, 0, 0),
(22823, 'PennyArcadeAdventures1', 'Windows', 'UNIVERSAL', NULL, NULL, NULL, 0, 0),
(22824, 'PennyArcadeAdventures2', 'Windows', 'UNIVERSAL', NULL, NULL, NULL, 0, 0),
(22825, 'PenumbraBlackPlague', 'Windows', 'UNIVERSAL', NULL, NULL, NULL, 0, 0),
(22826, 'PenumbraOverture', 'Windows', 'UNIVERSAL', NULL, NULL, NULL, 0, 0),
(22827, 'Pirates', 'Windows', 'UNIVERSAL', NULL, NULL, NULL, 0, 0),
(22828, 'PlanescapeTorment', 'Windows', 'UNIVERSAL', NULL, NULL, NULL, 0, 0),
(22829, 'PlantsVsZombies', 'Windows', 'UNIVERSAL', NULL, NULL, NULL, 0, 0),
(22830, 'PlantTycoon', 'Windows', 'UNIVERSAL', NULL, NULL, NULL, 0, 0),
(22831, 'PokerNightAtTheInventory', 'Windows', 'UNIVERSAL', NULL, NULL, NULL, 0, 0),
(22832, 'Portal', 'Windows', 'UNIVERSAL', NULL, NULL, NULL, 0, 0),
(22833, 'Portal2', 'Windows', 'UNIVERSAL', NULL, NULL, NULL, 0, 0),
(22834, 'PortRoyale', 'Windows', 'UNIVERSAL', NULL, NULL, NULL, 0, 0),
(22835, 'Postal', 'Windows', 'UNIVERSAL', NULL, NULL, NULL, 0, 0),
(22836, 'Postal2', 'Windows', 'UNIVERSAL', NULL, NULL, NULL, 0, 0),
(22837, 'PostMortem', 'Windows', 'UNIVERSAL', NULL, NULL, NULL, 0, 0),
(22838, 'Precursors', 'Windows', 'UNIVERSAL', NULL, NULL, NULL, 0, 0),
(22839, 'Prey', 'Windows', 'UNIVERSAL', NULL, NULL, NULL, 0, 0),
(22840, 'PrimalPrey', 'Windows', 'UNIVERSAL', NULL, NULL, NULL, 0, 0),
(22841, 'PrinceOfPersia2008', 'Windows', 'UNIVERSAL', NULL, NULL, NULL, 0, 0),
(22842, 'PrinceOfPersiaSandsOfTime', 'Windows', 'UNIVERSAL', NULL, NULL, NULL, 0, 0),
(22843, 'ProjectBlackSun', 'Windows', 'UNIVERSAL', NULL, NULL, NULL, 0, 0),
(22844, 'ProjectSnowblind', 'Windows', 'UNIVERSAL', NULL, NULL, NULL, 0, 0),
(22845, 'Prototype', 'Windows', 'UNIVERSAL', NULL, NULL, NULL, 0, 0),
(22846, 'Psychonauts', 'Windows', 'UNIVERSAL', NULL, NULL, NULL, 0, 0),
(22847, 'PuzzleAgent', 'Windows', 'UNIVERSAL', NULL, NULL, NULL, 0, 0),
(22848, 'PuzzleQuest2', 'Windows', 'UNIVERSAL', NULL, NULL, NULL, 0, 0),
(22849, 'PuzzleQuestChallengeOfTheWarlords', 'Windows', 'UNIVERSAL', NULL, NULL, NULL, 0, 0),
(22850, 'Quake2', 'Windows', 'UNIVERSAL', NULL, NULL, NULL, 0, 0),
(22851, 'Quake4', 'Windows', 'UNIVERSAL', NULL, NULL, NULL, 1, 1),
(22852, 'RACE07', 'Windows', 'UNIVERSAL', NULL, 'This save is also for the STCC: The Game', NULL, 0, 0),
(22853, 'RaceDriverGrid', 'Windows', 'UNIVERSAL', NULL, NULL, NULL, 0, 0),
(22854, 'RagDollKungFu', 'Windows', 'UNIVERSAL', NULL, NULL, NULL, 0, 0),
(22855, 'Rage', 'Windows', 'UNIVERSAL', NULL, NULL, NULL, 0, 0),
(22856, 'RainbowSix3RavenShield', 'Windows', 'UNIVERSAL', NULL, NULL, NULL, 0, 0),
(22857, 'RainbowSixLockdown', 'Windows', 'UNIVERSAL', NULL, NULL, NULL, 0, 0),
(22858, 'RainbowSixVegas', 'Windows', 'UNIVERSAL', NULL, NULL, NULL, 0, 0),
(22859, 'RainbowSixVegas2', 'Windows', 'UNIVERSAL', NULL, NULL, NULL, 0, 0),
(22860, 'RaptorCallOfTheShadows', 'Windows', 'UNIVERSAL', NULL, NULL, NULL, 0, 0),
(22861, 'RatHunter', 'Windows', 'UNIVERSAL', NULL, NULL, NULL, 0, 0),
(22862, 'Rayman2', 'Windows', 'UNIVERSAL', NULL, NULL, NULL, 0, 0),
(22863, 'Rayman3', 'Windows', 'UNIVERSAL', NULL, NULL, NULL, 0, 0),
(22864, 'RealMyst', 'Windows', 'UNIVERSAL', NULL, NULL, NULL, 0, 0),
(22865, 'RecettearAnItemShopsTale', 'Windows', 'UNIVERSAL', NULL, NULL, NULL, 0, 0),
(22866, 'RedFaction', 'Windows', 'UNIVERSAL', NULL, NULL, NULL, 0, 0),
(22867, 'RedFaction2', 'Windows', 'UNIVERSAL', NULL, NULL, NULL, 0, 0),
(22868, 'RedFactionGuerrilla', 'Windows', 'UNIVERSAL', NULL, NULL, NULL, 0, 0),
(22869, 'RenegadeOps', 'Windows', 'UNIVERSAL', NULL, NULL, NULL, 0, 0),
(22870, 'ResidentEvil5', 'Windows', 'UNIVERSAL', NULL, NULL, NULL, 0, 0),
(22871, 'ReturnOfTheIncredibleMachineContraptions', 'Windows', 'UNIVERSAL', NULL, NULL, NULL, 0, 0),
(22872, 'ReturnToCastleWolfenstein', 'Windows', 'UNIVERSAL', NULL, NULL, NULL, 0, 0),
(22873, 'RevengeOfTheTitans', 'Windows', 'UNIVERSAL', NULL, NULL, NULL, 0, 0),
(22874, 'RiseOfLegends', 'Windows', 'UNIVERSAL', NULL, NULL, NULL, 0, 0),
(22875, 'RiseOfNations', 'Windows', 'UNIVERSAL', NULL, NULL, NULL, 0, 0),
(22876, 'RiseOfTheArgonauts', 'Windows', 'UNIVERSAL', NULL, NULL, NULL, 0, 0),
(22877, 'Riven', 'Windows', 'UNIVERSAL', NULL, 'Checks for saves in My Documents\\Riven and Alt. Save Paths', NULL, 0, 0),
(22878, 'RoboBlitz', 'Windows', 'UNIVERSAL', NULL, NULL, NULL, 0, 0),
(22879, 'RogueWarrior', 'Windows', 'UNIVERSAL', NULL, NULL, NULL, 0, 0),
(22880, 'RollerCoasterTycoon2', 'Windows', 'UNIVERSAL', NULL, NULL, NULL, 0, 0),
(22881, 'RollerCoasterTycoon3', 'Windows', 'UNIVERSAL', NULL, NULL, NULL, 0, 0),
(22882, 'RomeTotalWar', 'Windows', 'UNIVERSAL', NULL, NULL, NULL, 0, 0),
(22883, 'Runaway2TheDreamOfTheTurtle', 'Windows', 'UNIVERSAL', NULL, NULL, NULL, 0, 0),
(22884, 'RunawayARoadAdventure', 'Windows', 'UNIVERSAL', NULL, NULL, NULL, 0, 0),
(22885, 'RUSE', 'Windows', 'UNIVERSAL', NULL, NULL, NULL, 0, 0),
(22886, 'Saboteur', 'Windows', 'UNIVERSAL', NULL, NULL, NULL, 0, 0),
(22887, 'Sacraboar', 'Windows', 'UNIVERSAL', NULL, NULL, NULL, 0, 0),
(22888, 'Sacred2FallenAngel', 'Windows', 'UNIVERSAL', NULL, NULL, NULL, 0, 0),
(22889, 'SamAndMaxSeason1Episode1', 'Windows', 'UNIVERSAL', NULL, NULL, NULL, 0, 0),
(22890, 'SamAndMaxSeason1Episode2', 'Windows', 'UNIVERSAL', NULL, NULL, NULL, 0, 0),
(22891, 'SamAndMaxSeason1Episode3', 'Windows', 'UNIVERSAL', NULL, NULL, NULL, 0, 0),
(22892, 'SamAndMaxSeason1Episode4', 'Windows', 'UNIVERSAL', NULL, NULL, NULL, 0, 0),
(22893, 'SamAndMaxSeason1Episode5', 'Windows', 'UNIVERSAL', NULL, NULL, NULL, 0, 0),
(22894, 'SamAndMaxSeason1Episode6', 'Windows', 'UNIVERSAL', NULL, NULL, NULL, 0, 0),
(22895, 'SamAndMaxSeason2Episode1', 'Windows', 'UNIVERSAL', NULL, NULL, NULL, 0, 0),
(22896, 'SamAndMaxSeason2Episode2', 'Windows', 'UNIVERSAL', NULL, NULL, NULL, 0, 0),
(22897, 'SamAndMaxSeason2Episode3', 'Windows', 'UNIVERSAL', NULL, NULL, NULL, 0, 0),
(22898, 'SamAndMaxSeason2Episode4', 'Windows', 'UNIVERSAL', NULL, NULL, NULL, 0, 0),
(22899, 'SamAndMaxSeason2Episode5', 'Windows', 'UNIVERSAL', NULL, NULL, NULL, 0, 0),
(22900, 'SamAndMaxTheDevilsPlayhouseEpisode1', 'Windows', 'UNIVERSAL', NULL, NULL, NULL, 0, 0),
(22901, 'SamAndMaxTheDevilsPlayhouseEpisode2', 'Windows', 'UNIVERSAL', NULL, NULL, NULL, 0, 0),
(22902, 'SamAndMaxTheDevilsPlayhouseEpisode3', 'Windows', 'UNIVERSAL', NULL, NULL, NULL, 0, 0),
(22903, 'SamAndMaxTheDevilsPlayhouseEpisode4', 'Windows', 'UNIVERSAL', NULL, NULL, NULL, 0, 0),
(22904, 'SamAndMaxTheDevilsPlayhouseEpisode5', 'Windows', 'UNIVERSAL', NULL, NULL, NULL, 0, 0),
(22905, 'Sanctum', 'Windows', 'UNIVERSAL', NULL, NULL, NULL, 0, 0),
(22906, 'Sanitarium', 'Windows', 'UNIVERSAL', NULL, NULL, NULL, 0, 0),
(22907, 'SASSecureTomorrow', 'Windows', 'UNIVERSAL', NULL, NULL, NULL, 0, 0),
(22908, 'Saw', 'Windows', 'UNIVERSAL', NULL, NULL, NULL, 0, 0),
(22909, 'ScorpionDisfigured', 'Windows', 'UNIVERSAL', NULL, NULL, NULL, 0, 0),
(22910, 'ScourgeProject', 'Windows', 'UNIVERSAL', NULL, NULL, NULL, 0, 0),
(22911, 'ScratchesDirectorsCut', 'Windows', 'UNIVERSAL', NULL, NULL, NULL, 0, 0),
(22912, 'SecondSight', 'Windows', 'UNIVERSAL', NULL, NULL, NULL, 0, 0),
(22913, 'SecretOfMonkeyIslandSpecialEdition', 'Windows', 'UNIVERSAL', NULL, NULL, NULL, 0, 0),
(22914, 'Section8', 'Windows', 'UNIVERSAL', NULL, NULL, NULL, 0, 0),
(22915, 'Section8Prejudice', 'Windows', 'UNIVERSAL', NULL, NULL, NULL, 0, 0),
(22916, 'SepterraCoreLegacyOfTheCreator', 'Windows', 'UNIVERSAL', NULL, NULL, NULL, 0, 0),
(22917, 'SeriousSam2', 'Windows', 'UNIVERSAL', NULL, NULL, NULL, 0, 0),
(22918, 'Shadowgrounds', 'Windows', 'UNIVERSAL', NULL, NULL, NULL, 0, 0),
(22919, 'ShadowgroundsSurvivor', 'Windows', 'UNIVERSAL', NULL, NULL, NULL, 0, 0),
(22920, 'ShadowHarvestPhantomOps', 'Windows', 'UNIVERSAL', NULL, NULL, NULL, 0, 0),
(22921, 'Shaiya', 'Windows', 'UNIVERSAL', NULL, NULL, NULL, 0, 0),
(22922, 'Shellshock2', 'Windows', 'UNIVERSAL', NULL, NULL, NULL, 0, 0),
(22923, 'Ship', 'Windows', 'UNIVERSAL', NULL, NULL, NULL, 0, 0),
(22924, 'ShogoMobileArmorDivision', 'Windows', 'UNIVERSAL', NULL, NULL, NULL, 0, 0),
(22925, 'ShogunTotalWar', 'Windows', 'UNIVERSAL', NULL, NULL, NULL, 0, 0),
(22926, 'SilentHillHomecoming', 'Windows', 'UNIVERSAL', NULL, NULL, NULL, 0, 0),
(22927, 'SimCity2000', 'Windows', 'UNIVERSAL', NULL, NULL, NULL, 0, 0),
(22928, 'SimonTheSorceror3D', 'Windows', 'UNIVERSAL', NULL, NULL, NULL, 0, 0),
(22929, 'Sims2', 'Windows', 'UNIVERSAL', NULL, NULL, NULL, 0, 0),
(22930, 'Sims3', 'Windows', 'UNIVERSAL', NULL, NULL, NULL, 0, 0),
(22931, 'Sin', 'Windows', 'UNIVERSAL', NULL, NULL, NULL, 0, 0),
(22932, 'SinEpisodesEmergence', 'Windows', 'UNIVERSAL', NULL, NULL, NULL, 0, 0),
(22933, 'Singularity', 'Windows', 'UNIVERSAL', NULL, NULL, NULL, 0, 0),
(22934, 'SinsOfASolarEmpire', 'Windows', 'UNIVERSAL', NULL, NULL, NULL, 0, 0),
(22935, 'Snajper', 'Windows', 'UNIVERSAL', NULL, NULL, NULL, 0, 0),
(22936, 'SniperElite', 'Windows', 'UNIVERSAL', NULL, NULL, NULL, 0, 0),
(22937, 'SniperGhostWarrior', 'Windows', 'UNIVERSAL', NULL, NULL, NULL, 0, 0),
(22938, 'Solar2', 'Windows', 'UNIVERSAL', NULL, NULL, NULL, 0, 0),
(22939, 'SpaceRangers', 'Windows', 'UNIVERSAL', NULL, NULL, NULL, 0, 0),
(22940, 'SpaceRangers2Dominators', 'Windows', 'UNIVERSAL', NULL, NULL, NULL, 0, 0),
(22941, 'SpaceRangers2Reboot', 'Windows', 'UNIVERSAL', NULL, NULL, NULL, 0, 0),
(22942, 'SpellForce', 'Windows', 'UNIVERSAL', NULL, NULL, NULL, 0, 0),
(22943, 'SpellForce2', 'Windows', 'UNIVERSAL', NULL, NULL, NULL, 0, 0),
(22944, 'SpiderManWebOfShadows', 'Windows', 'UNIVERSAL', NULL, NULL, NULL, 0, 0),
(22945, 'SplinterCell', 'Windows', 'UNIVERSAL', NULL, NULL, NULL, 0, 0),
(22946, 'SplinterCellChaosTheory', 'Windows', 'UNIVERSAL', NULL, NULL, NULL, 0, 0),
(22947, 'SplinterCellConviction', 'Windows', 'UNIVERSAL', NULL, NULL, NULL, 0, 0),
(22948, 'SplinterCellDoubleAgent', 'Windows', 'UNIVERSAL', NULL, NULL, NULL, 0, 0),
(22949, 'SplitSecond', 'Windows', 'UNIVERSAL', NULL, NULL, NULL, 0, 0),
(22950, 'Spore', 'Windows', 'UNIVERSAL', NULL, NULL, NULL, 0, 0),
(22951, 'SporeCreatureCreator', 'Windows', 'UNIVERSAL', NULL, NULL, NULL, 0, 0),
(22952, 'StalkerCallofPripyat', 'Windows', 'UNIVERSAL', NULL, NULL, NULL, 0, 0),
(22953, 'StalkerClearSky', 'Windows', 'UNIVERSAL', NULL, NULL, NULL, 0, 0),
(22954, 'StalkerShadowOfChernobyl', 'Windows', 'UNIVERSAL', NULL, NULL, NULL, 0, 0),
(22955, 'Starcraft', 'Windows', 'UNIVERSAL', NULL, NULL, NULL, 0, 0),
(22956, 'Starcraft2', 'Windows', 'UNIVERSAL', NULL, NULL, NULL, 0, 0),
(22957, 'Starlancer', 'Windows', 'UNIVERSAL', NULL, NULL, NULL, 0, 0),
(22958, 'StarTopia', 'Windows', 'UNIVERSAL', NULL, NULL, NULL, 0, 0),
(22959, 'StarWarsEmpireAtWar', 'Windows', 'UNIVERSAL', NULL, NULL, NULL, 0, 0),
(22960, 'StarWarsJediKnight2JediOutcast', 'Windows', 'UNIVERSAL', NULL, NULL, NULL, 0, 0),
(22961, 'StarWarsJediKnightDarkForces2', 'Windows', 'UNIVERSAL', NULL, NULL, NULL, 0, 0),
(22962, 'StarWarsJediKnightJediAcademy', 'Windows', 'UNIVERSAL', NULL, NULL, NULL, 0, 0),
(22963, 'StarWarsKnightsOfTheOldRepublic', 'Windows', 'UNIVERSAL', NULL, NULL, NULL, 0, 0),
(22964, 'StarWarsKnightsOfTheOldRepublic2TheSithLords', 'Windows', 'UNIVERSAL', NULL, NULL, NULL, 0, 0),
(22965, 'StarWarsTheForceUnleashed', 'Windows', 'UNIVERSAL', NULL, NULL, NULL, 0, 0),
(22966, 'StarWarsTheForceUnleashed2', 'Windows', 'UNIVERSAL', NULL, NULL, NULL, 0, 0),
(22967, 'StarWolves', 'Windows', 'UNIVERSAL', NULL, NULL, NULL, 0, 0),
(22968, 'SteelStormBurningRetribution', 'Windows', 'UNIVERSAL', NULL, NULL, NULL, 0, 0),
(22969, 'StillLife', 'Windows', 'UNIVERSAL', NULL, NULL, NULL, 0, 0),
(22970, 'StreetFighter4', 'Windows', 'UNIVERSAL', NULL, NULL, NULL, 0, 0),
(22971, 'StreetsOfMoscow', 'Windows', 'UNIVERSAL', NULL, NULL, NULL, 0, 0),
(22972, 'StubbsTheZombieRebelWithoutAPulse', 'Windows', 'UNIVERSAL', NULL, NULL, NULL, 0, 0),
(22973, 'SuperbrothersSwordAndSorcery', 'Windows', 'UNIVERSAL', NULL, NULL, NULL, 0, 0),
(22974, 'SuperLaserRacer', 'Windows', 'UNIVERSAL', NULL, NULL, NULL, 0, 0),
(22975, 'SuperMeatBoy', 'Windows', 'UNIVERSAL', NULL, NULL, NULL, 0, 0),
(22976, 'SupremeCommander', 'Windows', 'UNIVERSAL', NULL, NULL, NULL, 0, 0),
(22977, 'SupremeCommanderForgedAlliance', 'Windows', 'UNIVERSAL', NULL, NULL, NULL, 0, 0),
(22978, 'SwordsAndSoldiersHD', 'Windows', 'UNIVERSAL', NULL, NULL, NULL, 0, 0),
(22979, 'Syberia', 'Windows', 'UNIVERSAL', NULL, NULL, NULL, 0, 0),
(22980, 'Syberia2', 'Windows', 'UNIVERSAL', NULL, NULL, NULL, 0, 0),
(22981, 'Syndicate2012', 'Windows', 'UNIVERSAL', NULL, NULL, NULL, 0, 0),
(22982, 'SystemShock2', 'Windows', 'UNIVERSAL', NULL, NULL, NULL, 0, 0),
(22983, 'TachyonTheFringe', 'Windows', 'UNIVERSAL', NULL, NULL, NULL, 0, 0),
(22984, 'TalesOfMonkeyIsland1', 'Windows', 'UNIVERSAL', NULL, NULL, NULL, 0, 0),
(22985, 'TalesOfMonkeyIsland2', 'Windows', 'UNIVERSAL', NULL, NULL, NULL, 0, 0),
(22986, 'TalesOfMonkeyIsland3', 'Windows', 'UNIVERSAL', NULL, NULL, NULL, 0, 0),
(22987, 'TalesOfMonkeyIsland4', 'Windows', 'UNIVERSAL', NULL, NULL, NULL, 0, 0),
(22988, 'TalesOfMonkeyIsland5', 'Windows', 'UNIVERSAL', NULL, NULL, NULL, 0, 0),
(22989, 'TankUniversal', 'Windows', 'UNIVERSAL', NULL, NULL, NULL, 0, 0),
(22990, 'TarrChronicles', 'Windows', 'UNIVERSAL', NULL, NULL, NULL, 0, 0),
(22991, 'TECNOTheBase', 'Windows', 'UNIVERSAL', NULL, NULL, NULL, 0, 0),
(22992, 'TempleOfElementalEvil', 'Windows', 'UNIVERSAL', NULL, 'Also archives expansion saves', NULL, 0, 0),
(22993, 'TerminatorSalvation', 'Windows', 'UNIVERSAL', NULL, NULL, NULL, 0, 0),
(22994, 'Terraria', 'Windows', 'UNIVERSAL', NULL, NULL, NULL, 0, 0),
(22995, 'TerroristTakedown2', 'Windows', 'UNIVERSAL', NULL, NULL, NULL, 0, 0),
(22996, 'TerroristTakedown3', 'Windows', 'UNIVERSAL', NULL, NULL, NULL, 0, 0),
(22997, 'TerroristTakedownCovertOperations', 'Windows', 'UNIVERSAL', NULL, NULL, NULL, 0, 0),
(22998, 'TestDriveUnlimited2', 'Windows', 'UNIVERSAL', NULL, NULL, NULL, 0, 0),
(22999, 'TexMurphyOverseer', 'Windows', 'UNIVERSAL', NULL, NULL, NULL, 0, 0),
(23000, 'TheyreAlive', 'Windows', 'UNIVERSAL', NULL, NULL, NULL, 0, 0),
(23001, 'Thief2', 'Windows', 'UNIVERSAL', NULL, NULL, NULL, 0, 0),
(23002, 'ThiefDeadlyShadows', 'Windows', 'UNIVERSAL', NULL, NULL, NULL, 0, 0),
(23003, 'ThiefTheDarkProject', 'Windows', 'UNIVERSAL', NULL, NULL, NULL, 0, 0),
(23004, 'ThrillvilleOffTheRails', 'Windows', 'UNIVERSAL', NULL, NULL, NULL, 0, 0),
(23005, 'TimeGentlemenPlease', 'Windows', 'UNIVERSAL', NULL, NULL, NULL, 0, 0),
(23006, 'TitanQuest', 'Windows', 'UNIVERSAL', NULL, NULL, NULL, 0, 0),
(23007, 'TombRaider2', 'Windows', 'UNIVERSAL', NULL, NULL, NULL, 0, 0),
(23008, 'TombRaider3AdventuresOfLaraCroft', 'Windows', 'UNIVERSAL', NULL, NULL, NULL, 0, 0),
(23009, 'TombRaiderAnniversary', 'Windows', 'UNIVERSAL', NULL, NULL, NULL, 0, 0),
(23010, 'TombRaiderChronicles', 'Windows', 'UNIVERSAL', NULL, NULL, NULL, 0, 0),
(23011, 'TombRaiderLegend', 'Windows', 'UNIVERSAL', NULL, NULL, NULL, 0, 0),
(23012, 'TombRaiderTheAngelOfDarkness', 'Windows', 'UNIVERSAL', NULL, NULL, NULL, 0, 0),
(23013, 'TombRaiderTheLastRevelation', 'Windows', 'UNIVERSAL', NULL, NULL, NULL, 0, 0),
(23014, 'TombRaiderUnderworld', 'Windows', 'UNIVERSAL', NULL, NULL, NULL, 0, 0),
(23015, 'TorchLight', 'Windows', 'UNIVERSAL', NULL, NULL, NULL, 0, 0),
(23016, 'TotalWarShogun2', 'Windows', 'UNIVERSAL', NULL, NULL, NULL, 0, 0),
(23017, 'Trackmania2', 'Windows', 'UNIVERSAL', NULL, NULL, NULL, 0, 0),
(23018, 'TrackManiaNationsForever', 'Windows', 'UNIVERSAL', NULL, NULL, NULL, 0, 0),
(23019, 'TransformersWarForCybertron', 'Windows', 'UNIVERSAL', NULL, NULL, NULL, 0, 0),
(23020, 'TrappedDead', 'Windows', 'UNIVERSAL', NULL, NULL, NULL, 0, 0),
(23021, 'Trials2SecondEdition', 'Windows', 'UNIVERSAL', NULL, NULL, NULL, 0, 0),
(23022, 'Tron2', 'Windows', 'UNIVERSAL', NULL, NULL, NULL, 0, 0),
(23023, 'TronEvolution', 'Windows', 'UNIVERSAL', NULL, NULL, NULL, 0, 0),
(23024, 'Tropico', 'Windows', 'UNIVERSAL', NULL, NULL, NULL, 0, 0),
(23025, 'Tropico2PirateCove', 'Windows', 'UNIVERSAL', NULL, NULL, NULL, 0, 0),
(23026, 'Tropico3', 'Windows', 'UNIVERSAL', NULL, NULL, NULL, 0, 0),
(23027, 'TrueCrimeStreetsOfLA', 'Windows', 'UNIVERSAL', NULL, NULL, NULL, 0, 0),
(23028, 'Turok2008', 'Windows', 'UNIVERSAL', NULL, NULL, NULL, 0, 0),
(23029, 'TwinSector', 'Windows', 'UNIVERSAL', NULL, NULL, NULL, 0, 0),
(23030, 'TwoWorlds2', 'Windows', 'UNIVERSAL', NULL, NULL, NULL, 0, 0);
INSERT INTO `game_versions` (`id`, `name`, `platform`, `region`, `version_title`, `comment`, `restore_comment`, `override_virtualstore`, `require_detection`) VALUES
(23031, 'UFOAftermath', 'Windows', 'UNIVERSAL', NULL, NULL, NULL, 0, 0),
(23032, 'UltimateDoom', 'Windows', 'UNIVERSAL', NULL, NULL, NULL, 0, 0),
(23033, 'Undying', 'Windows', 'UNIVERSAL', NULL, NULL, NULL, 0, 0),
(23034, 'UniverseAtWarEarthAssault', 'Windows', 'UNIVERSAL', NULL, NULL, NULL, 0, 0),
(23035, 'Unreal', 'Windows', 'UNIVERSAL', NULL, NULL, NULL, 0, 0),
(23036, 'Unreal2', 'Windows', 'UNIVERSAL', NULL, NULL, NULL, 0, 0),
(23037, 'UnrealTournament', 'Windows', 'UNIVERSAL', NULL, NULL, NULL, 0, 0),
(23038, 'UnrealTournament2004', 'Windows', 'UNIVERSAL', NULL, NULL, NULL, 0, 0),
(23039, 'UnrealTournament3', 'Windows', 'UNIVERSAL', NULL, NULL, NULL, 0, 0),
(23040, 'Uplink', 'Windows', 'UNIVERSAL', NULL, NULL, NULL, 0, 0),
(23041, 'VampireTheMasqueradeBloodlines', 'Windows', 'UNIVERSAL', NULL, NULL, NULL, 0, 0),
(23042, 'VampireTheMasqueradeRedemption', 'Windows', 'UNIVERSAL', NULL, NULL, NULL, 0, 0),
(23043, 'VelvetAssassin', 'Windows', 'UNIVERSAL', NULL, NULL, NULL, 0, 0),
(23044, 'VenusHostage', 'Windows', 'UNIVERSAL', NULL, NULL, NULL, 0, 0),
(23045, 'VietnamBlackOps', 'Windows', 'UNIVERSAL', NULL, NULL, NULL, 0, 0),
(23046, 'VigilBloodBitterness', 'Windows', 'UNIVERSAL', NULL, NULL, NULL, 0, 0),
(23047, 'Vivisector', 'Windows', 'UNIVERSAL', NULL, NULL, NULL, 0, 0),
(23048, 'Void', 'Windows', 'UNIVERSAL', NULL, NULL, NULL, 0, 0),
(23049, 'WalkingDead', 'Windows', 'UNIVERSAL', NULL, NULL, NULL, 0, 0),
(23050, 'WallaceAndGrommitsGrandAdventures1', 'Windows', 'UNIVERSAL', NULL, NULL, NULL, 0, 0),
(23051, 'WallaceAndGrommitsGrandAdventures2', 'Windows', 'UNIVERSAL', NULL, NULL, NULL, 0, 0),
(23052, 'WallaceAndGrommitsGrandAdventures3', 'Windows', 'UNIVERSAL', NULL, NULL, NULL, 0, 0),
(23053, 'WallaceAndGrommitsGrandAdventures4', 'Windows', 'UNIVERSAL', NULL, NULL, NULL, 0, 0),
(23054, 'WantedWeaponsOfFate', 'Windows', 'UNIVERSAL', NULL, NULL, NULL, 0, 0),
(23055, 'Warcraft3', 'Windows', 'UNIVERSAL', NULL, NULL, NULL, 0, 0),
(23056, 'Warhammer40kDawnOfWar2', 'Windows', 'UNIVERSAL', NULL, 'Also saves Chaos Rising Extension.', 'Restoring saves for this game also requires restoring Game for Windows Account Data, which MASGAU automatically backs up in G4WAccountData.', 0, 0),
(23057, 'Warhammer40kDawnOfWar2Retribution', 'Windows', 'UNIVERSAL', NULL, NULL, NULL, 0, 0),
(23058, 'Warhammer40kDawnOfWarDarkCrusade', 'Windows', 'UNIVERSAL', NULL, NULL, NULL, 0, 0),
(23059, 'Warzone2100', 'Windows', 'UNIVERSAL', NULL, NULL, NULL, 0, 0),
(23060, 'WatchmenTheEndIsNigh1', 'Windows', 'UNIVERSAL', NULL, NULL, NULL, 0, 0),
(23061, 'WatchmenTheEndIsNigh2', 'Windows', 'UNIVERSAL', NULL, NULL, NULL, 0, 0),
(23062, 'Wheelman', 'Windows', 'UNIVERSAL', NULL, NULL, NULL, 0, 0),
(23063, 'WhisperedWorld', 'Windows', 'UNIVERSAL', NULL, NULL, NULL, 0, 0),
(23064, 'WingCommander4', 'Windows', 'UNIVERSAL', NULL, NULL, NULL, 0, 0),
(23065, 'WingsOfPrey', 'Windows', 'UNIVERSAL', NULL, NULL, NULL, 0, 0),
(23066, 'Witcher', 'Windows', 'UNIVERSAL', NULL, NULL, NULL, 0, 0),
(23067, 'Witcher2', 'Windows', 'UNIVERSAL', NULL, NULL, NULL, 0, 0),
(23068, 'Wolfenstein', 'Windows', 'UNIVERSAL', NULL, NULL, NULL, 0, 0),
(23069, 'Wolfschanze2', 'Windows', 'UNIVERSAL', NULL, NULL, NULL, 0, 0),
(23070, 'WonderfulEndOfTheWorld', 'Windows', 'UNIVERSAL', NULL, NULL, NULL, 0, 0),
(23071, 'WorldOfGoo', 'Windows', 'UNIVERSAL', NULL, NULL, NULL, 0, 0),
(23072, 'WorldOfWarcraft', 'Windows', 'UNIVERSAL', NULL, NULL, NULL, 0, 0),
(23073, 'Worms2', 'Windows', 'UNIVERSAL', NULL, NULL, NULL, 0, 0),
(23074, 'X2TheThreat', 'Windows', 'UNIVERSAL', NULL, NULL, NULL, 0, 0),
(23075, 'X3AlbionPrelude', 'Windows', 'UNIVERSAL', NULL, NULL, NULL, 0, 0),
(23076, 'X3Reunion', 'Windows', 'UNIVERSAL', NULL, NULL, NULL, 0, 0),
(23077, 'X3TerranConflict', 'Windows', 'UNIVERSAL', NULL, NULL, NULL, 0, 0),
(23078, 'Xenus2', 'Windows', 'UNIVERSAL', NULL, NULL, NULL, 0, 0),
(23079, 'XFiles', 'Windows', 'UNIVERSAL', NULL, NULL, NULL, 0, 0),
(23080, 'XIII', 'Windows', 'UNIVERSAL', NULL, NULL, NULL, 0, 0),
(23081, 'XMenOriginsWolverine', 'Windows', 'UNIVERSAL', NULL, NULL, NULL, 0, 0),
(23082, 'XpandRally', 'Windows', 'UNIVERSAL', NULL, NULL, NULL, 0, 0),
(23083, 'XpandRallyExtreme', 'Windows', 'UNIVERSAL', NULL, NULL, NULL, 0, 0),
(23084, 'ZenoClash', 'Windows', 'UNIVERSAL', NULL, NULL, NULL, 0, 0),
(23085, 'ZombieDriver', 'Windows', 'UNIVERSAL', NULL, NULL, NULL, 0, 0),
(23086, 'ZombieShooter', 'Windows', 'UNIVERSAL', NULL, NULL, NULL, 0, 0),
(23087, 'ZombieShooter2', 'Windows', 'UNIVERSAL', NULL, NULL, NULL, 0, 0),
(23088, 'ZorkGrandInquisitor', 'Windows', 'UNIVERSAL', NULL, NULL, NULL, 0, 0),
(23089, 'ZumaDeluxe', 'Windows', 'UNIVERSAL', NULL, NULL, NULL, 0, 0),
(23090, 'CinematicMod10HL2', 'Windows', 'UNIVERSAL', NULL, NULL, NULL, 0, 0),
(23091, 'CinematicMod10HL2Ep1', 'Windows', 'UNIVERSAL', NULL, NULL, NULL, 0, 0),
(23092, 'CinematicMod10HL2Ep2', 'Windows', 'UNIVERSAL', NULL, NULL, NULL, 0, 0),
(23093, 'Flesh', 'Windows', 'UNIVERSAL', NULL, NULL, NULL, 0, 0),
(23094, 'NamelessMod', 'Windows', 'UNIVERSAL', NULL, NULL, NULL, 0, 0),
(23095, 'ResearchAndDevelopment', 'Windows', 'UNIVERSAL', NULL, NULL, NULL, 0, 0),
(23096, 'AgeOfMythologyTheTitansExpansion', 'Windows', 'UNIVERSAL', NULL, NULL, NULL, 0, 0),
(23097, 'AliensVsPredator2PrimalHunt', 'Windows', 'UNIVERSAL', NULL, NULL, NULL, 0, 0),
(23098, 'Civilization3Conquests', 'Windows', 'UNIVERSAL', NULL, NULL, NULL, 0, 0),
(23099, 'Civilization3PlayTheWorld', 'Windows', 'UNIVERSAL', NULL, NULL, NULL, 0, 0),
(23100, 'Civilization4BeyondTheSword', 'Windows', 'UNIVERSAL', NULL, NULL, NULL, 0, 0),
(23101, 'Civilization4Warlords', 'Windows', 'UNIVERSAL', NULL, NULL, NULL, 0, 0),
(23102, 'CommandAndConquer3KanesWrath', 'Windows', 'UNIVERSAL', NULL, NULL, NULL, 0, 0),
(23103, 'CommandAndConquerGeneralsZeroHour', 'Windows', 'UNIVERSAL', NULL, NULL, NULL, 0, 0),
(23104, 'CounterStrikeConditionZeroDeletedScenes', 'Windows', 'UNIVERSAL', NULL, NULL, NULL, 0, 0),
(23105, 'DiabloHellfire', 'Windows', 'UNIVERSAL', NULL, NULL, NULL, 0, 0),
(23106, 'EmpireEarth2TheArtOfSupremacy', 'Windows', 'UNIVERSAL', NULL, NULL, NULL, 0, 0),
(23107, 'EmpireEarthTheArtOfConquest', 'Windows', 'UNIVERSAL', NULL, NULL, NULL, 0, 0),
(23108, 'FEARExtractionPoint', 'Windows', 'UNIVERSAL', NULL, NULL, NULL, 0, 0),
(23109, 'GalacticCivilizations2DarkAvatar', 'Windows', 'UNIVERSAL', NULL, NULL, NULL, 0, 0),
(23110, 'GhostReconDesertSiege', 'Windows', 'UNIVERSAL', NULL, NULL, NULL, 0, 0),
(23111, 'GhostReconIslandThunder', 'Windows', 'UNIVERSAL', NULL, NULL, NULL, 0, 0),
(23112, 'HaegemoniaTheSolonHeritage', 'Windows', 'UNIVERSAL', NULL, NULL, NULL, 0, 0),
(23113, 'HalfLifeBlueShift', 'Windows', 'UNIVERSAL', NULL, NULL, NULL, 0, 0),
(23114, 'HalfLifeOpposingForce', 'Windows', 'UNIVERSAL', NULL, NULL, NULL, 0, 0),
(23115, 'HeartsOfIron2Doomsday', 'Windows', 'UNIVERSAL', NULL, NULL, NULL, 0, 0),
(23116, 'HomeworldCataclysm', 'Windows', 'UNIVERSAL', NULL, NULL, NULL, 0, 0),
(23117, 'IndependenceWarDefiance', 'Windows', 'UNIVERSAL', NULL, NULL, NULL, 0, 0),
(23118, 'MechWarrior2GhostBearsLegacy', 'Windows', 'UNIVERSAL', NULL, NULL, NULL, 0, 0),
(23119, 'MechWarrior2GhostBearsLegacyTitanium', 'Windows', 'UNIVERSAL', NULL, NULL, NULL, 0, 0),
(23120, 'MechWarrior3PiratesMoon', 'Windows', 'UNIVERSAL', NULL, NULL, NULL, 0, 0),
(23121, 'MechWarrior4BlackKnight', 'Windows', 'UNIVERSAL', NULL, NULL, NULL, 0, 0),
(23122, 'Medieval2TotalWarKingdomsAmericas', 'Windows', 'UNIVERSAL', NULL, NULL, NULL, 0, 0),
(23123, 'Medieval2TotalWarKingdomsBritannia', 'Windows', 'UNIVERSAL', NULL, NULL, NULL, 0, 0),
(23124, 'Medieval2TotalWarKingdomsCrusades', 'Windows', 'UNIVERSAL', NULL, NULL, NULL, 0, 0),
(23125, 'Medieval2TotalWarKingdomsTeutonic', 'Windows', 'UNIVERSAL', NULL, NULL, NULL, 0, 0),
(23126, 'PenumbraRequiem', 'Windows', 'UNIVERSAL', NULL, NULL, NULL, 0, 0),
(23127, 'Postal2ApocalypseWeekend', 'Windows', 'UNIVERSAL', NULL, NULL, NULL, 0, 0),
(23128, 'RainbowSix3AthenaSword', 'Windows', 'UNIVERSAL', NULL, NULL, NULL, 0, 0),
(23129, 'RomeTotalWarAlexander', 'Windows', 'UNIVERSAL', NULL, NULL, NULL, 0, 0),
(23130, 'RomeTotalWarBarbarianInvasion', 'Windows', 'UNIVERSAL', NULL, NULL, NULL, 0, 0),
(23131, 'StarWarsEmpireAtWarForcesOfCorruption', 'Windows', 'UNIVERSAL', NULL, NULL, NULL, 0, 0),
(23132, 'StarWarsJediKnightMysteriesOfTheSith', 'Windows', 'UNIVERSAL', NULL, NULL, NULL, 0, 0),
(23133, 'ThiefGold', 'Windows', 'UNIVERSAL', NULL, NULL, NULL, 0, 0),
(23134, 'TitanQuestImmortalThrone', 'Windows', 'UNIVERSAL', NULL, NULL, NULL, 0, 0),
(23135, 'TombRaider2TheGoldenMask', 'Windows', 'UNIVERSAL', NULL, NULL, NULL, 0, 0),
(23136, 'TombRaider3TheLostArtifact', 'Windows', 'UNIVERSAL', NULL, NULL, NULL, 0, 0),
(23137, 'GamesForWindows', 'Windows', 'UNIVERSAL', NULL, NULL, NULL, 0, 0),
(23138, 'MASGAUCustomXML', 'Multiple', 'UNIVERSAL', NULL, NULL, NULL, 0, 0),
(23139, 'Raptr', 'Windows', 'UNIVERSAL', NULL, NULL, NULL, 0, 0),
(23140, 'RGSC', 'Windows', 'UNIVERSAL', NULL, NULL, NULL, 0, 0),
(23141, 'Tomboy', 'Multiple', 'UNIVERSAL', NULL, NULL, NULL, 0, 0),
(23142, 'UPlayData', 'Windows', 'UNIVERSAL', NULL, NULL, NULL, 0, 0),
(23143, 'XfireData', 'Windows', 'UNIVERSAL', NULL, NULL, NULL, 0, 0),
(23144, 'AlanWake', 'Steam', 'UNIVERSAL', NULL, NULL, NULL, 0, 0),
(23145, 'AlanWakesAmericanNightmare', 'Steam', 'UNIVERSAL', NULL, NULL, NULL, 0, 0),
(23146, 'AlienSwarm', 'Steam', 'UNIVERSAL', NULL, NULL, NULL, 0, 0),
(23147, 'AlternativA', 'Steam', 'UNIVERSAL', NULL, NULL, NULL, 0, 0),
(23148, 'AnomalyWarzoneEarth', 'Steam', 'UNIVERSAL', NULL, NULL, NULL, 0, 0),
(23149, 'Bastion', 'Steam', 'UNIVERSAL', NULL, NULL, NULL, 0, 0),
(23150, 'Braid', 'Steam', 'UNIVERSAL', NULL, NULL, NULL, 0, 0),
(23151, 'Brink', 'Steam', 'UNIVERSAL', NULL, NULL, NULL, 0, 0),
(23152, 'CallOfJuarezTheCartel', 'Steam', 'UNIVERSAL', NULL, NULL, NULL, 0, 0),
(23153, 'Civilization5', 'Steam', 'UNIVERSAL', NULL, NULL, NULL, 0, 0),
(23154, 'DeadIsland', 'Steam', 'UNIVERSAL', NULL, NULL, NULL, 0, 0),
(23155, 'DearEsther', 'Steam', 'UNIVERSAL', NULL, NULL, NULL, 0, 0),
(23156, 'DefenseGridTheAwakening', 'Steam', 'UNIVERSAL', NULL, NULL, NULL, 0, 0),
(23157, 'DeusExHumanRevolution', 'Steam', 'UNIVERSAL', NULL, NULL, NULL, 0, 0),
(23158, 'DocClockTheToastedSandwichOfTime', 'Steam', 'UNIVERSAL', NULL, NULL, NULL, 0, 0),
(23159, 'DukeNukemForever', 'Steam', 'UNIVERSAL', NULL, NULL, NULL, 0, 0),
(23160, 'FEAR3', 'Steam', 'UNIVERSAL', NULL, NULL, NULL, 0, 0),
(23161, 'FlightControlHD', 'Steam', 'UNIVERSAL', NULL, NULL, NULL, 0, 0),
(23162, 'FrontMissionEvolved', 'Steam', 'UNIVERSAL', NULL, NULL, NULL, 0, 0),
(23163, 'HydrophobiaProphecy', 'Steam', 'UNIVERSAL', NULL, NULL, NULL, 0, 0),
(23164, 'JustCause2', 'Steam', 'UNIVERSAL', NULL, NULL, NULL, 0, 0),
(23165, 'KingdomsOfAmalurReckoning', 'Steam', 'UNIVERSAL', NULL, NULL, NULL, 0, 0),
(23166, 'LaraCroftAndTheGuardianOfLight', 'Steam', 'UNIVERSAL', NULL, NULL, NULL, 0, 0),
(23167, 'Limbo', 'Steam', 'UNIVERSAL', NULL, NULL, NULL, 0, 0),
(23168, 'MadballsBaboInvasion', 'Steam', 'UNIVERSAL', NULL, NULL, NULL, 0, 0),
(23169, 'MidnightClub2', 'Steam', 'UNIVERSAL', NULL, NULL, NULL, 0, 0),
(23170, 'MonkeyIsland2SpecialEditionLeChucksRevenge', 'Steam', 'UNIVERSAL', NULL, NULL, NULL, 0, 0),
(23171, 'PaydayTheHeist', 'Steam', 'UNIVERSAL', NULL, NULL, NULL, 0, 0),
(23172, 'PoundOfGround', 'Steam', 'UNIVERSAL', NULL, NULL, NULL, 0, 0),
(23173, 'Psychonauts', 'Steam', 'UNIVERSAL', NULL, NULL, NULL, 0, 0),
(23174, 'Quantz', 'Steam', 'UNIVERSAL', NULL, NULL, NULL, 0, 0),
(23175, 'RedFactionArmageddon', 'Steam', 'UNIVERSAL', NULL, NULL, NULL, 0, 0),
(23176, 'RevengeOfTheTitans', 'Steam', 'UNIVERSAL', NULL, NULL, NULL, 0, 0),
(23177, 'RunespellOverture', 'Steam', 'UNIVERSAL', NULL, NULL, NULL, 0, 0),
(23178, 'RUSE', 'Steam', 'UNIVERSAL', NULL, NULL, NULL, 0, 0),
(23179, 'SaintsRow3', 'Steam', 'UNIVERSAL', NULL, NULL, NULL, 0, 0),
(23180, 'SeriousSam3BFE', 'Steam', 'UNIVERSAL', NULL, NULL, NULL, 0, 0),
(23181, 'SeriousSamHD1', 'Steam', 'UNIVERSAL', NULL, NULL, NULL, 0, 0),
(23182, 'SeriousSamHD2', 'Steam', 'UNIVERSAL', NULL, NULL, NULL, 0, 0),
(23183, 'Shank', 'Steam', 'UNIVERSAL', NULL, NULL, NULL, 0, 0),
(23184, 'Stacking', 'Steam', 'UNIVERSAL', NULL, NULL, NULL, 0, 0),
(23185, 'SuperbrothersSwordAndSorcery', 'Steam', 'UNIVERSAL', NULL, NULL, NULL, 0, 0),
(23186, 'Trine', 'Steam', 'UNIVERSAL', NULL, NULL, NULL, 0, 0),
(23187, 'Trine2', 'Steam', 'UNIVERSAL', NULL, NULL, NULL, 0, 0),
(23188, 'Warhammer40kDawnOfWar2Retribution', 'Steam', 'UNIVERSAL', NULL, NULL, NULL, 0, 0),
(23189, 'Warhammer40kSpaceMarine', 'Steam', 'UNIVERSAL', NULL, NULL, NULL, 0, 0),
(23190, 'TitanXCIX1', 'Steam', 'UNIVERSAL', NULL, NULL, NULL, 0, 0),
(23191, 'DeusExHumanRevolutionTheMissingLink', 'Steam', 'UNIVERSAL', NULL, NULL, NULL, 0, 0),
(23192, 'BeneathASteelSky', 'ScummVM', 'UNIVERSAL', NULL, NULL, NULL, 0, 0),
(23193, 'BrokenSword1', 'ScummVM', 'UNIVERSAL', NULL, NULL, NULL, 0, 0),
(23194, 'BrokenSword2', 'ScummVM', 'UNIVERSAL', NULL, NULL, NULL, 0, 0),
(23195, 'FeebleFiles', 'ScummVM', 'UNIVERSAL', NULL, NULL, NULL, 0, 0),
(23196, 'FullThrottle', 'ScummVM', 'UNIVERSAL', NULL, NULL, NULL, 0, 0),
(23197, 'Gobliins2', 'ScummVM', 'UNIVERSAL', NULL, NULL, NULL, 0, 0),
(23198, 'Gobliins2Floppy', 'ScummVM', 'UNIVERSAL', NULL, NULL, NULL, 0, 0),
(23199, 'GoblinsQuest3', 'ScummVM', 'UNIVERSAL', NULL, NULL, NULL, 0, 0),
(23200, 'GoblinsQuest3Floppy', 'ScummVM', 'UNIVERSAL', NULL, NULL, NULL, 0, 0),
(23201, 'KingsQuest', 'ScummVM', 'UNIVERSAL', NULL, NULL, NULL, 0, 0),
(23202, 'KingsQuest2', 'ScummVM', 'UNIVERSAL', NULL, NULL, NULL, 0, 0),
(23203, 'KingsQuest3', 'ScummVM', 'UNIVERSAL', NULL, NULL, NULL, 0, 0),
(23204, 'KingsQuest4', 'ScummVM', 'UNIVERSAL', NULL, NULL, NULL, 0, 0),
(23205, 'KingsQuest5', 'ScummVM', 'UNIVERSAL', NULL, NULL, NULL, 0, 0),
(23206, 'KingsQuest6', 'ScummVM', 'UNIVERSAL', NULL, NULL, NULL, 0, 0),
(23207, 'LureOfTheTemptress', 'ScummVM', 'UNIVERSAL', NULL, NULL, NULL, 0, 0),
(23208, 'ReturnToZork', 'ScummVM', 'UNIVERSAL', NULL, NULL, NULL, 0, 0),
(23209, 'SamAndMaxHitTheRoad', 'ScummVM', 'UNIVERSAL', NULL, NULL, NULL, 0, 0),
(23210, 'SimonTheSorcerer', 'ScummVM', 'UNIVERSAL', NULL, NULL, NULL, 0, 0),
(23211, 'SimonTheSorcerer2', 'ScummVM', 'UNIVERSAL', NULL, NULL, NULL, 0, 0),
(23212, 'SpaceQuest', 'ScummVM', 'UNIVERSAL', NULL, NULL, NULL, 0, 0),
(23213, 'SpaceQuest2', 'ScummVM', 'UNIVERSAL', NULL, NULL, NULL, 0, 0),
(23214, 'SpaceQuest3', 'ScummVM', 'UNIVERSAL', NULL, NULL, NULL, 0, 0),
(23215, 'SpaceQuest4', 'ScummVM', 'UNIVERSAL', NULL, NULL, NULL, 0, 0),
(23216, 'SpaceQuest5', 'ScummVM', 'UNIVERSAL', NULL, NULL, NULL, 0, 0),
(23217, 'BraveStoryNewTraveler', 'PSP', 'USA', NULL, NULL, NULL, 0, 0),
(23218, 'CrisisCoreFinalFantasy7', 'PSP', 'USA', NULL, NULL, NULL, 0, 0),
(23219, 'Daxter', 'PSP', 'USA', NULL, NULL, NULL, 0, 0),
(23220, 'DissidiaFinalFantasy', 'PSP', 'USA', NULL, NULL, NULL, 0, 0),
(23221, 'Echochrome', 'PSP', 'USA', NULL, NULL, NULL, 0, 0),
(23222, 'FinalFantasy', 'PSP', 'USA', NULL, NULL, NULL, 0, 0),
(23223, 'FinalFantasy2', 'PSP', 'USA', NULL, NULL, NULL, 0, 0),
(23224, 'FinalFantasyTacticsWarOfTheLions', 'PSP', 'USA', NULL, NULL, NULL, 0, 0),
(23225, 'GodOfWarChainsOfOlympus', 'PSP', 'USA', NULL, NULL, NULL, 0, 0),
(23226, 'GrandTheftAutoChinatownWars', 'PSP', 'EUR', NULL, NULL, NULL, 0, 0),
(23227, 'GrandTheftAutoLibertyCityStories', 'PSP', 'EUR', NULL, NULL, NULL, 0, 0),
(23228, 'GrandTheftAutoViceCityStories', 'PSP', 'USA', NULL, NULL, NULL, 0, 0),
(23229, 'JeanneDArc', 'PSP', 'USA', NULL, NULL, NULL, 0, 0),
(23230, 'Lumines', 'PSP', 'EUR', NULL, NULL, NULL, 0, 0),
(23231, 'MetalGearAcid', 'PSP', 'USA', NULL, NULL, NULL, 0, 0),
(23232, 'MetalGearAcid', 'PSP', 'EUR', NULL, NULL, NULL, 0, 0),
(23233, 'MetalGearAcid2', 'PSP', 'EUR', NULL, NULL, NULL, 0, 0),
(23234, 'MetalGearSolidPortableOps', 'PSP', 'USA', NULL, NULL, NULL, 0, 0),
(23235, 'NoGravity', 'PSP', 'USA', NULL, NULL, NULL, 0, 0),
(23236, 'Patapon', 'PSP', 'USA', NULL, NULL, NULL, 0, 0),
(23237, 'RatchetClankSizeMatters', 'PSP', 'USA', NULL, NULL, NULL, 0, 0),
(23238, 'SilentHill0rigins', 'PSP', 'USA', NULL, NULL, NULL, 0, 0),
(23239, 'StarOceanFirstDeparture', 'PSP', 'USA', NULL, NULL, NULL, 0, 0),
(23240, 'SuperStardustPortable', 'PSP', 'USA', NULL, NULL, NULL, 0, 0),
(23241, 'TombRaiderLegend', 'PSP', 'EUR', NULL, NULL, NULL, 0, 0),
(23242, 'WipeoutPure', 'PSP', 'EUR', NULL, NULL, NULL, 0, 0),
(23243, 'AssassinsCreed', 'PS3', 'USA', NULL, NULL, NULL, 0, 0),
(23244, 'AssassinsCreedBrotherhood', 'PS3', 'EUR', NULL, NULL, NULL, 0, 0),
(23245, 'AssassinsCreedRevelations', 'PS3', 'EUR', NULL, NULL, NULL, 0, 0),
(23246, 'BattlefieldBadcompany', 'PS3', 'USA', NULL, NULL, NULL, 0, 0),
(23247, 'BeyondGoodAndEvil', 'PS3', 'USA', NULL, NULL, NULL, 0, 0),
(23248, 'BladeKitten', 'PS3', 'USA', NULL, NULL, NULL, 0, 0),
(23249, 'BrutalLegend', 'PS3', 'USA', NULL, NULL, NULL, 0, 0),
(23250, 'Catan', 'PS3', 'USA', NULL, NULL, NULL, 0, 0),
(23251, 'CivilizationRevolution', 'PS3', 'USA', NULL, NULL, NULL, 0, 0),
(23252, 'Darkness', 'PS3', 'USA', NULL, NULL, NULL, 0, 0),
(23253, 'DeadNation', 'PS3', 'USA', NULL, NULL, NULL, 0, 0),
(23254, 'DeadSpace', 'PS3', 'USA', NULL, NULL, NULL, 0, 0),
(23255, 'DevilMayCry4', 'PS3', 'USA', NULL, NULL, NULL, 0, 0),
(23256, 'Echochrome', 'PS3', 'USA', NULL, NULL, NULL, 0, 0),
(23257, 'ElderScrolls4Oblivion', 'PS3', 'USA', NULL, NULL, NULL, 0, 0),
(23258, 'Elefunk', 'PS3', 'USA', NULL, NULL, NULL, 0, 0),
(23259, 'EternalSonata', 'PS3', 'USA', NULL, NULL, NULL, 0, 0),
(23260, 'FinalFantasy13', 'PS3', 'USA', NULL, NULL, NULL, 0, 0),
(23261, 'FinalFantasy13-2', 'PS3', 'EUR', NULL, NULL, NULL, 0, 0),
(23262, 'Flow', 'PS3', 'USA', NULL, NULL, NULL, 0, 0),
(23263, 'Flower', 'PS3', 'USA', NULL, NULL, NULL, 0, 0),
(23264, 'Flower', 'PS3', 'EUR', NULL, NULL, NULL, 0, 0),
(23265, 'Folklore', 'PS3', 'USA', NULL, NULL, NULL, 0, 0),
(23266, 'HeavenlySword', 'PS3', 'USA', NULL, NULL, NULL, 0, 0),
(23267, 'Ico', 'PS3', 'USA', NULL, NULL, NULL, 0, 0),
(23268, 'inFamous', 'PS3', 'USA', NULL, NULL, NULL, 0, 0),
(23269, 'InFamous', 'PS3', 'EUR', NULL, NULL, NULL, 0, 0),
(23270, 'Jak2', 'PS3', 'USA', NULL, NULL, NULL, 0, 0),
(23271, 'Jak3', 'PS3', 'USA', NULL, NULL, NULL, 0, 0),
(23272, 'JakAndDaxterPrecursorLegacy', 'PS3', 'USA', NULL, NULL, NULL, 0, 0),
(23273, 'Jeopardy', 'PS3', 'USA', NULL, NULL, NULL, 0, 0),
(23274, 'Journey', 'PS3', 'USA', NULL, NULL, NULL, 0, 0),
(23275, 'Lemmings', 'PS3', 'USA', NULL, NULL, NULL, 0, 0),
(23276, 'LuminesSupernova', 'PS3', 'USA', NULL, NULL, NULL, 0, 0),
(23277, 'MassEffect2', 'PS3', 'USA', NULL, NULL, NULL, 0, 0),
(23278, 'MirrorsEdge', 'PS3', 'USA', NULL, NULL, NULL, 0, 0),
(23279, 'MortalKombatArcadeKollection', 'PS3', 'USA', NULL, NULL, NULL, 0, 0),
(23280, 'Peggle', 'PS3', 'USA', NULL, 'Includes the Peggle Nights PS3 addon', NULL, 0, 0),
(23281, 'PrinceOfPersia2008', 'PS3', 'USA', NULL, NULL, NULL, 0, 0),
(23282, 'PrinceOfPersiaForgottenSands', 'PS3', 'USA', NULL, NULL, NULL, 0, 0),
(23283, 'PrinceOfPersiaSandsOfTime', 'PS3', 'USA', NULL, NULL, NULL, 0, 0),
(23284, 'PrinceOfPersiaTwoThrones', 'PS3', 'USA', NULL, NULL, NULL, 0, 0),
(23285, 'PrinceOfPersiaWarriorWithin', 'PS3', 'USA', NULL, NULL, NULL, 0, 0),
(23286, 'RagDollKungFuFistsOfPlastic', 'PS3', 'USA', NULL, NULL, NULL, 0, 0),
(23287, 'RatchetClankFutureQuestForBooty', 'PS3', 'USA', NULL, NULL, NULL, 0, 0),
(23288, 'RatchetClankFutureToolsOfDestruction', 'PS3', 'USA', NULL, NULL, NULL, 0, 0),
(23289, 'RedFactionGuerrilla', 'PS3', 'USA', NULL, NULL, NULL, 0, 0),
(23290, 'ResidentEvil5', 'PS3', 'USA', NULL, NULL, NULL, 0, 0),
(23291, 'Resistance2', 'PS3', 'USA', NULL, NULL, NULL, 0, 0),
(23292, 'ResistanceFallOfMan', 'PS3', 'USA', NULL, NULL, NULL, 0, 0),
(23293, 'SavageMoon', 'PS3', 'USA', NULL, NULL, NULL, 0, 0),
(23294, 'ShadowOfTheColossus', 'PS3', 'USA', NULL, NULL, NULL, 0, 0),
(23295, 'Shatter', 'PS3', 'USA', NULL, NULL, NULL, 0, 0),
(23296, 'SilentHill2GreatestHits', 'PS3', 'USA', NULL, NULL, NULL, 0, 0),
(23297, 'SilentHill3', 'PS3', 'USA', NULL, NULL, NULL, 0, 0),
(23298, 'SilentHillHomecoming', 'PS3', 'USA', NULL, NULL, NULL, 0, 0),
(23299, 'SoulCalibur4', 'PS3', 'USA', NULL, NULL, NULL, 0, 0),
(23300, 'SuperStardustHD', 'PS3', 'USA', NULL, NULL, NULL, 0, 0),
(23301, 'TombRaiderAnniversary', 'PS3', 'USA', NULL, NULL, NULL, 0, 0),
(23302, 'TombRaiderLegend', 'PS3', 'USA', NULL, NULL, NULL, 0, 0),
(23303, 'TombRaiderUnderworld', 'PS3', 'USA', NULL, NULL, NULL, 0, 0),
(23304, 'UltimateAlliance', 'PS3', 'USA', NULL, NULL, NULL, 0, 0),
(23305, 'UnchartedDrakesFortune', 'PS3', 'USA', NULL, NULL, NULL, 0, 0),
(23306, 'UnchartedDrakesFortune', 'PS3', 'EUR', NULL, NULL, NULL, 0, 0),
(23307, 'UnrealTournament3', 'PS3', 'USA', NULL, NULL, NULL, 0, 0),
(23308, 'ValkyriaChronicles', 'PS3', 'USA', NULL, NULL, NULL, 0, 0),
(23309, 'ValkyriaChronicles', 'PS3', 'EUR', NULL, NULL, NULL, 0, 0),
(23310, 'Wet', 'PS3', 'USA', NULL, NULL, NULL, 0, 0),
(23311, 'WheelOfFortune', 'PS3', 'USA', NULL, NULL, NULL, 0, 0),
(23312, 'Wolfenstein3D', 'PS3', 'USA', NULL, NULL, NULL, 0, 0),
(23313, 'AlterEcho', 'PS2', 'USA', NULL, NULL, NULL, 0, 0),
(23314, 'BeyondGoodAndEvil', 'PS2', 'USA', NULL, NULL, NULL, 0, 0),
(23315, 'Bouncer', 'PS2', 'USA', NULL, NULL, NULL, 0, 0),
(23316, 'DarkCloud', 'PS2', 'USA', NULL, NULL, NULL, 0, 0),
(23317, 'DarkCloud2', 'PS2', 'USA', NULL, NULL, NULL, 0, 0),
(23318, 'DeusEx', 'PS2', 'USA', 'Deus Ex: The Conspiracy', NULL, NULL, 0, 0),
(23319, 'DevilMayCry', 'PS2', 'USA', NULL, NULL, NULL, 0, 0),
(23320, 'DevilMayCry2', 'PS2', 'USA', NULL, NULL, NULL, 0, 0),
(23321, 'DevilMayCry3DantesAwakeningSpecialEdition', 'PS2', 'USA', NULL, NULL, NULL, 0, 0),
(23322, 'DirgeOfCerberusFinalFantasy7', 'PS2', 'USA', NULL, NULL, NULL, 0, 0),
(23323, 'Disgaea2CursedMemories', 'PS2', 'USA', NULL, NULL, NULL, 0, 0),
(23324, 'DisgaeaHourOfDarkness', 'PS2', 'USA', NULL, NULL, NULL, 0, 0),
(23325, 'DragonQuest8JourneyOfTheCursedKing', 'PS2', 'USA', NULL, NULL, NULL, 0, 0),
(23326, 'EscapeFromMonkeyIsland', 'PS2', 'USA', NULL, NULL, NULL, 0, 0),
(23327, 'FinalFantasy10', 'PS2', 'USA', NULL, NULL, NULL, 0, 0),
(23328, 'FinalFantasy10-2', 'PS2', 'USA', NULL, NULL, NULL, 0, 0),
(23329, 'FinalFantasy12', 'PS2', 'USA', NULL, NULL, NULL, 0, 0),
(23330, 'Frequency', 'PS2', 'USA', NULL, NULL, NULL, 0, 0),
(23331, 'GodOfWar', 'PS2', 'USA', NULL, NULL, NULL, 0, 0),
(23332, 'GodOfWar2', 'PS2', 'USA', NULL, NULL, NULL, 0, 0),
(23333, 'HalfLife', 'PS2', 'USA', NULL, NULL, NULL, 0, 0),
(23334, 'Ico', 'PS2', 'USA', NULL, NULL, NULL, 0, 0),
(23335, 'IndigoProphecy', 'PS2', 'USA', NULL, NULL, NULL, 0, 0),
(23336, 'Jak2', 'PS2', 'USA', NULL, NULL, NULL, 0, 0),
(23337, 'Jak3', 'PS2', 'USA', NULL, NULL, NULL, 0, 0),
(23338, 'JakAndDaxterPrecursorLegacy', 'PS2', 'USA', NULL, NULL, NULL, 0, 0),
(23339, 'JakXCombatRacing', 'PS2', 'USA', NULL, NULL, NULL, 0, 0),
(23340, 'Killer7', 'PS2', 'USA', NULL, NULL, NULL, 0, 0),
(23341, 'KingdomHearts', 'PS2', 'USA', NULL, NULL, NULL, 0, 0),
(23342, 'KingdomHearts2', 'PS2', 'USA', NULL, NULL, NULL, 0, 0),
(23343, 'KingdomHeartsReChainOfMemories', 'PS2', 'USA', NULL, NULL, NULL, 0, 0),
(23344, 'MetalGearSolid2Substance', 'PS2', 'USA', NULL, NULL, NULL, 0, 0),
(23345, 'MetalGearSolid3Subsistence', 'PS2', 'USA', NULL, NULL, NULL, 0, 0),
(23346, 'OkageShadowKing', 'PS2', 'USA', NULL, NULL, NULL, 0, 0),
(23347, 'Okami', 'PS2', 'USA', NULL, NULL, NULL, 0, 0),
(23348, 'PrinceOfPersiaSandsOfTime', 'PS2', 'USA', NULL, NULL, NULL, 0, 0),
(23349, 'PrinceOfPersiaTwoThrones', 'PS2', 'USA', NULL, NULL, NULL, 0, 0),
(23350, 'PrinceOfPersiaWarriorWithin', 'PS2', 'USA', NULL, NULL, NULL, 0, 0),
(23351, 'Psychonauts', 'PS2', 'USA', NULL, NULL, NULL, 0, 0),
(23352, 'RatchetClank', 'PS2', 'USA', NULL, NULL, NULL, 0, 0),
(23353, 'RatchetClankGoingCommando', 'PS2', 'USA', NULL, NULL, NULL, 0, 0),
(23354, 'RatchetClankUpYourArsenal', 'PS2', 'USA', NULL, NULL, NULL, 0, 0),
(23355, 'RatchetDeadlocked', 'PS2', 'USA', NULL, NULL, NULL, 0, 0),
(23356, 'ResidentEvil4', 'PS2', 'USA', NULL, NULL, NULL, 0, 0),
(23357, 'ResidentEvilCodeVeronicaX', 'PS2', 'USA', NULL, NULL, NULL, 0, 0),
(23358, 'RogueGalaxy', 'PS2', 'USA', NULL, NULL, NULL, 0, 0),
(23359, 'RuleOfRose', 'PS2', 'USA', NULL, NULL, NULL, 0, 0),
(23360, 'ShadowOfTheColossus', 'PS2', 'USA', NULL, NULL, NULL, 0, 0),
(23361, 'SilentHill2GreatestHits', 'PS2', 'USA', 'Silent Hill 2: Greatest Hits Edition', NULL, NULL, 0, 0),
(23362, 'SilentHill3', 'PS2', 'USA', NULL, NULL, NULL, 0, 0),
(23363, 'SilentHill4Room', 'PS2', 'USA', NULL, NULL, NULL, 0, 0),
(23364, 'SilentHillShatteredMemories', 'PS2', 'USA', NULL, NULL, NULL, 0, 0),
(23365, 'SlyCooperAndtheThievusRaccoonus', 'PS2', 'USA', NULL, NULL, NULL, 0, 0),
(23366, 'SoulCalibur3', 'PS2', 'USA', NULL, NULL, NULL, 0, 0),
(23367, 'StarOceanTillTheEndOfTime', 'PS2', 'USA', NULL, NULL, NULL, 0, 0),
(23368, 'Summoner', 'PS2', 'USA', NULL, NULL, NULL, 0, 0),
(23369, 'Summoner2', 'PS2', 'USA', NULL, NULL, NULL, 0, 0),
(23370, 'Tekken5', 'PS2', 'USA', NULL, NULL, NULL, 0, 0),
(23371, 'UnrealTournament', 'PS2', 'USA', NULL, NULL, NULL, 0, 0),
(23372, 'Xenosaga', 'PS2', 'USA', NULL, NULL, NULL, 0, 0),
(23373, 'Xenosaga2', 'PS2', 'USA', NULL, NULL, NULL, 0, 0),
(23374, 'Xenosaga3', 'PS2', 'USA', NULL, NULL, NULL, 0, 0),
(23375, 'XFilesResistOrServe', 'PS2', 'USA', NULL, NULL, NULL, 0, 0),
(23376, 'XIII', 'PS2', 'USA', NULL, NULL, NULL, 0, 0),
(23377, 'XMenLegends', 'PS2', 'USA', NULL, NULL, NULL, 0, 0),
(23378, 'XMenLegends2', 'PS2', 'USA', NULL, NULL, NULL, 0, 0),
(23379, 'ChronoCross', 'PS1', 'USA', NULL, NULL, NULL, 0, 0),
(23380, 'ChronoTrigger', 'PS1', 'USA', NULL, NULL, NULL, 0, 0),
(23381, 'Descent', 'PS1', 'USA', NULL, NULL, NULL, 0, 0),
(23382, 'DescentMaximum', 'PS1', 'USA', NULL, NULL, NULL, 0, 0),
(23383, 'FearEffect', 'PS1', 'USA', NULL, NULL, NULL, 0, 0),
(23384, 'FearEffect2', 'PS1', 'USA', NULL, NULL, NULL, 0, 0),
(23385, 'FinalFantasy4', 'PS1', 'USA', NULL, NULL, NULL, 0, 0),
(23386, 'FinalFantasy7', 'PS1', 'USA', NULL, NULL, NULL, 0, 0),
(23387, 'FinalFantasy8', 'PS1', 'USA', NULL, NULL, NULL, 0, 0),
(23388, 'FinalFantasy9', 'PS1', 'USA', NULL, NULL, NULL, 0, 0),
(23389, 'FinalFantasyTactics', 'PS1', 'USA', NULL, NULL, NULL, 0, 0),
(23390, 'MetalGearSolid', 'PS1', 'USA', NULL, NULL, NULL, 0, 0),
(23391, 'MetalGearSolidVRMissions', 'PS1', 'USA', NULL, NULL, NULL, 0, 0),
(23392, 'ParasiteEve', 'PS1', 'USA', NULL, NULL, NULL, 0, 0),
(23393, 'ParasiteEve2', 'PS1', 'USA', NULL, NULL, NULL, 0, 0),
(23394, 'SilentHill', 'PS1', 'USA', NULL, NULL, NULL, 0, 0),
(23395, 'SoulBlade', 'PS1', 'USA', NULL, NULL, NULL, 0, 0),
(23396, 'Altitude', 'Multiple', 'UNIVERSAL', NULL, NULL, NULL, 0, 0),
(23397, 'BattleForWesnoth', 'Multiple', 'UNIVERSAL', NULL, NULL, NULL, 0, 0),
(23398, 'DontTakeItPersonallyBabeItJustAintYourStory', 'Multiple', 'UNIVERSAL', NULL, NULL, NULL, 0, 0),
(23399, 'fs2_open', 'Multiple', 'UNIVERSAL', NULL, 'Doesn''t have a default install folder, so might require an Alt. Install Path.', NULL, 0, 0),
(23400, 'UrQuanMasters', 'Multiple', 'UNIVERSAL', NULL, NULL, NULL, 0, 0),
(23401, 'CodenameGordon', 'Flash', 'UNIVERSAL', NULL, NULL, NULL, 0, 0),
(23402, 'LoneSurvivor', 'Flash', 'UNIVERSAL', NULL, NULL, NULL, 0, 0),
(23403, 'Machinarium', 'Flash', 'UNIVERSAL', NULL, NULL, NULL, 0, 0),
(23404, 'VVVVVV', 'Flash', 'UNIVERSAL', NULL, NULL, NULL, 0, 0),
(23405, 'AloneInTheDark', 'DOS', 'UNIVERSAL', NULL, NULL, NULL, 0, 0),
(23406, 'AloneInTheDark2', 'DOS', 'UNIVERSAL', NULL, NULL, NULL, 0, 0),
(23407, 'AloneInTheDark3', 'DOS', 'UNIVERSAL', NULL, NULL, NULL, 0, 0),
(23408, 'BeyondZork', 'DOS', 'UNIVERSAL', NULL, NULL, NULL, 0, 0),
(23409, 'Colonization', 'DOS', 'UNIVERSAL', NULL, 'Will probably require an Alternate Install Path', NULL, 0, 0),
(23410, 'CrystalsOfArborea', 'DOS', 'UNIVERSAL', NULL, NULL, NULL, 0, 0),
(23411, 'Descent', 'DOS', 'UNIVERSAL', NULL, NULL, NULL, 0, 0),
(23412, 'Deus', 'DOS', 'UNIVERSAL', NULL, NULL, NULL, 0, 0),
(23413, 'Dragonsphere', 'DOS', 'UNIVERSAL', NULL, NULL, NULL, 0, 0),
(23414, 'ElderScrolls2Daggerfall', 'DOS', 'UNIVERSAL', NULL, NULL, NULL, 0, 0),
(23415, 'FullThrottle', 'DOS', 'UNIVERSAL', NULL, NULL, NULL, 0, 0),
(23416, 'Ishar', 'DOS', 'UNIVERSAL', NULL, NULL, NULL, 0, 0),
(23417, 'Ishar2', 'DOS', 'UNIVERSAL', NULL, NULL, NULL, 0, 0),
(23418, 'Ishar3', 'DOS', 'UNIVERSAL', NULL, NULL, NULL, 0, 0),
(23419, 'JackInTheDark', 'DOS', 'UNIVERSAL', NULL, NULL, NULL, 0, 0),
(23420, 'KingsQuest', 'DOS', 'UNIVERSAL', NULL, NULL, NULL, 0, 0),
(23421, 'KingsQuest2', 'DOS', 'UNIVERSAL', NULL, NULL, NULL, 0, 0),
(23422, 'KingsQuest3', 'DOS', 'UNIVERSAL', NULL, NULL, NULL, 0, 0),
(23423, 'KingsQuest4', 'DOS', 'UNIVERSAL', NULL, NULL, NULL, 0, 0),
(23424, 'KingsQuest5', 'DOS', 'UNIVERSAL', NULL, NULL, NULL, 0, 0),
(23425, 'KingsQuest6', 'DOS', 'UNIVERSAL', NULL, NULL, NULL, 0, 0),
(23426, 'KingsQuest7', 'DOS', 'UNIVERSAL', NULL, NULL, NULL, 0, 0),
(23427, 'LastExpress', 'DOS', 'UNIVERSAL', NULL, NULL, NULL, 0, 0),
(23428, 'LittleBigAdventure', 'DOS', 'UNIVERSAL', NULL, NULL, NULL, 0, 0),
(23429, 'LittleBigAdventure2', 'DOS', 'UNIVERSAL', NULL, NULL, NULL, 0, 0),
(23430, 'MartianMemorandum', 'DOS', 'UNIVERSAL', NULL, NULL, NULL, 0, 0),
(23431, 'MasterOfMagic', 'DOS', 'UNIVERSAL', NULL, NULL, NULL, 0, 0),
(23432, 'MasterOfOrion', 'DOS', 'UNIVERSAL', NULL, NULL, NULL, 0, 0),
(23433, 'MeanStreets', 'DOS', 'UNIVERSAL', NULL, NULL, NULL, 0, 0),
(23434, 'Megarace', 'DOS', 'UNIVERSAL', NULL, NULL, NULL, 0, 0),
(23435, 'Megarace2', 'DOS', 'UNIVERSAL', NULL, NULL, NULL, 0, 0),
(23436, 'Normality', 'DOS', 'UNIVERSAL', NULL, NULL, NULL, 0, 0),
(23437, 'OneUnitWholeBlood', 'DOS', 'UNIVERSAL', NULL, NULL, NULL, 0, 0),
(23438, 'PandoraDirective', 'DOS', 'UNIVERSAL', NULL, NULL, NULL, 0, 0),
(23439, 'Phantasmagoria', 'DOS', 'UNIVERSAL', NULL, NULL, NULL, 0, 0),
(23440, 'Phantasmagoria2APuzzleOfFlesh', 'DOS', 'UNIVERSAL', NULL, NULL, NULL, 0, 0),
(23441, 'Planetfall', 'DOS', 'UNIVERSAL', NULL, NULL, NULL, 0, 0),
(23442, 'RaymanByHisFans', 'DOS', 'UNIVERSAL', NULL, NULL, NULL, 0, 0),
(23443, 'RaymanForever', 'DOS', 'UNIVERSAL', NULL, NULL, NULL, 0, 0),
(23444, 'RealmsOfTheHaunting', 'DOS', 'UNIVERSAL', NULL, NULL, NULL, 0, 0),
(23445, 'RedneckRampage', 'DOS', 'UNIVERSAL', NULL, NULL, NULL, 0, 0),
(23446, 'ReturnToZork', 'DOS', 'UNIVERSAL', NULL, NULL, NULL, 0, 0),
(23447, 'RobinsonsRequiem', 'DOS', 'UNIVERSAL', NULL, NULL, NULL, 0, 0),
(23448, 'SamAndMaxHitTheRoad', 'DOS', 'UNIVERSAL', NULL, NULL, NULL, 0, 0),
(23449, 'ShatteredSteel', 'DOS', 'UNIVERSAL', NULL, NULL, NULL, 0, 0),
(23450, 'SpaceQuest', 'DOS', 'UNIVERSAL', NULL, NULL, NULL, 0, 0),
(23451, 'SpaceQuest2', 'DOS', 'UNIVERSAL', NULL, NULL, NULL, 0, 0),
(23452, 'SpaceQuest3', 'DOS', 'UNIVERSAL', NULL, NULL, NULL, 0, 0),
(23453, 'SpaceQuest4', 'DOS', 'UNIVERSAL', NULL, NULL, NULL, 0, 0),
(23454, 'SpaceQuest5', 'DOS', 'UNIVERSAL', NULL, NULL, NULL, 0, 0),
(23455, 'SpaceQuest6', 'DOS', 'UNIVERSAL', NULL, NULL, NULL, 0, 0),
(23456, 'StarControl', 'DOS', 'UNIVERSAL', NULL, NULL, NULL, 0, 0),
(23457, 'StarControl2', 'DOS', 'UNIVERSAL', NULL, NULL, NULL, 0, 0),
(23458, 'StarControl3', 'DOS', 'UNIVERSAL', NULL, NULL, NULL, 0, 0),
(23459, 'Starflight', 'DOS', 'UNIVERSAL', NULL, NULL, NULL, 0, 0),
(23460, 'Starflight2', 'DOS', 'UNIVERSAL', NULL, NULL, NULL, 0, 0),
(23461, 'StarWarsDarkForces', 'DOS', 'UNIVERSAL', NULL, NULL, NULL, 0, 0),
(23462, 'TombRaider', 'DOS', 'UNIVERSAL', NULL, NULL, NULL, 0, 0),
(23463, 'Tyrian2000', 'DOS', 'UNIVERSAL', NULL, NULL, NULL, 0, 0),
(23464, 'UnderAKillingMoon', 'DOS', 'UNIVERSAL', NULL, NULL, NULL, 0, 0),
(23465, 'WingCommander', 'DOS', 'UNIVERSAL', NULL, NULL, NULL, 0, 0),
(23466, 'WingCommander2', 'DOS', 'UNIVERSAL', NULL, NULL, NULL, 0, 0),
(23467, 'WingCommander3', 'DOS', 'UNIVERSAL', NULL, NULL, NULL, 0, 0),
(23468, 'WingCommanderPrivateer', 'DOS', 'UNIVERSAL', NULL, NULL, NULL, 0, 0),
(23469, 'Zork0', 'DOS', 'UNIVERSAL', NULL, NULL, NULL, 0, 0),
(23470, 'Zork1', 'DOS', 'UNIVERSAL', NULL, NULL, NULL, 0, 0),
(23471, 'Zork2', 'DOS', 'UNIVERSAL', NULL, NULL, NULL, 0, 0),
(23472, 'Zork3', 'DOS', 'UNIVERSAL', NULL, NULL, NULL, 0, 0),
(23473, 'ZorkNemesisTheForbiddenLands', 'DOS', 'UNIVERSAL', NULL, NULL, NULL, 0, 0),
(23474, 'RedneckRampageRidesAgain', 'DOS', 'UNIVERSAL', NULL, NULL, NULL, 0, 0),
(23475, 'TombRaiderUnfinishedBusiness', 'DOS', 'UNIVERSAL', NULL, NULL, NULL, 0, 0),
(23476, 'GalaxyOnFire2', 'Android', 'UNIVERSAL', NULL, NULL, NULL, 0, 0),
(23477, 'GrandTheftAuto3', 'Android', 'UNIVERSAL', NULL, NULL, NULL, 0, 0),
(23478, 'Minecraft', 'Android', 'UNIVERSAL', NULL, NULL, NULL, 0, 0),
(23479, 'Shadowgun', 'Android', 'UNIVERSAL', NULL, NULL, NULL, 0, 0),
(23480, 'ShadowgunTheLeftover', 'Android', 'UNIVERSAL', NULL, NULL, NULL, 0, 0),
(23481, 'Blackwell1LegacyRemastered', 'Windows', 'UNIVERSAL', NULL, NULL, NULL, 0, 0),
(23482, 'Blackwell2UnboundRemastered', 'Windows', 'UNIVERSAL', NULL, NULL, NULL, 0, 0),
(23483, 'Blackwell3ConvergenceRemastered', 'Windows', 'UNIVERSAL', NULL, NULL, NULL, 0, 0);

-- --------------------------------------------------------

--
-- Table structure for table `xml_exporters`
--

CREATE TABLE IF NOT EXISTS `xml_exporters` (
  `name` varchar(50) NOT NULL,
  `class` varchar(50) NOT NULL,
  `title` mediumtext NOT NULL,
  PRIMARY KEY (`name`)
) ENGINE=InnoDB DEFAULT CHARSET=utf8;

--
-- Dumping data for table `xml_exporters`
--

INSERT INTO `xml_exporters` (`name`, `class`, `title`) VALUES
('GameSaveInfo-2.0', 'GameSaveInfo20', 'GameSave.Info 2.0 Format (Under Development)'),
('MASGAU-1.1', 'MASGAU11', 'MASGAU 1.1 Format');

-- --------------------------------------------------------

--
-- Table structure for table `xml_export_files`
--

CREATE TABLE IF NOT EXISTS `xml_export_files` (
  `exporter` varchar(50) NOT NULL,
  `file` varchar(50) NOT NULL,
  `game_criteria` longtext,
  `version_criteria` longtext,
  `comment` longtext NOT NULL,
  PRIMARY KEY (`exporter`,`file`)
) ENGINE=InnoDB DEFAULT CHARSET=utf8;

--
-- Dumping data for table `xml_export_files`
--

INSERT INTO `xml_export_files` (`exporter`, `file`, `game_criteria`, `version_criteria`, `comment`) VALUES
('GameSaveInfo-2.0', 'deprecated.xml', 'deprecated = 1', NULL, 'This file contains game data that was originally mislabeled, or for some other reason incorrect to the point that backup support had to be removed. The main purpose of these is to allow deprecated games to be able to still restore.'),
('GameSaveInfo-2.0', 'games.xml', 'type NOT IN (''System'',''Mod'') AND deprecated = 0', NULL, 'This file contains games, mods and expansions'),
('GameSaveInfo-2.0', 'system.xml', 'type IN (''System'') AND deprecated  = 0', NULL, 'Contains profiles for backing up system-related files'),
('MASGAU-1.1', 'deprecated.xml', 'deprecated = 1', NULL, 'This file contains game data that was originally mislabeled, or for some other reason incorrect to the point that backup support had to be removed. The main purpose of these is to allow deprecated games to be able to still restore.'),
('MASGAU-1.1', 'dos.xml', 'type NOT IN (''System'',''Mod'') AND deprecated = 0', 'platform = ''DOS''', 'This file contains games that are for the DOS platform. Most of these make use of DOSBOX for their installs.'),
('MASGAU-1.1', 'flash.xml', 'type NOT IN (''System'',''Mod'') AND deprecated = 0', 'platform = ''Flash''', 'This file contains games that are based on Flash'),
('MASGAU-1.1', 'games.xml', 'type NOT IN (''System'',''Mod'') AND deprecated = 0', 'platform = ''UNIVERSAL''', 'This file contains games that have saves that are compatible with more than one platform'),
('MASGAU-1.1', 'mods.xml', 'type = ''Mod'' AND deprecated = 0', NULL, 'This file contains mods for other games, which have all been moved to their respective platform xmls'),
('MASGAU-1.1', 'ps1.xml', 'type NOT IN (''System'',''Mod'') AND deprecated = 0', 'platform = ''PS1''', 'This file contains PlayStation games'),
('MASGAU-1.1', 'ps2.xml', 'type NOT IN (''System'',''Mod'') AND deprecated = 0', 'platform = ''PS2''', 'This file contains PlayStation 2 games'),
('MASGAU-1.1', 'ps3.xml', 'type NOT IN (''System'',''Mod'') AND deprecated = 0', 'platform = ''PS3''', 'This file contains PlayStation 3 games'),
('MASGAU-1.1', 'psp.xml', 'type NOT IN (''System'',''Mod'') AND deprecated = 0', 'AND platform = ''PSP''', 'This file contains PSP (PlayStation Portable) games'),
('MASGAU-1.1', 'scummvm.xml', 'type NOT IN (''System'',''Mod'') AND deprecated = 0', 'platform = ''ScummVM''', 'This file contains games that are run through the ScummVM project'),
('MASGAU-1.1', 'steam.xml', 'type NOT IN (''System'',''Mod'') AND deprecated = 0', 'platform = ''Steam''', 'This file contains games whose saves are only compatible with Steam releases of the game'),
('MASGAU-1.1', 'system.xml', 'type IN (''System'') AND deprecated  = 0', NULL, 'Contains profiles for backing up system-related files'),
('MASGAU-1.1', 'windows.xml', 'type NOT IN (''System'',''Mod'') AND deprecated = 0', 'platform = ''Windows''', 'This file contains game for Microsoft Windows');

--
-- Constraints for dumped tables
--

--
-- Constraints for table `games`
--
ALTER TABLE `games`
  ADD CONSTRAINT `games_ibfk_1` FOREIGN KEY (`parent`) REFERENCES `games` (`name`) ON UPDATE CASCADE;

--
-- Constraints for table `game_contributions`
--
ALTER TABLE `game_contributions`
  ADD CONSTRAINT `game_contributions_ibfk_3` FOREIGN KEY (`game_version`) REFERENCES `game_versions` (`id`) ON DELETE CASCADE ON UPDATE CASCADE,
  ADD CONSTRAINT `game_contributions_ibfk_4` FOREIGN KEY (`contributor`) REFERENCES `game_contributors` (`name`) ON UPDATE CASCADE;

--
-- Constraints for table `game_files`
--
ALTER TABLE `game_files`
  ADD CONSTRAINT `game_files_ibfk_2` FOREIGN KEY (`parent`) REFERENCES `game_files` (`id`) ON DELETE CASCADE ON UPDATE CASCADE,
  ADD CONSTRAINT `game_files_ibfk_1` FOREIGN KEY (`type`) REFERENCES `game_file_types` (`id`) ON DELETE CASCADE ON UPDATE CASCADE;

--
-- Constraints for table `game_file_types`
--
ALTER TABLE `game_file_types`
  ADD CONSTRAINT `game_file_types_ibfk_1` FOREIGN KEY (`game_version`) REFERENCES `game_versions` (`id`) ON DELETE CASCADE ON UPDATE CASCADE;

--
-- Constraints for table `game_locations`
--
ALTER TABLE `game_locations`
  ADD CONSTRAINT `game_locations_ibfk_1` FOREIGN KEY (`game_version`) REFERENCES `game_versions` (`id`) ON DELETE CASCADE ON UPDATE CASCADE;

--
-- Constraints for table `game_location_parents`
--
ALTER TABLE `game_location_parents`
  ADD CONSTRAINT `game_location_parents_ibfk_9` FOREIGN KEY (`id`) REFERENCES `game_locations` (`id`) ON DELETE CASCADE ON UPDATE CASCADE;

--
-- Constraints for table `game_location_paths`
--
ALTER TABLE `game_location_paths`
  ADD CONSTRAINT `game_location_paths_ibfk_2` FOREIGN KEY (`id`) REFERENCES `game_locations` (`id`) ON DELETE CASCADE ON UPDATE CASCADE,
  ADD CONSTRAINT `game_location_paths_ibfk_3` FOREIGN KEY (`ev`) REFERENCES `game_environment_variables` (`name`) ON UPDATE CASCADE;

--
-- Constraints for table `game_location_registry_keys`
--
ALTER TABLE `game_location_registry_keys`
  ADD CONSTRAINT `game_location_registry_keys_ibfk_2` FOREIGN KEY (`id`) REFERENCES `game_locations` (`id`) ON DELETE CASCADE ON UPDATE CASCADE;

--
-- Constraints for table `game_location_scummvm`
--
ALTER TABLE `game_location_scummvm`
  ADD CONSTRAINT `game_location_scummvm_ibfk_1` FOREIGN KEY (`id`) REFERENCES `game_locations` (`id`) ON DELETE CASCADE ON UPDATE CASCADE;

--
-- Constraints for table `game_location_shortcuts`
--
ALTER TABLE `game_location_shortcuts`
  ADD CONSTRAINT `game_location_shortcuts_ibfk_2` FOREIGN KEY (`id`) REFERENCES `game_locations` (`id`) ON DELETE CASCADE ON UPDATE CASCADE,
  ADD CONSTRAINT `game_location_shortcuts_ibfk_3` FOREIGN KEY (`ev`) REFERENCES `game_environment_variables` (`name`) ON UPDATE CASCADE;

--
-- Constraints for table `game_playstation_codes`
--
ALTER TABLE `game_playstation_codes`
  ADD CONSTRAINT `game_playstation_codes_ibfk_1` FOREIGN KEY (`game_version`) REFERENCES `game_versions` (`id`) ON DELETE CASCADE ON UPDATE CASCADE;

--
-- Constraints for table `game_versions`
--
ALTER TABLE `game_versions`
  ADD CONSTRAINT `game_versions_ibfk_1` FOREIGN KEY (`name`) REFERENCES `games` (`name`) ON DELETE CASCADE ON UPDATE CASCADE,
  ADD CONSTRAINT `game_versions_ibfk_3` FOREIGN KEY (`platform`) REFERENCES `game_platforms` (`name`) ON UPDATE CASCADE;

--
-- Constraints for table `xml_export_files`
--
ALTER TABLE `xml_export_files`
  ADD CONSTRAINT `xml_export_files_ibfk_1` FOREIGN KEY (`exporter`) REFERENCES `xml_exporters` (`name`) ON UPDATE CASCADE;

/*!40101 SET CHARACTER_SET_CLIENT=@OLD_CHARACTER_SET_CLIENT */;
/*!40101 SET CHARACTER_SET_RESULTS=@OLD_CHARACTER_SET_RESULTS */;
/*!40101 SET COLLATION_CONNECTION=@OLD_COLLATION_CONNECTION */;
